{
    "annotations": {
        "label": {
            "category": 1
        },
        "polygon": [
            {
                "type": "POLYGON",
                "vertices": [
                    {
                        "x": 936.3260137456732,
                        "y": 778.2310952030838
                    },
                    {
                        "x": 935.3446686367862,
                        "y": 783.6232990734928
                    },
                    {
                        "x": 936.8167031460862,
                        "y": 788.0350915304122
                    },
                    {
                        "x": 937.3073925464994,
                        "y": 792.4468839873316
                    },
                    {
                        "x": 942.2141517828729,
                        "y": 790.486077990005
                    },
                    {
                        "x": 947.1208773273077,
                        "y": 792.4468839873316
                    },
                    {
                        "x": 948.5928781446687,
                        "y": 797.3488737361695
                    },
                    {
                        "x": 952.5182585802163,
                        "y": 808.1332478176824
                    },
                    {
                        "x": 956.9343621081161,
                        "y": 816.4666354396026
                    },
                    {
                        "x": 961.0873241771596,
                        "y": 827.2510095211153
                    },
                    {
                        "x": 964.5220152122943,
                        "y": 837.5452031403623
                    },
                    {
                        "x": 967.4660842308944,
                        "y": 842.9374070107714
                    },
                    {
                        "x": 970.4101532494941,
                        "y": 845.8785907622824
                    },
                    {
                        "x": 966.9753948304813,
                        "y": 852.2511723868761
                    },
                    {
                        "x": 968.9380850482551,
                        "y": 858.623770841122
                    },
                    {
                        "x": 969.9194638490811,
                        "y": 863.0355632980414
                    },
                    {
                        "x": 971.3914646664421,
                        "y": 867.9375530468793
                    },
                    {
                        "x": 976.0838471635343,
                        "y": 869.888656762777
                    },
                    {
                        "x": 982.6770176484895,
                        "y": 873.8199373795543
                    },
                    {
                        "x": 987.5837431929243,
                        "y": 866.4669443414712
                    },
                    {
                        "x": 991.0184342280592,
                        "y": 858.623770841122
                    },
                    {
                        "x": 994.9438820474847,
                        "y": 853.7217642626316
                    },
                    {
                        "x": 997.8878836822066,
                        "y": 848.3295772218751
                    },
                    {
                        "x": 1003.2852986270544,
                        "y": 846.3687880542011
                    },
                    {
                        "x": 1008.1920578634282,
                        "y": 844.8981793487928
                    },
                    {
                        "x": 1008.1920578634282,
                        "y": 835.094199851117
                    },
                    {
                        "x": 1011.1360931900889,
                        "y": 830.1922101022791
                    },
                    {
                        "x": 1013.5894728082759,
                        "y": 828.7216182265234
                    },
                    {
                        "x": 1020.9495779708975,
                        "y": 827.2510095211153
                    },
                    {
                        "x": 1024.3843363899105,
                        "y": 828.7216182265234
                    },
                    {
                        "x": 1025.365647806858,
                        "y": 835.5844139726881
                    },
                    {
                        "x": 1025.365647806858,
                        "y": 841.4667983053631
                    },
                    {
                        "x": 1026.346992915745,
                        "y": 849.3099718057122
                    },
                    {
                        "x": 1026.8377160080972,
                        "y": 858.1335567195509
                    },
                    {
                        "x": 1019.4776108454759,
                        "y": 856.6629648437954
                    },
                    {
                        "x": 1011.1360931900889,
                        "y": 855.1923897976924
                    },
                    {
                        "x": 1007.2107464464801,
                        "y": 856.6629648437954
                    },
                    {
                        "x": 1005.7386782452412,
                        "y": 864.5061551737972
                    },
                    {
                        "x": 1001.8132978096935,
                        "y": 867.9375530468793
                    },
                    {
                        "x": 997.8878836822066,
                        "y": 875.7807265472284
                    },
                    {
                        "x": 995.4345040640197,
                        "y": 880.1925190041477
                    },
                    {
                        "x": 1006.7200233541282,
                        "y": 878.2317298364736
                    },
                    {
                        "x": 1015.5521630260498,
                        "y": 875.2905292553097
                    },
                    {
                        "x": 1022.4216124801973,
                        "y": 867.4473557549609
                    },
                    {
                        "x": 1033.2164423698928,
                        "y": 860.5845600087962
                    },
                    {
                        "x": 1044.0113059515272,
                        "y": 854.2119783842027
                    },
                    {
                        "x": 1056.2781703505227,
                        "y": 851.2707778030389
                    },
                    {
                        "x": 1062.6569304042573,
                        "y": 851.7609750949574
                    },
                    {
                        "x": 1065.600965730918,
                        "y": 856.1727675518767
                    },
                    {
                        "x": 1066.0916214393922,
                        "y": 860.5845600087962
                    },
                    {
                        "x": 1063.1475861127312,
                        "y": 864.996369295368
                    },
                    {
                        "x": 1070.9983806757657,
                        "y": 865.9767470495526
                    },
                    {
                        "x": 1086.2092804014221,
                        "y": 861.0747573007146
                    },
                    {
                        "x": 1093.0787298555697,
                        "y": 858.1335567195509
                    },
                    {
                        "x": 1098.4761448004174,
                        "y": 859.1139681330405
                    },
                    {
                        "x": 1099.4574899093045,
                        "y": 861.0747573007146
                    },
                    {
                        "x": 1098.9668342008304,
                        "y": 865.4865497576341
                    },
                    {
                        "x": 1094.5507643648698,
                        "y": 871.8591482118801
                    },
                    {
                        "x": 1089.6440051284958,
                        "y": 874.8003487930439
                    },
                    {
                        "x": 1088.171970619196,
                        "y": 873.3297400876357
                    },
                    {
                        "x": 1073.9424160024266,
                        "y": 877.7415325445551
                    },
                    {
                        "x": 1063.1475861127312,
                        "y": 880.6827331257189
                    },
                    {
                        "x": 1057.2594817674706,
                        "y": 882.6435222933931
                    },
                    {
                        "x": 1052.3527562230358,
                        "y": 879.7023217122291
                    },
                    {
                        "x": 1042.5392714422273,
                        "y": 879.2121244203106
                    },
                    {
                        "x": 1034.1978211707187,
                        "y": 880.1925190041477
                    },
                    {
                        "x": 1028.309716825458,
                        "y": 883.1337195853115
                    },
                    {
                        "x": 1021.9309567717235,
                        "y": 885.0945255826383
                    },
                    {
                        "x": 1018.0055426442366,
                        "y": 886.0749201664753
                    },
                    {
                        "x": 1023.8936469894974,
                        "y": 893.4278963749058
                    },
                    {
                        "x": 1046.6922335112708,
                        "y": 898.8201002453148
                    },
                    {
                        "x": 1067.7912375821877,
                        "y": 896.8592942479881
                    },
                    {
                        "x": 1090.8529318708784,
                        "y": 892.4475017910687
                    },
                    {
                        "x": 1111.9519359417955,
                        "y": 884.604311461067
                    },
                    {
                        "x": 1124.2188003407907,
                        "y": 887.0553147503124
                    },
                    {
                        "x": 1134.5229408300731,
                        "y": 891.4671072072318
                    },
                    {
                        "x": 1140.411045175334,
                        "y": 896.3690969560697
                    },
                    {
                        "x": 1142.3737353931078,
                        "y": 901.2710867049075
                    },
                    {
                        "x": 1144.8271150112946,
                        "y": 905.1926818699083
                    },
                    {
                        "x": 1143.8457699024077,
                        "y": 912.0555112753782
                    },
                    {
                        "x": 1141.392390284221,
                        "y": 908.1338824510719
                    },
                    {
                        "x": 1136.4856647397862,
                        "y": 901.2710867049075
                    },
                    {
                        "x": 1132.0695949038254,
                        "y": 898.8201002453148
                    },
                    {
                        "x": 1123.7281109403777,
                        "y": 896.3690969560697
                    },
                    {
                        "x": 1113.9146598515083,
                        "y": 895.3887023722325
                    },
                    {
                        "x": 1104.5918307791737,
                        "y": 896.8592942479881
                    },
                    {
                        "x": 1096.2503468157263,
                        "y": 902.7416954103157
                    },
                    {
                        "x": 1086.4368620349176,
                        "y": 904.2122872860713
                    },
                    {
                        "x": 1071.2259623092616,
                        "y": 902.7416954103157
                    },
                    {
                        "x": 1055.5243731831922,
                        "y": 902.2515149480498
                    },
                    {
                        "x": 1044.2388538930838,
                        "y": 901.2710867049075
                    },
                    {
                        "x": 1035.8974036215754,
                        "y": 899.3102975372334
                    },
                    {
                        "x": 1029.0279541674277,
                        "y": 898.8201002453148
                    },
                    {
                        "x": 1025.1025737318798,
                        "y": 899.8005284884571
                    },
                    {
                        "x": 1025.5932631322928,
                        "y": 907.6436851591536
                    },
                    {
                        "x": 1026.5745745492409,
                        "y": 912.0555112753782
                    },
                    {
                        "x": 1028.5372647670147,
                        "y": 917.4476646568293
                    },
                    {
                        "x": 1044.4664355265795,
                        "y": 924.3818519159548
                    },
                    {
                        "x": 1053.789264598914,
                        "y": 930.754450370201
                    },
                    {
                        "x": 1061.6400254700097,
                        "y": 933.2054368297936
                    },
                    {
                        "x": 1076.850958887605,
                        "y": 928.3034470809555
                    },
                    {
                        "x": 1082.7390295409266,
                        "y": 927.8132497890372
                    },
                    {
                        "x": 1081.2670287235658,
                        "y": 931.7348449540381
                    },
                    {
                        "x": 1073.4162678524701,
                        "y": 937.1270319947943
                    },
                    {
                        "x": 1078.8136491053788,
                        "y": 938.5976575298552
                    },
                    {
                        "x": 1085.6831322514654,
                        "y": 943.989827740959
                    },
                    {
                        "x": 1091.571169212848,
                        "y": 948.401637027531
                    },
                    {
                        "x": 1093.0432374140871,
                        "y": 954.2840045305533
                    },
                    {
                        "x": 1093.5338931225608,
                        "y": 959.6761915713097
                    },
                    {
                        "x": 1093.0432374140871,
                        "y": 963.5977867363106
                    },
                    {
                        "x": 1089.6084789950742,
                        "y": 968.0095960228826
                    },
                    {
                        "x": 1085.1924091591134,
                        "y": 971.4409770663123
                    },
                    {
                        "x": 1078.8136491053788,
                        "y": 975.3625890609657
                    },
                    {
                        "x": 1074.888234977892,
                        "y": 978.3037728124768
                    },
                    {
                        "x": 1074.397579269418,
                        "y": 984.6763544370702
                    },
                    {
                        "x": 1080.2856836146786,
                        "y": 985.1665685586414
                    },
                    {
                        "x": 1087.6457887773004,
                        "y": 987.6175550182339
                    },
                    {
                        "x": 1097.9499629585218,
                        "y": 988.5979496020711
                    },
                    {
                        "x": 1103.8380336118435,
                        "y": 988.5979496020711
                    },
                    {
                        "x": 1104.3287230122564,
                        "y": 992.5195447670719
                    },
                    {
                        "x": 1109.7261379571041,
                        "y": 993.0097420589906
                    },
                    {
                        "x": 1118.0675882286127,
                        "y": 989.5783441859082
                    },
                    {
                        "x": 1121.9930023560994,
                        "y": 994.9705312266645
                    },
                    {
                        "x": 1125.9183827916472,
                        "y": 995.4607453482357
                    },
                    {
                        "x": 1122.4836917565126,
                        "y": 999.382323683584
                    },
                    {
                        "x": 1119.5396227379126,
                        "y": 997.4215345159099
                    },
                    {
                        "x": 1117.0862431197259,
                        "y": 994.9705312266645
                    },
                    {
                        "x": 1110.707483065991,
                        "y": 997.4215345159099
                    },
                    {
                        "x": 1104.8193787207304,
                        "y": 997.9117318078283
                    },
                    {
                        "x": 1099.4219637758827,
                        "y": 999.8725378051552
                    },
                    {
                        "x": 1092.552514321735,
                        "y": 1004.2843302620745
                    },
                    {
                        "x": 1086.6644436684132,
                        "y": 1007.2255140135857
                    },
                    {
                        "x": 1082.7390295409266,
                        "y": 1008.2059085974226
                    },
                    {
                        "x": 1078.8136491053788,
                        "y": 1007.2255140135857
                    },
                    {
                        "x": 1081.2670287235658,
                        "y": 1003.7941161405033
                    },
                    {
                        "x": 1087.1550993768874,
                        "y": 1002.8137215566662
                    },
                    {
                        "x": 1096.968584157696,
                        "y": 994.4803339347461
                    },
                    {
                        "x": 1093.5338931225608,
                        "y": 992.5195447670719
                    },
                    {
                        "x": 1085.6831322514654,
                        "y": 991.0489528913163
                    },
                    {
                        "x": 1077.8323039964919,
                        "y": 991.5391501832349
                    },
                    {
                        "x": 1074.397579269418,
                        "y": 994.4803339347461
                    },
                    {
                        "x": 1073.906889869005,
                        "y": 998.8921263916653
                    },
                    {
                        "x": 1069.9815094334572,
                        "y": 998.8921263916653
                    },
                    {
                        "x": 1067.5281298152702,
                        "y": 994.4803339347461
                    },
                    {
                        "x": 1069.0001643245703,
                        "y": 990.0685414778266
                    },
                    {
                        "x": 1069.9815094334572,
                        "y": 990.0685414778266
                    },
                    {
                        "x": 1069.0001643245703,
                        "y": 984.6763544370702
                    },
                    {
                        "x": 1069.0001643245703,
                        "y": 977.8135755205584
                    },
                    {
                        "x": 1069.0001643245703,
                        "y": 973.8919803555575
                    },
                    {
                        "x": 1068.5095086160961,
                        "y": 968.9899906067196
                    },
                    {
                        "x": 1061.6400254700097,
                        "y": 965.0683954417187
                    },
                    {
                        "x": 1056.242644217101,
                        "y": 961.146800276718
                    },
                    {
                        "x": 1052.8078857980881,
                        "y": 957.2252051117171
                    },
                    {
                        "x": 1049.8638504714272,
                        "y": 952.3232153628792
                    },
                    {
                        "x": 1043.2286026422632,
                        "y": 948.4113056496545
                    },
                    {
                        "x": 1034.8747449712216,
                        "y": 946.476327523731
                    },
                    {
                        "x": 1028.9817180964744,
                        "y": 943.53833859684
                    },
                    {
                        "x": 1023.342684040474,
                        "y": 942.07097520501
                    },
                    {
                        "x": 1016.2613528037272,
                        "y": 942.0774321728608
                    },
                    {
                        "x": 1013.0632572744411,
                        "y": 943.989827740959
                    },
                    {
                        "x": 1011.1005670566673,
                        "y": 950.8526234871237
                    },
                    {
                        "x": 1011.1005670566673,
                        "y": 956.7350078197986
                    },
                    {
                        "x": 1008.6471874384804,
                        "y": 961.6369975686364
                    },
                    {
                        "x": 1002.2684610766847,
                        "y": 963.5977867363106
                    },
                    {
                        "x": 995.8896673310111,
                        "y": 959.1859942793913
                    },
                    {
                        "x": 992.208400963298,
                        "y": 956.2673930857054
                    },
                    {
                        "x": 987.296685505499,
                        "y": 953.1020621744447
                    },
                    {
                        "x": 983.6228029320157,
                        "y": 955.2643991143904
                    },
                    {
                        "x": 983.6128904891647,
                        "y": 960.1696173471536
                    },
                    {
                        "x": 987.5482170595025,
                        "y": 967.0291846093929
                    },
                    {
                        "x": 989.5109072772764,
                        "y": 971.9311743582307
                    },
                    {
                        "x": 992.9811581377719,
                        "y": 976.6237948768951
                    },
                    {
                        "x": 995.9251934644328,
                        "y": 993.780767412654
                    },
                    {
                        "x": 997.8878836822066,
                        "y": 1006.0357333699225
                    },
                    {
                        "x": 996.9065385733197,
                        "y": 1021.2318999083546
                    },
                    {
                        "x": 995.9251934644328,
                        "y": 1029.5652875302746
                    },
                    {
                        "x": 994.453158955133,
                        "y": 1037.4084778602764
                    },
                    {
                        "x": 992.9811581377719,
                        "y": 1044.761454068707
                    },
                    {
                        "x": 987.5837431929243,
                        "y": 1050.1536411094633
                    },
                    {
                        "x": 982.1862945561375,
                        "y": 1053.0948416906272
                    },
                    {
                        "x": 977.7702584121158,
                        "y": 1056.0360422717908
                    },
                    {
                        "x": 974.8261893935158,
                        "y": 1059.4674401448733
                    },
                    {
                        "x": 976.7888796112898,
                        "y": 1061.9184266044658
                    },
                    {
                        "x": 975.3169124858681,
                        "y": 1064.3694298937112
                    },
                    {
                        "x": 972.3728097753291,
                        "y": 1063.3890184802215
                    },
                    {
                        "x": 970.9008089579681,
                        "y": 1060.4478347287104
                    },
                    {
                        "x": 970.4101532494941,
                        "y": 1057.5066341475465
                    },
                    {
                        "x": 973.8448442846288,
                        "y": 1054.5654335663828
                    },
                    {
                        "x": 977.7702584121158,
                        "y": 1052.6046443987086
                    },
                    {
                        "x": 981.2049494472504,
                        "y": 1049.663443817545
                    },
                    {
                        "x": 984.6396741743242,
                        "y": 1046.7222600660336
                    },
                    {
                        "x": 989.5464334106981,
                        "y": 1041.3300561956248
                    },
                    {
                        "x": 991.509123628472,
                        "y": 1036.4280664467867
                    },
                    {
                        "x": 993.9625032466588,
                        "y": 1011.9181177025973
                    },
                    {
                        "x": 992.9811581377719,
                        "y": 1005.5455192483512
                    },
                    {
                        "x": 991.0184342280592,
                        "y": 988.3885467125923
                    },
                    {
                        "x": 989.5464334106981,
                        "y": 982.5061623799173
                    },
                    {
                        "x": 988.074398901398,
                        "y": 976.6237948768951
                    },
                    {
                        "x": 983.6583290654373,
                        "y": 979.0747813364877
                    },
                    {
                        "x": 978.2609141205896,
                        "y": 980.5453732122434
                    },
                    {
                        "x": 974.8261893935158,
                        "y": 979.5649617987535
                    },
                    {
                        "x": 972.3728097753291,
                        "y": 976.6237948768951
                    },
                    {
                        "x": 969.9194638490811,
                        "y": 984.9571656691627
                    },
                    {
                        "x": 967.9567736313071,
                        "y": 1000.1533322075949
                    },
                    {
                        "x": 965.0127046127075,
                        "y": 1012.4083149945159
                    },
                    {
                        "x": 960.5966684686857,
                        "y": 1019.7613080325989
                    },
                    {
                        "x": 957.6525994500859,
                        "y": 1029.5652875302746
                    },
                    {
                        "x": 954.2178747230118,
                        "y": 1036.9182637387053
                    },
                    {
                        "x": 952.745840213712,
                        "y": 1046.232062774115
                    },
                    {
                        "x": 953.2365633060641,
                        "y": 1053.0948416906272
                    },
                    {
                        "x": 951.2738057044122,
                        "y": 1060.9380320206287
                    },
                    {
                        "x": 948.8204597781641,
                        "y": 1067.800844596446
                    },
                    {
                        "x": 946.3670801599774,
                        "y": 1073.1930148075498
                    },
                    {
                        "x": 944.4043899422035,
                        "y": 1078.094987726735
                    },
                    {
                        "x": 942.4416660324906,
                        "y": 1082.0165997213885
                    },
                    {
                        "x": 939.4976307058297,
                        "y": 1087.4088204214504
                    },
                    {
                        "x": 936.0629396706951,
                        "y": 1092.8009738029014
                    },
                    {
                        "x": 934.1002157609821,
                        "y": 1094.7617966298808
                    },
                    {
                        "x": 930.1748353254343,
                        "y": 1097.7029803813919
                    },
                    {
                        "x": 927.7214557072473,
                        "y": 1094.7617966298808
                    },
                    {
                        "x": 931.6468361427951,
                        "y": 1087.899000883716
                    },
                    {
                        "x": 935.572250270282,
                        "y": 1081.5263855998173
                    },
                    {
                        "x": 938.5163192888818,
                        "y": 1075.1538376345293
                    },
                    {
                        "x": 940.9696989070687,
                        "y": 1068.291025058712
                    },
                    {
                        "x": 943.9137005417906,
                        "y": 1057.5066341475465
                    },
                    {
                        "x": 944.4043899422035,
                        "y": 1049.1732465256264
                    },
                    {
                        "x": 939.9883201062427,
                        "y": 1039.859464319869
                    },
                    {
                        "x": 937.5349404880559,
                        "y": 1034.4672772791127
                    },
                    {
                        "x": 938.5163192888818,
                        "y": 1030.0554848221934
                    },
                    {
                        "x": 936.0629396706951,
                        "y": 1028.0946956545192
                    },
                    {
                        "x": 932.6281812516819,
                        "y": 1033.4868826952757
                    },
                    {
                        "x": 929.1934565246082,
                        "y": 1036.4280664467867
                    },
                    {
                        "x": 924.2867309801735,
                        "y": 1032.996685403357
                    },
                    {
                        "x": 920.8520062530997,
                        "y": 1029.5652875302746
                    },
                    {
                        "x": 920.8520062530997,
                        "y": 1023.6828863679472
                    },
                    {
                        "x": 922.3240407623996,
                        "y": 1019.2710939110278
                    },
                    {
                        "x": 925.2680760890603,
                        "y": 1015.3495155756798
                    },
                    {
                        "x": 924.7773866886475,
                        "y": 1010.9377231187605
                    },
                    {
                        "x": 922.8146964708735,
                        "y": 1005.0553219564327
                    },
                    {
                        "x": 923.3053858712866,
                        "y": 999.1729376237578
                    },
                    {
                        "x": 925.7587654894736,
                        "y": 991.8199445856746
                    },
                    {
                        "x": 930.1748353254343,
                        "y": 983.9767710853256
                    },
                    {
                        "x": 925.6130680988688,
                        "y": 975.9200680253595
                    },
                    {
                        "x": 930.1302630245433,
                        "y": 963.4225498124503
                    },
                    {
                        "x": 934.3218302225704,
                        "y": 948.8184942050308
                    },
                    {
                        "x": 939.1348818553995,
                        "y": 938.3301755890244
                    },
                    {
                        "x": 940.6143338508683,
                        "y": 929.7929606889157
                    },
                    {
                        "x": 936.3454454117127,
                        "y": 925.1100424516803
                    },
                    {
                        "x": 931.6928587579478,
                        "y": 922.8480713785574
                    },
                    {
                        "x": 923.5684936382039,
                        "y": 927.3230524971186
                    },
                    {
                        "x": 913.2643194569824,
                        "y": 937.1270319947943
                    },
                    {
                        "x": 901.978800166874,
                        "y": 944.4800250328776
                    },
                    {
                        "x": 893.6373498953654,
                        "y": 946.4408142005516
                    },
                    {
                        "x": 886.7679004412176,
                        "y": 946.9310283221226
                    },
                    {
                        "x": 889.7119357678787,
                        "y": 952.8134126547978
                    },
                    {
                        "x": 889.7119357678787,
                        "y": 955.7546132359615
                    },
                    {
                        "x": 885.2958659319179,
                        "y": 961.146800276718
                    },
                    {
                        "x": 882.842486313731,
                        "y": 962.6173921524736
                    },
                    {
                        "x": 880.3891403874832,
                        "y": 959.6761915713097
                    },
                    {
                        "x": 877.9357607692963,
                        "y": 956.24481052788
                    },
                    {
                        "x": 867.8946943549921,
                        "y": 955.7546132359615
                    },
                    {
                        "x": 850.7211044115621,
                        "y": 957.2252051117171
                    },
                    {
                        "x": 840.9075859388146,
                        "y": 958.2056165252069
                    },
                    {
                        "x": 831.0941011580062,
                        "y": 959.6761915713097
                    },
                    {
                        "x": 825.2060305046845,
                        "y": 960.656619814452
                    },
                    {
                        "x": 822.7526508864975,
                        "y": 965.0683954417187
                    },
                    {
                        "x": 820.2992712683107,
                        "y": 970.9507797743937
                    },
                    {
                        "x": 820.7899943606627,
                        "y": 973.4017830636388
                    },
                    {
                        "x": 818.8272367590107,
                        "y": 976.8331641070686
                    },
                    {
                        "x": 815.883235124289,
                        "y": 975.3625890609657
                    },
                    {
                        "x": 814.9018563234629,
                        "y": 971.4409770663123
                    },
                    {
                        "x": 813.920511214576,
                        "y": 964.5781981498003
                    },
                    {
                        "x": 806.5604060519544,
                        "y": 964.0879840282292
                    },
                    {
                        "x": 797.2375769796198,
                        "y": 965.5586095632898
                    },
                    {
                        "x": 789.3867824165853,
                        "y": 968.9899906067196
                    },
                    {
                        "x": 782.5173329624376,
                        "y": 971.9311743582307
                    },
                    {
                        "x": 779.0826419273028,
                        "y": 973.8919803555575
                    },
                    {
                        "x": 777.610607418003,
                        "y": 968.9899906067196
                    },
                    {
                        "x": 781.5360215454897,
                        "y": 965.5586095632898
                    },
                    {
                        "x": 786.4427807818635,
                        "y": 962.127194860555
                    },
                    {
                        "x": 790.3681275254722,
                        "y": 961.146800276718
                    },
                    {
                        "x": 798.2189220885067,
                        "y": 957.7154024036357
                    },
                    {
                        "x": 804.5976821422414,
                        "y": 956.7350078197986
                    },
                    {
                        "x": 799.4633749643111,
                        "y": 952.3232153628792
                    },
                    {
                        "x": 795.0473388202893,
                        "y": 946.4408142005516
                    },
                    {
                        "x": 789.1592007830894,
                        "y": 942.5192358652034
                    },
                    {
                        "x": 779.3457160022813,
                        "y": 940.0682325759582
                    },
                    {
                        "x": 773.4576453489594,
                        "y": 943.009433157122
                    },
                    {
                        "x": 770.5136100222986,
                        "y": 946.4408142005516
                    },
                    {
                        "x": 771.4949214392466,
                        "y": 951.3428207790421
                    },
                    {
                        "x": 769.5322312214727,
                        "y": 952.8134126547978
                    },
                    {
                        "x": 767.0788516032858,
                        "y": 948.891817489797
                    },
                    {
                        "x": 767.0788516032858,
                        "y": 943.989827740959
                    },
                    {
                        "x": 770.0229206218856,
                        "y": 941.0486439894478
                    },
                    {
                        "x": 771.9856108396596,
                        "y": 938.1074434082841
                    },
                    {
                        "x": 775.9109912752075,
                        "y": 934.6760455352018
                    },
                    {
                        "x": 782.2897850208811,
                        "y": 935.1662428271204
                    },
                    {
                        "x": 789.1592007830894,
                        "y": 937.6172292867129
                    },
                    {
                        "x": 797.0099953461241,
                        "y": 941.0486439894478
                    },
                    {
                        "x": 803.3887553998588,
                        "y": 944.970222324796
                    },
                    {
                        "x": 816.1463091992673,
                        "y": 952.3232153628792
                    },
                    {
                        "x": 821.053034743702,
                        "y": 944.970222324796
                    },
                    {
                        "x": 829.8851744156234,
                        "y": 943.4996472786931
                    },
                    {
                        "x": 848.0401431598796,
                        "y": 940.5584298678766
                    },
                    {
                        "x": 861.2883863597009,
                        "y": 937.6172292867129
                    },
                    {
                        "x": 874.0458727752311,
                        "y": 929.2838584944454
                    },
                    {
                        "x": 894.6542211376742,
                        "y": 920.4602735806067
                    },
                    {
                        "x": 914.7718800997042,
                        "y": 917.0288757075243
                    },
                    {
                        "x": 923.6040197716255,
                        "y": 914.0876919560133
                    },
                    {
                        "x": 918.6972605352518,
                        "y": 909.6758826694412
                    },
                    {
                        "x": 906.9210855366692,
                        "y": 909.1857022071753
                    },
                    {
                        "x": 891.7101521190741,
                        "y": 908.2052907936857
                    },
                    {
                        "x": 876.989941793831,
                        "y": 906.2444847963588
                    },
                    {
                        "x": 864.7230773948357,
                        "y": 906.73469891793
                    },
                    {
                        "x": 858.344317341101,
                        "y": 904.2837124583374
                    },
                    {
                        "x": 853.437558104727,
                        "y": 903.3033010448479
                    },
                    {
                        "x": 848.0401431598796,
                        "y": 899.8719031717656
                    },
                    {
                        "x": 846.5681423425186,
                        "y": 896.440505298683
                    },
                    {
                        "x": 849.5121776691794,
                        "y": 893.9895188390905
                    },
                    {
                        "x": 855.890937722914,
                        "y": 894.9699134229274
                    },
                    {
                        "x": 864.7230773948357,
                        "y": 895.9503080067645
                    },
                    {
                        "x": 881.8966673382657,
                        "y": 892.5189101336823
                    },
                    {
                        "x": 889.7474619013004,
                        "y": 890.0679236740897
                    },
                    {
                        "x": 872.3107978828921,
                        "y": 885.0945255826383
                    },
                    {
                        "x": 860.5345891923706,
                        "y": 881.1729304176374
                    },
                    {
                        "x": 850.7211044115621,
                        "y": 876.2709406687994
                    },
                    {
                        "x": 842.3796204481145,
                        "y": 872.8395427957171
                    },
                    {
                        "x": 834.038170176606,
                        "y": 872.8395427957171
                    },
                    {
                        "x": 826.1873756135715,
                        "y": 872.3493623334513
                    },
                    {
                        "x": 825.2060305046845,
                        "y": 868.4277503387979
                    },
                    {
                        "x": 829.1314109402321,
                        "y": 866.9571416333898
                    },
                    {
                        "x": 844.8330000663013,
                        "y": 864.0159578818783
                    },
                    {
                        "x": 860.5345891923706,
                        "y": 868.4277503387979
                    },
                    {
                        "x": 875.2547995176137,
                        "y": 875.2905292553097
                    },
                    {
                        "x": 888.9936984259092,
                        "y": 879.2121244203106
                    },
                    {
                        "x": 909.602013096413,
                        "y": 882.6435222933931
                    },
                    {
                        "x": 936.0984658041166,
                        "y": 890.9769099153132
                    },
                    {
                        "x": 942.9555078587309,
                        "y": 888.5259066260679
                    },
                    {
                        "x": 939.737654827621,
                        "y": 884.4673165376511
                    },
                    {
                        "x": 932.091358252956,
                        "y": 876.3386883422752
                    },
                    {
                        "x": 921.3782217869343,
                        "y": 859.6041654249591
                    },
                    {
                        "x": 913.5274272238998,
                        "y": 850.7805805111204
                    },
                    {
                        "x": 906.1672883693391,
                        "y": 841.4667983053631
                    },
                    {
                        "x": 902.7325636422653,
                        "y": 833.1334275130955
                    },
                    {
                        "x": 899.7885283156046,
                        "y": 827.7412236426865
                    },
                    {
                        "x": 898.3164938063045,
                        "y": 822.3490197722775
                    },
                    {
                        "x": 893.4097682618698,
                        "y": 819.4078360207664
                    },
                    {
                        "x": 890.9563886436829,
                        "y": 817.4470300234397
                    },
                    {
                        "x": 888.9936984259092,
                        "y": 814.0156321503573
                    },
                    {
                        "x": 890.9563886436829,
                        "y": 812.5450402746018
                    },
                    {
                        "x": 891.9377674445088,
                        "y": 814.5058462719284
                    },
                    {
                        "x": 893.9004239703438,
                        "y": 815.9764549773366
                    },
                    {
                        "x": 898.8071832067175,
                        "y": 814.5058462719284
                    },
                    {
                        "x": 901.7512522253174,
                        "y": 804.2116526526816
                    },
                    {
                        "x": 905.6766326608653,
                        "y": 795.8782650307612
                    },
                    {
                        "x": 909.602013096413,
                        "y": 789.5056834061678
                    },
                    {
                        "x": 913.0367378234869,
                        "y": 786.0742855330856
                    },
                    {
                        "x": 915.9807731501476,
                        "y": 784.113513195064
                    },
                    {
                        "x": 918.4341527683345,
                        "y": 787.0546801169227
                    },
                    {
                        "x": 916.9621519509735,
                        "y": 790.9762752819233
                    },
                    {
                        "x": 914.9994280412607,
                        "y": 794.4076731550058
                    },
                    {
                        "x": 912.0553927145999,
                        "y": 800.2900574876808
                    },
                    {
                        "x": 910.0927024968261,
                        "y": 805.6822613580898
                    },
                    {
                        "x": 910.5833582053,
                        "y": 808.1332478176824
                    },
                    {
                        "x": 913.0367378234869,
                        "y": 807.6430505257638
                    },
                    {
                        "x": 916.9621519509735,
                        "y": 803.2312580688446
                    },
                    {
                        "x": 921.8688774954082,
                        "y": 799.7998601957621
                    },
                    {
                        "x": 928.2476375491428,
                        "y": 798.3292683200066
                    },
                    {
                        "x": 926.7756367317821,
                        "y": 792.4468839873316
                    },
                    {
                        "x": 924.3222571135952,
                        "y": 782.6428876600032
                    },
                    {
                        "x": 924.3222571135952,
                        "y": 777.7408979111653
                    },
                    {
                        "x": 927.266292440256,
                        "y": 772.8389081623276
                    },
                    {
                        "x": 932.1730516766298,
                        "y": 770.3879217027347
                    },
                    {
                        "x": 935.6077764037036,
                        "y": 769.8977075811637
                    },
                    {
                        "x": 938.5518454223035,
                        "y": 772.3487108704089
                    },
                    {
                        "x": 939.0425011307776,
                        "y": 775.2899114515727
                    }
                ],
                "resin": 2,
                "browning": true
            }
        ],
        "object_id": "A_a02_B_1_1_22-09-20-09-35-1021"
    },
    "Metadata": {
        "Images": {
            "object_id": "A_a02_B_1_1_22-09-20-09-35-1021",
            "path": "1.Traning_원천데이터_꽃_미수정암꽃",
            "width": 2000,
            "height": 1500
        },
        "environment": {
            "area_id": "A",
            "hemp_id": "A_a02_B_1",
            "area_temp": 28.9,
            "area_hum": 80,
            "area_co2": 305,
            "area_Illum": 570,
            "water_temp": 24.5,
            "water_ec": 2.3,
            "water_ph": 5.1
        },
        "Growth Info": {
            "period": 81,
            "length": 60.5,
            "node_number": 27,
            "node_length": 2.2,
            "root_round": 19.3
        }
    }
}