{
    "annotations": {
        "label": {
            "category": 1
        },
        "polygon": [
            {
                "type": "POLYGON",
                "vertices": [
                    {
                        "x": 868.5274615970999,
                        "y": 691.4576640279092
                    },
                    {
                        "x": 866.7805627567662,
                        "y": 680.393971372462
                    },
                    {
                        "x": 871.438959664323,
                        "y": 655.3550879943449
                    },
                    {
                        "x": 864.451364302988,
                        "y": 640.7975976582303
                    },
                    {
                        "x": 853.3876716475409,
                        "y": 608.1888193053336
                    },
                    {
                        "x": 850.4761735803179,
                        "y": 600.6189243305539
                    },
                    {
                        "x": 847.5646755130949,
                        "y": 597.1251266498864
                    },
                    {
                        "x": 838.2478816979815,
                        "y": 597.1251266498864
                    },
                    {
                        "x": 824.2726909753117,
                        "y": 595.3782278095526
                    },
                    {
                        "x": 809.715200639197,
                        "y": 588.3906324482176
                    },
                    {
                        "x": 806.2214029585294,
                        "y": 579.6561382465488
                    },
                    {
                        "x": 791.0816130089702,
                        "y": 572.6685428852138
                    },
                    {
                        "x": 780.6002199669675,
                        "y": 569.1747452045463
                    },
                    {
                        "x": 766.6250292442977,
                        "y": 567.4278463642125
                    },
                    {
                        "x": 763.13123156363,
                        "y": 563.3517490701005
                    },
                    {
                        "x": 760.2197334964071,
                        "y": 558.6933521625439
                    },
                    {
                        "x": 760.2197334964071,
                        "y": 553.4526556415426
                    },
                    {
                        "x": 761.966632336741,
                        "y": 551.7057568012088
                    },
                    {
                        "x": 764.8781304039637,
                        "y": 557.5287529356547
                    },
                    {
                        "x": 771.2834261518543,
                        "y": 560.4402510028776
                    },
                    {
                        "x": 778.8533211266339,
                        "y": 562.1871498432114
                    },
                    {
                        "x": 789.3347141686363,
                        "y": 563.934048683545
                    },
                    {
                        "x": 793.4108114627485,
                        "y": 562.1871498432114
                    },
                    {
                        "x": 799.816107210639,
                        "y": 562.1871498432114
                    },
                    {
                        "x": 803.892204504751,
                        "y": 560.4402510028776
                    },
                    {
                        "x": 805.0568037316402,
                        "y": 563.934048683545
                    },
                    {
                        "x": 809.1329010257523,
                        "y": 565.0986479104342
                    },
                    {
                        "x": 812.0443990929751,
                        "y": 563.3517490701005
                    },
                    {
                        "x": 821.9434925215331,
                        "y": 565.0986479104342
                    },
                    {
                        "x": 820.7788932946439,
                        "y": 573.833142112103
                    },
                    {
                        "x": 823.690391361867,
                        "y": 580.2384378599935
                    },
                    {
                        "x": 830.6779867232021,
                        "y": 570.3393444314355
                    },
                    {
                        "x": 822.5257921349777,
                        "y": 558.6933521625439
                    },
                    {
                        "x": 813.791297933309,
                        "y": 548.2119591205413
                    },
                    {
                        "x": 808.5506014123077,
                        "y": 535.983667238205
                    },
                    {
                        "x": 803.892204504751,
                        "y": 528.4137722634254
                    },
                    {
                        "x": 796.3223095299714,
                        "y": 522.008476515535
                    },
                    {
                        "x": 789.3347141686363,
                        "y": 514.4385815407553
                    },
                    {
                        "x": 773.6126246056326,
                        "y": 488.8173985491936
                    },
                    {
                        "x": 763.13123156363,
                        "y": 485.3236008685261
                    },
                    {
                        "x": 756.143636202295,
                        "y": 480.08290434752485
                    },
                    {
                        "x": 757.3082354291843,
                        "y": 476.58910666685733
                    },
                    {
                        "x": 764.2958307905193,
                        "y": 476.00680705341273
                    },
                    {
                        "x": 771.2834261518543,
                        "y": 476.00680705341273
                    },
                    {
                        "x": 788.7524145551918,
                        "y": 491.7288966164165
                    },
                    {
                        "x": 816.1204963870873,
                        "y": 532.4898695575375
                    },
                    {
                        "x": 835.3363836307586,
                        "y": 554.0349552549872
                    },
                    {
                        "x": 844.6531774458721,
                        "y": 562.7694494566559
                    },
                    {
                        "x": 850.4761735803179,
                        "y": 576.1623405658813
                    },
                    {
                        "x": 859.2106677819867,
                        "y": 587.2260332213285
                    },
                    {
                        "x": 864.451364302988,
                        "y": 589.5552316751068
                    },
                    {
                        "x": 869.1097612105445,
                        "y": 586.0614339944393
                    },
                    {
                        "x": 873.1858585046568,
                        "y": 577.9092394062151
                    },
                    {
                        "x": 872.6035588912121,
                        "y": 569.1747452045463
                    },
                    {
                        "x": 874.9327573449905,
                        "y": 563.934048683545
                    },
                    {
                        "x": 878.4265550256579,
                        "y": 565.0986479104342
                    },
                    {
                        "x": 883.6672515466594,
                        "y": 576.744640179326
                    },
                    {
                        "x": 881.3380530928808,
                        "y": 588.3906324482176
                    },
                    {
                        "x": 884.8318507735485,
                        "y": 595.3782278095526
                    },
                    {
                        "x": 911.0353333785548,
                        "y": 605.2773212381106
                    },
                    {
                        "x": 927.339722555003,
                        "y": 583.1499359272163
                    },
                    {
                        "x": 936.0742167566718,
                        "y": 566.2632471373234
                    },
                    {
                        "x": 939.5680144373393,
                        "y": 551.1234571877642
                    },
                    {
                        "x": 941.3149132776732,
                        "y": 533.6544687844266
                    },
                    {
                        "x": 945.3910105717853,
                        "y": 533.6544687844266
                    },
                    {
                        "x": 949.4671078658973,
                        "y": 540.0597645323171
                    },
                    {
                        "x": 947.7202090255635,
                        "y": 558.6933521625439
                    },
                    {
                        "x": 937.8211155970055,
                        "y": 583.1499359272163
                    },
                    {
                        "x": 934.9096175297826,
                        "y": 592.4667297423298
                    },
                    {
                        "x": 943.0618121180069,
                        "y": 621.581710414559
                    },
                    {
                        "x": 950.0494074793418,
                        "y": 614.594115053224
                    },
                    {
                        "x": 957.6193024541215,
                        "y": 612.8472162128902
                    },
                    {
                        "x": 962.2776993616782,
                        "y": 600.0366247171094
                    },
                    {
                        "x": 966.9360962692349,
                        "y": 590.1375312885514
                    },
                    {
                        "x": 972.1767927902362,
                        "y": 581.4030370868826
                    },
                    {
                        "x": 979.1643881515712,
                        "y": 574.4154417255476
                    },
                    {
                        "x": 983.8227850591278,
                        "y": 560.4402510028776
                    },
                    {
                        "x": 989.0634815801292,
                        "y": 555.1995544818764
                    },
                    {
                        "x": 996.0510769414641,
                        "y": 550.5411575743196
                    },
                    {
                        "x": 1002.4563726893546,
                        "y": 545.8827606667629
                    },
                    {
                        "x": 1000.7094738490208,
                        "y": 537.7305660785388
                    },
                    {
                        "x": 1005.9501703700221,
                        "y": 530.7429707172038
                    },
                    {
                        "x": 994.3041781011302,
                        "y": 519.6792780617566
                    },
                    {
                        "x": 986.1519835129062,
                        "y": 519.6792780617566
                    },
                    {
                        "x": 976.2528900843482,
                        "y": 519.096978448312
                    },
                    {
                        "x": 971.012193563347,
                        "y": 510.94478386008774
                    },
                    {
                        "x": 974.5059912440145,
                        "y": 502.7925892718637
                    },
                    {
                        "x": 977.999788924682,
                        "y": 495.22269429708405
                    },
                    {
                        "x": 983.2404854456832,
                        "y": 489.39969816263823
                    },
                    {
                        "x": 989.6457811935736,
                        "y": 491.7288966164165
                    },
                    {
                        "x": 998.9625750086872,
                        "y": 492.3111962298611
                    },
                    {
                        "x": 1001.2917734624654,
                        "y": 496.38729352397326
                    },
                    {
                        "x": 998.9625750086872,
                        "y": 499.2987915911962
                    },
                    {
                        "x": 990.8103804204629,
                        "y": 499.8810912046407
                    },
                    {
                        "x": 985.5696838994614,
                        "y": 504.53948811219743
                    },
                    {
                        "x": 991.3926800339076,
                        "y": 506.28638695253113
                    },
                    {
                        "x": 1000.7094738490208,
                        "y": 507.45098617942034
                    },
                    {
                        "x": 1015.2669641851354,
                        "y": 518.5146788348675
                    },
                    {
                        "x": 1022.836859159915,
                        "y": 531.3252703306483
                    },
                    {
                        "x": 1020.5076607061368,
                        "y": 551.1234571877642
                    },
                    {
                        "x": 1017.5961626389137,
                        "y": 560.4402510028776
                    },
                    {
                        "x": 1029.8244545212501,
                        "y": 545.8827606667629
                    },
                    {
                        "x": 1035.6474506556958,
                        "y": 529.5783714903146
                    },
                    {
                        "x": 1040.3058475632527,
                        "y": 522.008476515535
                    },
                    {
                        "x": 1040.8881471766972,
                        "y": 510.3624842466433
                    },
                    {
                        "x": 1043.7996452439202,
                        "y": 502.7925892718637
                    },
                    {
                        "x": 1047.2934429245877,
                        "y": 489.98199777608284
                    },
                    {
                        "x": 1052.5341394455888,
                        "y": 481.82980318785854
                    },
                    {
                        "x": 1060.686334033813,
                        "y": 480.66520396096945
                    },
                    {
                        "x": 1068.2562290085928,
                        "y": 482.99440241474775
                    },
                    {
                        "x": 1074.0792251430385,
                        "y": 492.3111962298611
                    },
                    {
                        "x": 1082.2314197312628,
                        "y": 488.8173985491936
                    },
                    {
                        "x": 1088.636715479153,
                        "y": 481.24750357441394
                    },
                    {
                        "x": 1096.2066104539326,
                        "y": 473.0953089861898
                    },
                    {
                        "x": 1103.1942058152677,
                        "y": 468.43691207863316
                    },
                    {
                        "x": 1107.27030310938,
                        "y": 466.10771362485474
                    },
                    {
                        "x": 1111.9287000169365,
                        "y": 457.37321942318596
                    },
                    {
                        "x": 1114.257898470715,
                        "y": 452.71482251562935
                    },
                    {
                        "x": 1121.8277934454945,
                        "y": 450.38562406185105
                    },
                    {
                        "x": 1126.4861903530511,
                        "y": 454.46172135596305
                    },
                    {
                        "x": 1122.410093058939,
                        "y": 458.5378186500753
                    },
                    {
                        "x": 1119.4985949917161,
                        "y": 459.70241787696443
                    },
                    {
                        "x": 1118.9162953782716,
                        "y": 465.52541401141025
                    },
                    {
                        "x": 1114.257898470715,
                        "y": 470.76611053241146
                    },
                    {
                        "x": 1114.8401980841595,
                        "y": 473.6776085996344
                    },
                    {
                        "x": 1106.1057038824906,
                        "y": 478.3360055071911
                    },
                    {
                        "x": 1099.7004081346001,
                        "y": 483.5767020281924
                    },
                    {
                        "x": 1097.9535092942665,
                        "y": 492.8934958433057
                    },
                    {
                        "x": 1090.9659139329315,
                        "y": 498.134192364307
                    },
                    {
                        "x": 1083.9783185715964,
                        "y": 503.3748888853082
                    },
                    {
                        "x": 1076.9907232102614,
                        "y": 503.3748888853082
                    },
                    {
                        "x": 1063.597832101036,
                        "y": 499.8810912046407
                    },
                    {
                        "x": 1056.610236739701,
                        "y": 513.8562819273108
                    },
                    {
                        "x": 1049.0403417649213,
                        "y": 526.084573809647
                    },
                    {
                        "x": 1042.6350460170308,
                        "y": 552.2880564146534
                    },
                    {
                        "x": 1044.3819448573647,
                        "y": 559.2756517759884
                    },
                    {
                        "x": 1032.735952588473,
                        "y": 564.5163482969897
                    },
                    {
                        "x": 1024.0014583868042,
                        "y": 566.2632471373234
                    },
                    {
                        "x": 1010.6085672775788,
                        "y": 586.6437336078839
                    },
                    {
                        "x": 993.7218784876858,
                        "y": 625.0755080952265
                    },
                    {
                        "x": 982.6581858322388,
                        "y": 637.8860995910073
                    },
                    {
                        "x": 973.92369163057,
                        "y": 650.1143914733436
                    },
                    {
                        "x": 979.1643881515712,
                        "y": 655.9373876077896
                    },
                    {
                        "x": 994.886477714575,
                        "y": 664.0895821960136
                    },
                    {
                        "x": 1005.3678707565774,
                        "y": 683.3054694396849
                    },
                    {
                        "x": 1007.6970692103557,
                        "y": 692.0399636413538
                    },
                    {
                        "x": 1022.2545595464704,
                        "y": 670.4948779439042
                    },
                    {
                        "x": 1033.3182522019176,
                        "y": 646.0382941792315
                    },
                    {
                        "x": 1029.2421549078056,
                        "y": 643.1267961120086
                    },
                    {
                        "x": 1045.5465440842538,
                        "y": 618.670212347336
                    },
                    {
                        "x": 1060.1040344203684,
                        "y": 593.6313289692189
                    },
                    {
                        "x": 1082.8137193447074,
                        "y": 555.7818540953209
                    },
                    {
                        "x": 1092.1305131598206,
                        "y": 541.8066633726509
                    },
                    {
                        "x": 1095.0420112270435,
                        "y": 541.8066633726509
                    },
                    {
                        "x": 1104.9411046556015,
                        "y": 533.6544687844266
                    },
                    {
                        "x": 1103.1942058152677,
                        "y": 540.0597645323171
                    },
                    {
                        "x": 1093.8774120001544,
                        "y": 548.7942587339859
                    },
                    {
                        "x": 1090.383614319487,
                        "y": 555.7818540953209
                    },
                    {
                        "x": 1083.396018958152,
                        "y": 564.5163482969897
                    },
                    {
                        "x": 1089.8013147060424,
                        "y": 569.1747452045463
                    },
                    {
                        "x": 1083.9783185715964,
                        "y": 571.5039436583247
                    },
                    {
                        "x": 1080.484520890929,
                        "y": 571.5039436583247
                    },
                    {
                        "x": 1073.496925529594,
                        "y": 580.820737473438
                    },
                    {
                        "x": 1087.472116252264,
                        "y": 573.833142112103
                    },
                    {
                        "x": 1095.624310840488,
                        "y": 568.0101459776572
                    },
                    {
                        "x": 1104.9411046556015,
                        "y": 564.5163482969897
                    },
                    {
                        "x": 1118.9162953782716,
                        "y": 561.0225506163222
                    },
                    {
                        "x": 1122.9923926723836,
                        "y": 555.7818540953209
                    },
                    {
                        "x": 1130.5622876471632,
                        "y": 555.7818540953209
                    },
                    {
                        "x": 1139.8790814622766,
                        "y": 555.7818540953209
                    },
                    {
                        "x": 1143.9551787563887,
                        "y": 552.870356028098
                    },
                    {
                        "x": 1150.3604745042792,
                        "y": 547.0473598936521
                    },
                    {
                        "x": 1155.6011710252803,
                        "y": 548.7942587339859
                    },
                    {
                        "x": 1162.5887663866154,
                        "y": 551.1234571877642
                    },
                    {
                        "x": 1167.8294629076167,
                        "y": 545.8827606667629
                    },
                    {
                        "x": 1173.6524590420624,
                        "y": 550.5411575743196
                    },
                    {
                        "x": 1178.3108559496193,
                        "y": 549.9588579608751
                    },
                    {
                        "x": 1181.8046536302868,
                        "y": 543.5535622129846
                    },
                    {
                        "x": 1185.8807509243989,
                        "y": 543.5535622129846
                    },
                    {
                        "x": 1189.956848218511,
                        "y": 549.3765583474304
                    },
                    {
                        "x": 1195.7798443529566,
                        "y": 545.3004610533184
                    },
                    {
                        "x": 1200.4382412605132,
                        "y": 544.1358618264292
                    },
                    {
                        "x": 1206.8435370084037,
                        "y": 547.6296595070967
                    },
                    {
                        "x": 1208.5904358487376,
                        "y": 555.7818540953209
                    },
                    {
                        "x": 1204.5143385546255,
                        "y": 564.5163482969897
                    },
                    {
                        "x": 1195.7798443529566,
                        "y": 568.5924455911018
                    },
                    {
                        "x": 1187.045350151288,
                        "y": 569.1747452045463
                    },
                    {
                        "x": 1178.8931555630638,
                        "y": 569.757044817991
                    },
                    {
                        "x": 1166.0825640672829,
                        "y": 571.5039436583247
                    },
                    {
                        "x": 1159.0949687059478,
                        "y": 574.4154417255476
                    },
                    {
                        "x": 1150.3604745042792,
                        "y": 577.3269397927705
                    },
                    {
                        "x": 1141.6259803026103,
                        "y": 580.2384378599935
                    },
                    {
                        "x": 1135.22068455472,
                        "y": 583.732235540661
                    },
                    {
                        "x": 1125.321591126162,
                        "y": 581.9853367003273
                    },
                    {
                        "x": 1117.1693965379377,
                        "y": 586.6437336078839
                    },
                    {
                        "x": 1111.346400403492,
                        "y": 589.5552316751068
                    },
                    {
                        "x": 1095.624310840488,
                        "y": 595.9605274229973
                    },
                    {
                        "x": 1085.7252174119303,
                        "y": 601.2012239439986
                    },
                    {
                        "x": 1074.661524756483,
                        "y": 605.8596208515552
                    },
                    {
                        "x": 1061.8509332607023,
                        "y": 614.0118154397794
                    },
                    {
                        "x": 1051.9518398321443,
                        "y": 625.657807708671
                    },
                    {
                        "x": 1056.610236739701,
                        "y": 632.0631034565615
                    },
                    {
                        "x": 1063.597832101036,
                        "y": 636.1392007506736
                    },
                    {
                        "x": 1078.7376220505953,
                        "y": 637.8860995910073
                    },
                    {
                        "x": 1095.0420112270435,
                        "y": 637.3037999775628
                    },
                    {
                        "x": 1103.7765054287124,
                        "y": 629.7339050027832
                    },
                    {
                        "x": 1108.434902336269,
                        "y": 629.1516053893387
                    },
                    {
                        "x": 1113.6755988572702,
                        "y": 630.3162046162279
                    },
                    {
                        "x": 1117.1693965379377,
                        "y": 636.1392007506736
                    },
                    {
                        "x": 1118.9162953782716,
                        "y": 640.2152980447858
                    },
                    {
                        "x": 1114.257898470715,
                        "y": 646.6205937926761
                    },
                    {
                        "x": 1120.6631942186052,
                        "y": 650.6966910867882
                    },
                    {
                        "x": 1123.5746922858282,
                        "y": 660.5957845153462
                    },
                    {
                        "x": 1122.9923926723836,
                        "y": 668.7479791035705
                    },
                    {
                        "x": 1129.397688420274,
                        "y": 675.1532748514608
                    },
                    {
                        "x": 1140.4613810757212,
                        "y": 678.0647729186837
                    },
                    {
                        "x": 1143.9551787563887,
                        "y": 688.5461659606863
                    },
                    {
                        "x": 1148.0312760505008,
                        "y": 697.280660162355
                    },
                    {
                        "x": 1164.3356652269492,
                        "y": 691.4576640279092
                    },
                    {
                        "x": 1174.8170582689518,
                        "y": 684.4700686665741
                    },
                    {
                        "x": 1175.9816574958409,
                        "y": 679.8116717590175
                    },
                    {
                        "x": 1182.969252857176,
                        "y": 677.4824733052392
                    },
                    {
                        "x": 1186.4630505378434,
                        "y": 680.393971372462
                    },
                    {
                        "x": 1191.1214474454,
                        "y": 683.8877690531295
                    },
                    {
                        "x": 1188.7922489916218,
                        "y": 690.29306480102
                    },
                    {
                        "x": 1175.3993578823963,
                        "y": 697.280660162355
                    },
                    {
                        "x": 1164.3356652269492,
                        "y": 702.5213566833562
                    },
                    {
                        "x": 1153.2719725715021,
                        "y": 707.7620532043576
                    },
                    {
                        "x": 1155.6011710252803,
                        "y": 717.0788470194709
                    },
                    {
                        "x": 1159.6772683193924,
                        "y": 713.5850493388034
                    },
                    {
                        "x": 1167.2471632941722,
                        "y": 710.6735512715805
                    },
                    {
                        "x": 1174.8170582689518,
                        "y": 715.9142477925818
                    },
                    {
                        "x": 1171.3232605882843,
                        "y": 725.2310416076953
                    },
                    {
                        "x": 1166.0825640672829,
                        "y": 735.130135036253
                    },
                    {
                        "x": 1157.3480698656142,
                        "y": 743.2823296244773
                    },
                    {
                        "x": 1148.6135756639453,
                        "y": 747.3584269185894
                    },
                    {
                        "x": 1155.6011710252803,
                        "y": 749.6876253723678
                    },
                    {
                        "x": 1157.9303694790588,
                        "y": 756.0929211202582
                    },
                    {
                        "x": 1153.2719725715021,
                        "y": 756.0929211202582
                    },
                    {
                        "x": 1148.6135756639453,
                        "y": 756.0929211202582
                    },
                    {
                        "x": 1141.0436806891657,
                        "y": 752.016823826146
                    },
                    {
                        "x": 1125.321591126162,
                        "y": 757.839819960592
                    },
                    {
                        "x": 1113.6755988572702,
                        "y": 762.4982168681487
                    },
                    {
                        "x": 1097.9535092942665,
                        "y": 771.2327110698172
                    },
                    {
                        "x": 1075.2438243699278,
                        "y": 768.3212130025944
                    },
                    {
                        "x": 1063.0155324875914,
                        "y": 767.7389133891498
                    },
                    {
                        "x": 1070.0031278489264,
                        "y": 776.4734075908186
                    },
                    {
                        "x": 1071.7500266892603,
                        "y": 785.2079017924874
                    },
                    {
                        "x": 1068.8385286220373,
                        "y": 791.6131975403777
                    },
                    {
                        "x": 1060.686334033813,
                        "y": 792.1954971538224
                    },
                    {
                        "x": 1061.8509332607023,
                        "y": 783.4610029521536
                    },
                    {
                        "x": 1058.9394351934793,
                        "y": 776.4734075908186
                    },
                    {
                        "x": 1049.0403417649213,
                        "y": 770.6504114563728
                    },
                    {
                        "x": 1028.6598552943608,
                        "y": 763.6628160950379
                    },
                    {
                        "x": 1029.8244545212501,
                        "y": 770.068111842928
                    },
                    {
                        "x": 1033.3182522019176,
                        "y": 784.0433025655982
                    },
                    {
                        "x": 1035.0651510422513,
                        "y": 798.0184932882682
                    },
                    {
                        "x": 1033.3182522019176,
                        "y": 810.2467851706044
                    },
                    {
                        "x": 1030.4067541346947,
                        "y": 816.652080918495
                    },
                    {
                        "x": 1046.1288436976984,
                        "y": 822.4750770529408
                    },
                    {
                        "x": 1065.3447309413698,
                        "y": 832.9564700949434
                    },
                    {
                        "x": 1077.573022823706,
                        "y": 855.0838554058375
                    },
                    {
                        "x": 1085.7252174119303,
                        "y": 861.489151153728
                    },
                    {
                        "x": 1100.282707748045,
                        "y": 859.1599526999496
                    },
                    {
                        "x": 1117.1693965379377,
                        "y": 864.400649220951
                    },
                    {
                        "x": 1129.9799880337187,
                        "y": 867.3121472881736
                    },
                    {
                        "x": 1143.9551787563887,
                        "y": 880.1227387839548
                    },
                    {
                        "x": 1158.5126690925033,
                        "y": 895.2625287335139
                    },
                    {
                        "x": 1165.5002644538383,
                        "y": 899.338626027626
                    },
                    {
                        "x": 1170.158661361395,
                        "y": 906.9085210024056
                    },
                    {
                        "x": 1173.6524590420624,
                        "y": 908.0731202292948
                    },
                    {
                        "x": 1181.2223540168422,
                        "y": 897.5917271872922
                    },
                    {
                        "x": 1191.1214474454,
                        "y": 895.8448283469584
                    },
                    {
                        "x": 1196.3621439664012,
                        "y": 895.8448283469584
                    },
                    {
                        "x": 1199.8559416470687,
                        "y": 894.0979295066247
                    },
                    {
                        "x": 1202.7674397142916,
                        "y": 890.6041318259572
                    },
                    {
                        "x": 1201.6028404874025,
                        "y": 887.1103341452896
                    },
                    {
                        "x": 1199.8559416470687,
                        "y": 880.7050383973992
                    },
                    {
                        "x": 1202.7674397142916,
                        "y": 879.54043917051
                    },
                    {
                        "x": 1206.8435370084037,
                        "y": 886.528034531845
                    },
                    {
                        "x": 1208.008136235293,
                        "y": 894.6802291200694
                    },
                    {
                        "x": 1201.6028404874025,
                        "y": 902.250124094849
                    },
                    {
                        "x": 1194.6152451260675,
                        "y": 903.4147233217382
                    },
                    {
                        "x": 1187.6276497647325,
                        "y": 902.8324237082935
                    },
                    {
                        "x": 1180.6400544033975,
                        "y": 915.0607155906298
                    },
                    {
                        "x": 1173.6524590420624,
                        "y": 920.301412111631
                    },
                    {
                        "x": 1166.6648636807274,
                        "y": 918.5545132712972
                    },
                    {
                        "x": 1160.2595679328372,
                        "y": 910.4023186830732
                    },
                    {
                        "x": 1155.0188714118358,
                        "y": 906.326221388961
                    },
                    {
                        "x": 1145.1197779832778,
                        "y": 895.8448283469584
                    },
                    {
                        "x": 1131.7268868740525,
                        "y": 887.6926337587342
                    },
                    {
                        "x": 1124.1569918992727,
                        "y": 881.2873380108439
                    },
                    {
                        "x": 1118.333995764827,
                        "y": 879.54043917051
                    },
                    {
                        "x": 1096.7889100673774,
                        "y": 876.0466414898426
                    },
                    {
                        "x": 1087.472116252264,
                        "y": 869.641345741952
                    },
                    {
                        "x": 1079.3199216640398,
                        "y": 866.1475480612847
                    },
                    {
                        "x": 1064.7624313279252,
                        "y": 857.9953534730604
                    },
                    {
                        "x": 1047.8757425380322,
                        "y": 841.690964296612
                    },
                    {
                        "x": 1051.3695402186997,
                        "y": 856.8307542461712
                    },
                    {
                        "x": 1051.3695402186997,
                        "y": 863.2360499940618
                    },
                    {
                        "x": 1048.4580421514768,
                        "y": 869.641345741952
                    },
                    {
                        "x": 1044.9642444708093,
                        "y": 877.2112407167318
                    },
                    {
                        "x": 1041.4704467901418,
                        "y": 883.6165364646223
                    },
                    {
                        "x": 1035.6474506556958,
                        "y": 884.7811356915114
                    },
                    {
                        "x": 1026.9129564540272,
                        "y": 885.9457349184006
                    },
                    {
                        "x": 1018.1784622523584,
                        "y": 887.6926337587342
                    },
                    {
                        "x": 1009.4439680506896,
                        "y": 881.2873380108439
                    },
                    {
                        "x": 1005.3678707565774,
                        "y": 868.4767465150628
                    },
                    {
                        "x": 1001.87407307591,
                        "y": 860.9068515402835
                    },
                    {
                        "x": 996.6333765549086,
                        "y": 866.1475480612847
                    },
                    {
                        "x": 990.8103804204629,
                        "y": 862.0714507671726
                    },
                    {
                        "x": 979.7466877650157,
                        "y": 845.7670615907242
                    },
                    {
                        "x": 968.6829951095687,
                        "y": 829.4626724142759
                    },
                    {
                        "x": 959.4228137568737,
                        "y": 822.4523309742906
                    },
                    {
                        "x": 956.5921906359623,
                        "y": 835.7966971157288
                    },
                    {
                        "x": 950.5265696625813,
                        "y": 842.2666928206687
                    },
                    {
                        "x": 943.6521992260826,
                        "y": 839.8404444313162
                    },
                    {
                        "x": 937.0807504680191,
                        "y": 834.9863638106502
                    },
                    {
                        "x": 930.4585624602746,
                        "y": 841.5064468541955
                    },
                    {
                        "x": 933.3163810874414,
                        "y": 863.9088284536926
                    },
                    {
                        "x": 938.1688778661463,
                        "y": 882.9144408369533
                    },
                    {
                        "x": 940.1907515239399,
                        "y": 901.9200532202143
                    },
                    {
                        "x": 937.7645031345876,
                        "y": 916.07316882477
                    },
                    {
                        "x": 945.8519977657625,
                        "y": 945.592524228558
                    },
                    {
                        "x": 958.791989175642,
                        "y": 948.827522081028
                    },
                    {
                        "x": 964.8576101490231,
                        "y": 958.9368903699964
                    },
                    {
                        "x": 963.2401112227881,
                        "y": 968.2375091958475
                    },
                    {
                        "x": 962.0269870281119,
                        "y": 977.9425027532571
                    },
                    {
                        "x": 957.9832397125247,
                        "y": 990.0737447000193
                    },
                    {
                        "x": 964.0488606859057,
                        "y": 1017.9756011775725
                    },
                    {
                        "x": 966.4751090752582,
                        "y": 1033.3418409768044
                    },
                    {
                        "x": 966.4751090752582,
                        "y": 1039.8118366817444
                    },
                    {
                        "x": 962.0269870281119,
                        "y": 1041.833710339538
                    },
                    {
                        "x": 958.791989175642,
                        "y": 1036.5768388292745
                    },
                    {
                        "x": 958.3876144440832,
                        "y": 1026.4674705403058
                    },
                    {
                        "x": 958.791989175642,
                        "y": 1022.0193484931598
                    },
                    {
                        "x": 950.7044945444673,
                        "y": 1013.5274791304262
                    },
                    {
                        "x": 949.8957450813499,
                        "y": 1008.6749823517214
                    },
                    {
                        "x": 951.108869276026,
                        "y": 1004.6312350361341
                    },
                    {
                        "x": 952.3219934707022,
                        "y": 1002.2049866467815
                    },
                    {
                        "x": 949.8957450813499,
                        "y": 997.7568645996354
                    },
                    {
                        "x": 944.6388735710863,
                        "y": 997.7568645996354
                    },
                    {
                        "x": 944.2344988395274,
                        "y": 990.0737447000193
                    },
                    {
                        "x": 942.6169999132925,
                        "y": 985.2212479213143
                    },
                    {
                        "x": 936.9557536714702,
                        "y": 981.9862500688446
                    },
                    {
                        "x": 934.9338800136765,
                        "y": 973.8987554376696
                    },
                    {
                        "x": 925.2288864562667,
                        "y": 973.4943807061111
                    },
                    {
                        "x": 916.3326423619743,
                        "y": 972.2812565114348
                    },
                    {
                        "x": 907.4363982676821,
                        "y": 971.0681323167586
                    },
                    {
                        "x": 907.8407729992408,
                        "y": 965.8112608064948
                    },
                    {
                        "x": 912.288895046387,
                        "y": 965.4068860749363
                    },
                    {
                        "x": 923.2070127984729,
                        "y": 963.3850124171425
                    },
                    {
                        "x": 925.6332611878254,
                        "y": 960.1500145646727
                    },
                    {
                        "x": 924.4201369931492,
                        "y": 955.7018925175263
                    },
                    {
                        "x": 912.288895046387,
                        "y": 960.5543892962312
                    },
                    {
                        "x": 902.9882762205359,
                        "y": 964.19376188026
                    },
                    {
                        "x": 884.7914133003926,
                        "y": 960.5543892962312
                    },
                    {
                        "x": 868.2120493064842,
                        "y": 945.592524228558
                    },
                    {
                        "x": 858.9114304806333,
                        "y": 934.2700317449134
                    },
                    {
                        "x": 859.3158052121921,
                        "y": 918.4994172141223
                    },
                    {
                        "x": 859.720179943751,
                        "y": 910.4119225829476
                    },
                    {
                        "x": 861.3376788699859,
                        "y": 904.3463016095666
                    },
                    {
                        "x": 862.550803064662,
                        "y": 898.2806806361855
                    },
                    {
                        "x": 866.5945503802495,
                        "y": 900.302554293979
                    },
                    {
                        "x": 873.8732955483067,
                        "y": 901.9200532202143
                    },
                    {
                        "x": 876.7039186692178,
                        "y": 895.854432246833
                    },
                    {
                        "x": 877.9170428638939,
                        "y": 887.7669376156582
                    },
                    {
                        "x": 881.152040716364,
                        "y": 879.6794429844834
                    },
                    {
                        "x": 882.7695396425988,
                        "y": 873.6138220111023
                    },
                    {
                        "x": 885.1957880319513,
                        "y": 869.9744494270736
                    },
                    {
                        "x": 877.4722306591796,
                        "y": 862.5516457608985
                    },
                    {
                        "x": 873.104983558345,
                        "y": 862.5516457608985
                    },
                    {
                        "x": 869.7082358132517,
                        "y": 869.3451412510852
                    },
                    {
                        "x": 865.8262383902878,
                        "y": 874.1976380297903
                    },
                    {
                        "x": 868.2524867796401,
                        "y": 877.1091360970133
                    },
                    {
                        "x": 859.5179925779713,
                        "y": 882.932132231459
                    },
                    {
                        "x": 860.003242255842,
                        "y": 888.7551283659047
                    },
                    {
                        "x": 853.6949964435256,
                        "y": 891.1813767552574
                    },
                    {
                        "x": 851.7539977320436,
                        "y": 894.5781245003509
                    },
                    {
                        "x": 844.9605022418568,
                        "y": 897.9748722454442
                    },
                    {
                        "x": 837.6817570737996,
                        "y": 899.9158709569261
                    },
                    {
                        "x": 831.8587609393535,
                        "y": 900.4011206347966
                    },
                    {
                        "x": 826.5210144827782,
                        "y": 900.4011206347966
                    },
                    {
                        "x": 819.4848941536562,
                        "y": 919.1529878740043
                    },
                    {
                        "x": 818.9025945402118,
                        "y": 925.5582836218947
                    },
                    {
                        "x": 813.6618980192105,
                        "y": 929.6343809160068
                    },
                    {
                        "x": 809.5858007250986,
                        "y": 942.4449724117876
                    },
                    {
                        "x": 799.6867072965405,
                        "y": 957.0024627479023
                    },
                    {
                        "x": 792.6991119352056,
                        "y": 966.9015561764603
                    },
                    {
                        "x": 785.129216960426,
                        "y": 973.3068519243506
                    },
                    {
                        "x": 775.230123531868,
                        "y": 977.3829492184627
                    },
                    {
                        "x": 769.9894270108666,
                        "y": 983.2059453529087
                    },
                    {
                        "x": 773.4832246915341,
                        "y": 987.8643422604654
                    },
                    {
                        "x": 769.9894270108666,
                        "y": 990.7758403276882
                    },
                    {
                        "x": 763.0018316495316,
                        "y": 989.0289414873544
                    },
                    {
                        "x": 761.2549328091978,
                        "y": 982.0413461260194
                    },
                    {
                        "x": 765.33103010331,
                        "y": 976.8006496050183
                    },
                    {
                        "x": 778.7239212125354,
                        "y": 968.648455016794
                    },
                    {
                        "x": 786.8761158007594,
                        "y": 962.8254588823481
                    },
                    {
                        "x": 790.9522130948717,
                        "y": 955.8378635210131
                    },
                    {
                        "x": 797.9398084562066,
                        "y": 943.6095716386769
                    },
                    {
                        "x": 801.4336061368742,
                        "y": 931.3812797563406
                    },
                    {
                        "x": 806.6743026578754,
                        "y": 923.811384781561
                    },
                    {
                        "x": 806.6743026578754,
                        "y": 918.5706882605596
                    },
                    {
                        "x": 811.9149991788768,
                        "y": 913.9122913530031
                    },
                    {
                        "x": 813.079598405766,
                        "y": 904.0131979244451
                    },
                    {
                        "x": 803.180504977208,
                        "y": 896.4433029496655
                    },
                    {
                        "x": 796.192909615873,
                        "y": 890.038007201775
                    },
                    {
                        "x": 796.192909615873,
                        "y": 884.2150110673291
                    },
                    {
                        "x": 799.6867072965405,
                        "y": 880.1389137732172
                    },
                    {
                        "x": 804.9274038175416,
                        "y": 876.062816479105
                    },
                    {
                        "x": 810.168100338543,
                        "y": 877.2274157059942
                    },
                    {
                        "x": 814.7375348051565,
                        "y": 881.3616418677678
                    },
                    {
                        "x": 819.5900315838617,
                        "y": 880.5528924046503
                    },
                    {
                        "x": 823.633778899449,
                        "y": 879.3397682099741
                    },
                    {
                        "x": 827.2731514834777,
                        "y": 879.3397682099741
                    },
                    {
                        "x": 830.5081493359476,
                        "y": 878.5310187468565
                    },
                    {
                        "x": 832.9343977252998,
                        "y": 876.9135198206216
                    },
                    {
                        "x": 834.9562713830936,
                        "y": 870.8478988472405
                    },
                    {
                        "x": 825.6556525572427,
                        "y": 870.8478988472405
                    },
                    {
                        "x": 809.8850380264519,
                        "y": 870.4435241156816
                    },
                    {
                        "x": 795.3275476903372,
                        "y": 865.9954020685357
                    },
                    {
                        "x": 779.9613078911051,
                        "y": 861.9516547529483
                    },
                    {
                        "x": 770.6606890652541,
                        "y": 859.1210316320373
                    },
                    {
                        "x": 758.1250723869334,
                        "y": 851.437911732421
                    },
                    {
                        "x": 752.4638261451108,
                        "y": 846.9897896852748
                    },
                    {
                        "x": 739.5238347352312,
                        "y": 843.7547918328048
                    },
                    {
                        "x": 733.0538390302914,
                        "y": 837.284796127865
                    },
                    {
                        "x": 727.392592788469,
                        "y": 836.8804213963065
                    },
                    {
                        "x": 727.392592788469,
                        "y": 830.0060509598078
                    },
                    {
                        "x": 722.540096009764,
                        "y": 832.4322993491601
                    },
                    {
                        "x": 721.3269718150879,
                        "y": 840.5197939803351
                    },
                    {
                        "x": 718.091973962618,
                        "y": 844.5635412959224
                    },
                    {
                        "x": 714.0482266470306,
                        "y": 844.5635412959224
                    },
                    {
                        "x": 709.1957298683257,
                        "y": 845.7766654905987
                    },
                    {
                        "x": 704.3432330896208,
                        "y": 844.1591665643637
                    },
                    {
                        "x": 701.9169847002684,
                        "y": 839.3066697856588
                    },
                    {
                        "x": 704.3432330896208,
                        "y": 836.4760466647476
                    },
                    {
                        "x": 701.9169847002684,
                        "y": 828.7929267651317
                    },
                    {
                        "x": 699.0863615793572,
                        "y": 821.918556328633
                    },
                    {
                        "x": 693.0207406059761,
                        "y": 814.2354364290168
                    },
                    {
                        "x": 686.5507449010362,
                        "y": 810.1916891134296
                    },
                    {
                        "x": 686.1463701694776,
                        "y": 806.147941797842
                    },
                    {
                        "x": 688.57261855883,
                        "y": 804.5304428716072
                    },
                    {
                        "x": 695.4469889953286,
                        "y": 803.7216934084897
                    },
                    {
                        "x": 703.1301088949446,
                        "y": 807.7654407240773
                    },
                    {
                        "x": 708.3869804052082,
                        "y": 810.5960638449883
                    },
                    {
                        "x": 710.4088540630019,
                        "y": 807.7654407240773
                    },
                    {
                        "x": 712.8351024523544,
                        "y": 805.3391923347247
                    },
                    {
                        "x": 716.8788497679417,
                        "y": 802.5085692138135
                    },
                    {
                        "x": 721.7313465466466,
                        "y": 797.6560724351087
                    },
                    {
                        "x": 720.5182223519704,
                        "y": 794.8254493141976
                    },
                    {
                        "x": 723.7532202044403,
                        "y": 789.9729525354927
                    },
                    {
                        "x": 728.2013422515865,
                        "y": 782.2898326358765
                    },
                    {
                        "x": 735.8844621512026,
                        "y": 772.1804643469079
                    },
                    {
                        "x": 742.3544578561423,
                        "y": 766.9235928366443
                    },
                    {
                        "x": 757.3163229238157,
                        "y": 762.8798455210571
                    },
                    {
                        "x": 762.5731944340791,
                        "y": 762.4754707894983
                    },
                    {
                        "x": 762.5731944340791,
                        "y": 758.4317234739109
                    },
                    {
                        "x": 762.5731944340791,
                        "y": 747.1092309902662
                    },
                    {
                        "x": 764.9994428234318,
                        "y": 738.2129868959738
                    },
                    {
                        "x": 766.6169417496666,
                        "y": 733.7648648488279
                    },
                    {
                        "x": 759.3381965816095,
                        "y": 726.8904944123292
                    },
                    {
                        "x": 756.5075734606982,
                        "y": 722.0379976336243
                    },
                    {
                        "x": 758.5294471184919,
                        "y": 719.6117492442719
                    },
                    {
                        "x": 762.9775691656381,
                        "y": 720.4204987073894
                    },
                    {
                        "x": 767.8300659443428,
                        "y": 722.0379976336243
                    },
                    {
                        "x": 773.895686917724,
                        "y": 722.4423723651832
                    },
                    {
                        "x": 778.748183696429,
                        "y": 720.0161239758306
                    },
                    {
                        "x": 788.4531772538387,
                        "y": 715.5680019286846
                    },
                    {
                        "x": 798.9669202743657,
                        "y": 710.311130418421
                    },
                    {
                        "x": 812.715661147363,
                        "y": 709.0980062237447
                    },
                    {
                        "x": 818.7812821207441,
                        "y": 709.0980062237447
                    },
                    {
                        "x": 821.2075305100965,
                        "y": 713.1417535393322
                    },
                    {
                        "x": 816.3550337313918,
                        "y": 715.9723766602433
                    },
                    {
                        "x": 805.4369159793059,
                        "y": 717.994250318037
                    },
                    {
                        "x": 793.7100487641021,
                        "y": 722.8467470967419
                    },
                    {
                        "x": 788.8575519853972,
                        "y": 726.0817449492117
                    },
                    {
                        "x": 782.3875562804575,
                        "y": 731.3386164594754
                    },
                    {
                        "x": 777.9394342333113,
                        "y": 736.595487969739
                    },
                    {
                        "x": 777.5350595017526,
                        "y": 743.8742331377963
                    },
                    {
                        "x": 778.748183696429,
                        "y": 754.7923508898822
                    },
                    {
                        "x": 785.2181794013688,
                        "y": 761.262346594822
                    },
                    {
                        "x": 789.6663014485149,
                        "y": 761.6667213263809
                    },
                    {
                        "x": 792.9012993009848,
                        "y": 757.6229740107933
                    },
                    {
                        "x": 795.7319224218959,
                        "y": 756.0054750845584
                    },
                    {
                        "x": 803.8194170530707,
                        "y": 756.0054750845584
                    },
                    {
                        "x": 812.715661147363,
                        "y": 754.7923508898822
                    },
                    {
                        "x": 823.633778899449,
                        "y": 761.262346594822
                    },
                    {
                        "x": 855.1750079610307,
                        "y": 764.9017191788507
                    },
                    {
                        "x": 863.6668773237643,
                        "y": 766.1148433735269
                    },
                    {
                        "x": 871.7543719549391,
                        "y": 762.4754707894983
                    },
                    {
                        "x": 878.6287423914375,
                        "y": 762.0710960579396
                    },
                    {
                        "x": 884.2899886332599,
                        "y": 758.8360982054697
                    },
                    {
                        "x": 875.9361133180763,
                        "y": 746.1040488353443
                    },
                    {
                        "x": 868.9237488340277,
                        "y": 744.278607869355
                    },
                    {
                        "x": 856.3881321557069,
                        "y": 743.065483674679
                    },
                    {
                        "x": 851.535635377002,
                        "y": 744.6829826009138
                    },
                    {
                        "x": 845.470014403621,
                        "y": 745.8961067955901
                    },
                    {
                        "x": 841.8306418195923,
                        "y": 741.8523594800026
                    },
                    {
                        "x": 830.9125240675063,
                        "y": 738.2129868959738
                    },
                    {
                        "x": 820.8031557785378,
                        "y": 736.9998627012977
                    },
                    {
                        "x": 807.0544149055406,
                        "y": 734.1692395803865
                    },
                    {
                        "x": 801.3931686637184,
                        "y": 732.5517406541517
                    },
                    {
                        "x": 796.1362971534547,
                        "y": 734.977989043504
                    },
                    {
                        "x": 792.496924569426,
                        "y": 737.8086121644153
                    },
                    {
                        "x": 788.0488025222799,
                        "y": 742.6611089431202
                    },
                    {
                        "x": 784.4094299382513,
                        "y": 740.2348605537676
                    },
                    {
                        "x": 786.0269288644862,
                        "y": 735.7867385066215
                    },
                    {
                        "x": 788.0488025222799,
                        "y": 732.1473659225928
                    },
                    {
                        "x": 794.114423495661,
                        "y": 726.8904944123292
                    },
                    {
                        "x": 804.6281665161882,
                        "y": 723.6554965598593
                    },
                    {
                        "x": 816.7594084629503,
                        "y": 726.8904944123292
                    },
                    {
                        "x": 825.2512778256839,
                        "y": 728.1036186070053
                    },
                    {
                        "x": 832.1256482621825,
                        "y": 727.2948691438879
                    },
                    {
                        "x": 847.8962627929733,
                        "y": 730.125492264799
                    },
                    {
                        "x": 850.7268859138846,
                        "y": 722.8467470967419
                    },
                    {
                        "x": 853.1531343032369,
                        "y": 715.9723766602433
                    },
                    {
                        "x": 858.0056310819418,
                        "y": 708.6936314921859
                    },
                    {
                        "x": 855.983757424148,
                        "y": 706.6717578343922
                    },
                    {
                        "x": 852.3443848401195,
                        "y": 704.2455094450397
                    },
                    {
                        "x": 850.3225111823258,
                        "y": 700.6061368610111
                    },
                    {
                        "x": 853.9618837663543,
                        "y": 699.7973873978937
                    },
                    {
                        "x": 857.6012563503831,
                        "y": 701.4148863241286
                    },
                    {
                        "x": 861.6450036659705,
                        "y": 701.8192610556873
                    },
                    {
                        "x": 858.8143805450594,
                        "y": 695.3492653507475
                    },
                    {
                        "x": 849.5137617192083,
                        "y": 691.7098927667189
                    },
                    {
                        "x": 844.6612649405034,
                        "y": 688.4748949142489
                    },
                    {
                        "x": 848.7050122560909,
                        "y": 686.0486465248965
                    },
                    {
                        "x": 858.8143805450594,
                        "y": 687.6661454511315
                    },
                    {
                        "x": 862.453753129088,
                        "y": 689.2836443773665
                    },
                    {
                        "x": 866.4975004446754,
                        "y": 692.9230169613951
                    }
                ],
                "resin": 1,
                "browning": true
            }
        ],
        "object_id": "A_a02_B_1_1_22-09-23-10-20-1011"
    },
    "Metadata": {
        "Images": {
            "object_id": "A_a02_B_1_1_22-09-23-10-20-1011",
            "path": "1.Traning_원천데이터_꽃_미수정암꽃",
            "width": 2000,
            "height": 1500
        },
        "environment": {
            "area_id": "A",
            "hemp_id": "A_a02_B_1",
            "area_temp": 27.8,
            "area_hum": 78.4,
            "area_co2": 326,
            "area_Illum": 560,
            "water_temp": 23.2,
            "water_ec": 2.3,
            "water_ph": 5.1
        },
        "Growth Info": {
            "period": 84,
            "length": 61.8,
            "node_number": 28,
            "node_length": 2.2,
            "root_round": 19.3
        }
    }
}