{
    "annotations": {
        "label": {
            "category": 1
        },
        "polygon": [
            {
                "type": "POLYGON",
                "vertices": [
                    {
                        "x": 762.8563319656885,
                        "y": 591.3218472222438
                    },
                    {
                        "x": 761.4473623974256,
                        "y": 577.9366363237473
                    },
                    {
                        "x": 762.1518471815571,
                        "y": 565.9603949935134
                    },
                    {
                        "x": 764.2653015339513,
                        "y": 551.1662145267541
                    },
                    {
                        "x": 767.0832406704768,
                        "y": 539.1899731965203
                    },
                    {
                        "x": 772.719118943528,
                        "y": 530.0316710028121
                    },
                    {
                        "x": 783.286390705499,
                        "y": 518.7599144567098
                    },
                    {
                        "x": 793.85366246747,
                        "y": 508.8971274788702
                    },
                    {
                        "x": 803.0119646611781,
                        "y": 503.261249205819
                    },
                    {
                        "x": 815.6926907755434,
                        "y": 496.21640136450503
                    },
                    {
                        "x": 827.6689321057771,
                        "y": 491.2850078755852
                    },
                    {
                        "x": 824.8509929692515,
                        "y": 483.53567525013983
                    },
                    {
                        "x": 816.3971755596747,
                        "y": 477.19531219295726
                    },
                    {
                        "x": 809.3523277183607,
                        "y": 468.74149478338046
                    },
                    {
                        "x": 800.898510308784,
                        "y": 458.8787078055409
                    },
                    {
                        "x": 794.5581472516013,
                        "y": 447.6069512594385
                    },
                    {
                        "x": 786.808814626156,
                        "y": 436.33519471333614
                    },
                    {
                        "x": 783.9908754896304,
                        "y": 425.06343816723376
                    },
                    {
                        "x": 783.9908754896304,
                        "y": 415.2006511893942
                    },
                    {
                        "x": 783.9908754896304,
                        "y": 404.6333794274232
                    },
                    {
                        "x": 788.2177841944188,
                        "y": 395.475077233715
                    },
                    {
                        "x": 793.1491776833386,
                        "y": 396.1795620178464
                    },
                    {
                        "x": 794.5581472516013,
                        "y": 413.08719683699996
                    },
                    {
                        "x": 795.9671168198641,
                        "y": 421.54101424657676
                    },
                    {
                        "x": 799.4895407405212,
                        "y": 431.4038012244163
                    },
                    {
                        "x": 810.7612972866235,
                        "y": 444.78901212291294
                    },
                    {
                        "x": 818.5106299120689,
                        "y": 452.5383447483583
                    },
                    {
                        "x": 826.2599625375143,
                        "y": 463.1056165103293
                    },
                    {
                        "x": 836.8272342994853,
                        "y": 471.55943391990604
                    },
                    {
                        "x": 845.2810517090621,
                        "y": 475.78634262469444
                    },
                    {
                        "x": 851.6214147662447,
                        "y": 479.30876654535143
                    },
                    {
                        "x": 868.5290495853982,
                        "y": 472.96840348816886
                    },
                    {
                        "x": 872.0514735060552,
                        "y": 468.03700999924905
                    },
                    {
                        "x": 878.3918365632378,
                        "y": 461.6966469420665
                    },
                    {
                        "x": 887.550138756946,
                        "y": 454.6517991007525
                    },
                    {
                        "x": 893.8905018141286,
                        "y": 449.7204056118327
                    },
                    {
                        "x": 901.639834439574,
                        "y": 449.01592082770134
                    },
                    {
                        "x": 901.639834439574,
                        "y": 456.0607686690153
                    },
                    {
                        "x": 897.4129257347855,
                        "y": 460.99216215793507
                    },
                    {
                        "x": 892.4815322458658,
                        "y": 465.9235556468549
                    },
                    {
                        "x": 888.2546235410774,
                        "y": 472.96840348816886
                    },
                    {
                        "x": 883.3232300521576,
                        "y": 480.01325132948284
                    },
                    {
                        "x": 874.1649278584495,
                        "y": 486.3536143866654
                    },
                    {
                        "x": 864.3021408806098,
                        "y": 491.98949265971663
                    },
                    {
                        "x": 860.7797169599528,
                        "y": 492.69397744384804
                    },
                    {
                        "x": 869.2335343695296,
                        "y": 500.4433100692934
                    },
                    {
                        "x": 879.0963213473692,
                        "y": 510.306097047133
                    },
                    {
                        "x": 888.2546235410774,
                        "y": 519.4643992408412
                    },
                    {
                        "x": 896.7084409506541,
                        "y": 526.5092470821552
                    },
                    {
                        "x": 903.7532887919681,
                        "y": 536.3720340599947
                    },
                    {
                        "x": 910.7981366332821,
                        "y": 545.5303362537029
                    },
                    {
                        "x": 916.4340149063333,
                        "y": 555.3931232315425
                    },
                    {
                        "x": 921.3654083952531,
                        "y": 558.9155471521995
                    },
                    {
                        "x": 927.7057714524357,
                        "y": 551.8706993108855
                    },
                    {
                        "x": 933.3416497254868,
                        "y": 547.6437906060971
                    },
                    {
                        "x": 936.1595888620125,
                        "y": 539.8944579806517
                    },
                    {
                        "x": 935.4551040778811,
                        "y": 527.9182166504179
                    },
                    {
                        "x": 935.4551040778811,
                        "y": 518.7599144567098
                    },
                    {
                        "x": 938.2730432144067,
                        "y": 508.19264269473877
                    },
                    {
                        "x": 938.2730432144067,
                        "y": 496.9208861486364
                    },
                    {
                        "x": 938.2730432144067,
                        "y": 489.17155352319105
                    },
                    {
                        "x": 938.9775279985381,
                        "y": 477.89979697708867
                    },
                    {
                        "x": 937.5685584302753,
                        "y": 465.21907086272347
                    },
                    {
                        "x": 937.5685584302753,
                        "y": 451.8338599642269
                    },
                    {
                        "x": 936.1595888620125,
                        "y": 438.4486490657303
                    },
                    {
                        "x": 935.4551040778811,
                        "y": 426.4724077354966
                    },
                    {
                        "x": 936.1595888620125,
                        "y": 417.31410554178836
                    },
                    {
                        "x": 945.3178910557207,
                        "y": 412.3827120528686
                    },
                    {
                        "x": 952.3627388970347,
                        "y": 414.4961664052628
                    },
                    {
                        "x": 958.7031019542172,
                        "y": 421.54101424657676
                    },
                    {
                        "x": 961.5210410907429,
                        "y": 429.99483165615356
                    },
                    {
                        "x": 960.8165563066115,
                        "y": 436.33519471333614
                    },
                    {
                        "x": 953.7717084652975,
                        "y": 439.8576186339931
                    },
                    {
                        "x": 952.3627388970347,
                        "y": 444.0845273387815
                    },
                    {
                        "x": 952.3627388970347,
                        "y": 455.3562838848839
                    },
                    {
                        "x": 952.3627388970347,
                        "y": 472.96840348816886
                    },
                    {
                        "x": 952.3627388970347,
                        "y": 485.649129602534
                    },
                    {
                        "x": 953.7717084652975,
                        "y": 497.6253709327678
                    },
                    {
                        "x": 955.1806780335602,
                        "y": 509.6016122630016
                    },
                    {
                        "x": 954.4761932494288,
                        "y": 520.8733688091039
                    },
                    {
                        "x": 959.4075867383486,
                        "y": 518.0554296725784
                    },
                    {
                        "x": 964.3389802272684,
                        "y": 512.4195513995272
                    },
                    {
                        "x": 972.0883128527138,
                        "y": 506.783673126476
                    },
                    {
                        "x": 979.8376454781592,
                        "y": 499.738825285162
                    },
                    {
                        "x": 986.1780085353417,
                        "y": 488.46706873905964
                    },
                    {
                        "x": 990.4049172401302,
                        "y": 479.30876654535143
                    },
                    {
                        "x": 996.0407955131814,
                        "y": 468.03700999924905
                    },
                    {
                        "x": 1003.0856433544953,
                        "y": 456.76525345314667
                    },
                    {
                        "x": 1008.7215216275465,
                        "y": 446.9024664753071
                    },
                    {
                        "x": 1012.9484303323349,
                        "y": 437.74416428159896
                    },
                    {
                        "x": 1016.4708542529919,
                        "y": 428.58586208789075
                    },
                    {
                        "x": 1019.2887933895175,
                        "y": 415.2006511893942
                    },
                    {
                        "x": 1024.9246716625687,
                        "y": 406.042348995686
                    },
                    {
                        "x": 1029.1515803673572,
                        "y": 399.7019859385034
                    },
                    {
                        "x": 1036.196428208671,
                        "y": 394.06610766545225
                    },
                    {
                        "x": 1042.5367912658537,
                        "y": 394.77059244958366
                    },
                    {
                        "x": 1043.2412760499851,
                        "y": 400.4064707226348
                    },
                    {
                        "x": 1039.718852129328,
                        "y": 406.7468337798174
                    },
                    {
                        "x": 1033.3784890721454,
                        "y": 415.2006511893942
                    },
                    {
                        "x": 1029.1515803673572,
                        "y": 422.9499838148396
                    },
                    {
                        "x": 1027.038126014963,
                        "y": 430.699316440285
                    },
                    {
                        "x": 1025.6291564467,
                        "y": 440.56210341812454
                    },
                    {
                        "x": 1023.5157020943059,
                        "y": 448.3114360435699
                    },
                    {
                        "x": 1018.5843086053861,
                        "y": 456.76525345314667
                    },
                    {
                        "x": 1010.8349759799407,
                        "y": 467.3325252151177
                    },
                    {
                        "x": 1005.1990977068895,
                        "y": 474.3773730564317
                    },
                    {
                        "x": 1000.2677042179697,
                        "y": 480.71773611361425
                    },
                    {
                        "x": 1000.9721890021011,
                        "y": 488.46706873905964
                    },
                    {
                        "x": 999.5632194338383,
                        "y": 498.3298557168992
                    },
                    {
                        "x": 996.7452802973128,
                        "y": 504.6702187740818
                    },
                    {
                        "x": 992.5183715925243,
                        "y": 510.306097047133
                    },
                    {
                        "x": 984.7690389670789,
                        "y": 522.2823383773667
                    },
                    {
                        "x": 979.1331606940278,
                        "y": 529.3271862186807
                    },
                    {
                        "x": 972.0883128527138,
                        "y": 537.0765188441261
                    },
                    {
                        "x": 961.5210410907429,
                        "y": 556.0976080156739
                    },
                    {
                        "x": 956.589647601823,
                        "y": 565.255910209382
                    },
                    {
                        "x": 956.589647601823,
                        "y": 574.4142124030902
                    },
                    {
                        "x": 955.1806780335602,
                        "y": 584.2769993809299
                    },
                    {
                        "x": 955.8851628176916,
                        "y": 592.0263320063752
                    },
                    {
                        "x": 960.8165563066115,
                        "y": 596.957725495295
                    },
                    {
                        "x": 968.5658889320569,
                        "y": 594.1397863587694
                    },
                    {
                        "x": 976.3152215575021,
                        "y": 588.5039080857182
                    },
                    {
                        "x": 984.7690389670789,
                        "y": 584.2769993809299
                    },
                    {
                        "x": 992.5183715925243,
                        "y": 582.1635450285356
                    },
                    {
                        "x": 1000.9721890021011,
                        "y": 584.9814841650613
                    },
                    {
                        "x": 1011.5394607640721,
                        "y": 589.912877653981
                    },
                    {
                        "x": 1021.4022477419117,
                        "y": 596.2532407111636
                    },
                    {
                        "x": 1028.4470955832257,
                        "y": 601.1846342000833
                    },
                    {
                        "x": 1027.038126014963,
                        "y": 608.2294820413973
                    },
                    {
                        "x": 1020.6977629577802,
                        "y": 610.3429363937915
                    },
                    {
                        "x": 1011.5394607640721,
                        "y": 608.2294820413973
                    },
                    {
                        "x": 1003.0856433544953,
                        "y": 603.2980885524776
                    },
                    {
                        "x": 996.0407955131814,
                        "y": 601.8891189842147
                    },
                    {
                        "x": 990.4049172401302,
                        "y": 611.7519059620544
                    },
                    {
                        "x": 985.4735237512103,
                        "y": 618.0922690192369
                    },
                    {
                        "x": 979.1331606940278,
                        "y": 624.4326320764195
                    },
                    {
                        "x": 972.0883128527138,
                        "y": 627.9550559970766
                    },
                    {
                        "x": 972.7927976368452,
                        "y": 638.5223277590475
                    },
                    {
                        "x": 977.724191125765,
                        "y": 641.3402668955731
                    },
                    {
                        "x": 991.8138868083929,
                        "y": 639.9312973273103
                    },
                    {
                        "x": 1000.9721890021011,
                        "y": 639.9312973273103
                    },
                    {
                        "x": 1010.8349759799407,
                        "y": 644.1582060320986
                    },
                    {
                        "x": 1017.8798238212547,
                        "y": 648.3851147368871
                    },
                    {
                        "x": 1030.56054993562,
                        "y": 651.907538657544
                    },
                    {
                        "x": 1039.718852129328,
                        "y": 651.907538657544
                    },
                    {
                        "x": 1047.4681847547733,
                        "y": 653.3165082258068
                    },
                    {
                        "x": 1058.0354565167445,
                        "y": 656.8389321464639
                    },
                    {
                        "x": 1071.420667415241,
                        "y": 656.1344473623325
                    },
                    {
                        "x": 1095.3731500757085,
                        "y": 653.3165082258068
                    },
                    {
                        "x": 1107.3493914059422,
                        "y": 651.907538657544
                    },
                    {
                        "x": 1122.1435718727016,
                        "y": 651.2030538734126
                    },
                    {
                        "x": 1135.5287827711982,
                        "y": 651.2030538734126
                    },
                    {
                        "x": 1148.9139936696947,
                        "y": 650.4985690892813
                    },
                    {
                        "x": 1160.8902349999287,
                        "y": 651.2030538734126
                    },
                    {
                        "x": 1174.9799306825566,
                        "y": 650.4985690892813
                    },
                    {
                        "x": 1189.0696263651846,
                        "y": 646.2716603844929
                    },
                    {
                        "x": 1196.1144742064985,
                        "y": 639.9312973273103
                    },
                    {
                        "x": 1206.6817459684694,
                        "y": 632.1819647018649
                    },
                    {
                        "x": 1213.7265938097835,
                        "y": 628.659540781208
                    },
                    {
                        "x": 1220.066956866966,
                        "y": 630.7729951336021
                    },
                    {
                        "x": 1217.953502514572,
                        "y": 637.8178429749161
                    },
                    {
                        "x": 1210.2041698891264,
                        "y": 642.7492364638359
                    },
                    {
                        "x": 1205.977261184338,
                        "y": 647.6806299527557
                    },
                    {
                        "x": 1219.3624720828348,
                        "y": 653.3165082258068
                    },
                    {
                        "x": 1223.589380787623,
                        "y": 661.7703256353836
                    },
                    {
                        "x": 1222.8848960034916,
                        "y": 672.3375973973547
                    },
                    {
                        "x": 1218.6579872987033,
                        "y": 679.3824452386687
                    },
                    {
                        "x": 1209.499685104995,
                        "y": 685.7228082958512
                    },
                    {
                        "x": 1200.341382911287,
                        "y": 688.5407474323767
                    },
                    {
                        "x": 1188.3651415810532,
                        "y": 692.7676561371652
                    },
                    {
                        "x": 1177.797869819082,
                        "y": 694.176625705428
                    },
                    {
                        "x": 1163.708174136454,
                        "y": 694.8811104895593
                    },
                    {
                        "x": 1152.4364175903518,
                        "y": 694.8811104895593
                    },
                    {
                        "x": 1139.7556914759866,
                        "y": 695.5855952736907
                    },
                    {
                        "x": 1136.2332675553296,
                        "y": 698.4035344102164
                    },
                    {
                        "x": 1143.982600180775,
                        "y": 710.3797757404501
                    },
                    {
                        "x": 1152.4364175903518,
                        "y": 720.2425627182897
                    },
                    {
                        "x": 1168.639567625374,
                        "y": 725.1739562072096
                    },
                    {
                        "x": 1177.797869819082,
                        "y": 730.8098344802607
                    },
                    {
                        "x": 1188.3651415810532,
                        "y": 733.6277736167864
                    },
                    {
                        "x": 1199.6368981271555,
                        "y": 735.7412279691806
                    },
                    {
                        "x": 1210.2041698891264,
                        "y": 735.0367431850492
                    },
                    {
                        "x": 1217.953502514572,
                        "y": 732.2188040485236
                    },
                    {
                        "x": 1229.9297438448057,
                        "y": 725.1739562072096
                    },
                    {
                        "x": 1246.8373786639593,
                        "y": 720.2425627182897
                    },
                    {
                        "x": 1258.1091352100616,
                        "y": 717.4246235817641
                    },
                    {
                        "x": 1269.380891756164,
                        "y": 719.5380779341583
                    },
                    {
                        "x": 1279.2436787340034,
                        "y": 722.356017070684
                    },
                    {
                        "x": 1287.6974961435803,
                        "y": 730.1053496961293
                    },
                    {
                        "x": 1289.8109504959746,
                        "y": 735.0367431850492
                    },
                    {
                        "x": 1282.7661026546605,
                        "y": 735.7412279691806
                    },
                    {
                        "x": 1274.3122852450838,
                        "y": 732.923288832655
                    },
                    {
                        "x": 1264.449498267244,
                        "y": 730.1053496961293
                    },
                    {
                        "x": 1253.1777417211417,
                        "y": 730.1053496961293
                    },
                    {
                        "x": 1244.723924311565,
                        "y": 734.3322584009178
                    },
                    {
                        "x": 1231.3387134130685,
                        "y": 740.6726214581004
                    },
                    {
                        "x": 1222.8848960034916,
                        "y": 745.6040149470201
                    },
                    {
                        "x": 1213.7265938097835,
                        "y": 749.8309236518086
                    },
                    {
                        "x": 1203.863806831944,
                        "y": 753.3533475724655
                    },
                    {
                        "x": 1192.5920502858414,
                        "y": 753.3533475724655
                    },
                    {
                        "x": 1183.4337480921333,
                        "y": 754.0578323565969
                    },
                    {
                        "x": 1191.1830807175786,
                        "y": 761.8071649820423
                    },
                    {
                        "x": 1198.932413343024,
                        "y": 767.4430432550935
                    },
                    {
                        "x": 1204.5682916160754,
                        "y": 778.0103150170645
                    },
                    {
                        "x": 1203.863806831944,
                        "y": 784.3506780742471
                    },
                    {
                        "x": 1198.932413343024,
                        "y": 788.5775867790354
                    },
                    {
                        "x": 1192.5920502858414,
                        "y": 787.1686172107726
                    },
                    {
                        "x": 1190.4785959334472,
                        "y": 778.0103150170645
                    },
                    {
                        "x": 1184.8427176603961,
                        "y": 770.9654671757505
                    },
                    {
                        "x": 1176.3889002508192,
                        "y": 768.1475280392249
                    },
                    {
                        "x": 1165.8216284888483,
                        "y": 766.7385584709621
                    },
                    {
                        "x": 1156.6633262951402,
                        "y": 763.9206193344365
                    },
                    {
                        "x": 1146.8005393173007,
                        "y": 756.8757714931226
                    },
                    {
                        "x": 1139.0512066918552,
                        "y": 747.7174692994143
                    },
                    {
                        "x": 1134.1198132029353,
                        "y": 739.2636518898375
                    },
                    {
                        "x": 1123.5525414409644,
                        "y": 733.6277736167864
                    },
                    {
                        "x": 1109.4628457583365,
                        "y": 726.5829257754724
                    },
                    {
                        "x": 1097.4866044281027,
                        "y": 723.0605018548154
                    },
                    {
                        "x": 1093.2596957233143,
                        "y": 730.1053496961293
                    },
                    {
                        "x": 1094.668665291577,
                        "y": 740.6726214581004
                    },
                    {
                        "x": 1096.07763485984,
                        "y": 752.6488627883341
                    },
                    {
                        "x": 1099.600058780497,
                        "y": 763.2161345503051
                    },
                    {
                        "x": 1104.5314522694166,
                        "y": 773.0789215281446
                    },
                    {
                        "x": 1107.3493914059422,
                        "y": 784.3506780742471
                    },
                    {
                        "x": 1113.689754463125,
                        "y": 782.2372237218528
                    },
                    {
                        "x": 1123.5525414409644,
                        "y": 779.4192845853273
                    },
                    {
                        "x": 1127.0749653616215,
                        "y": 783.6461932901157
                    },
                    {
                        "x": 1129.1884197140157,
                        "y": 788.5775867790354
                    },
                    {
                        "x": 1125.6659957933587,
                        "y": 794.917949836218
                    },
                    {
                        "x": 1117.9166631679132,
                        "y": 800.5538281092693
                    },
                    {
                        "x": 1111.5763001107307,
                        "y": 805.485221598189
                    },
                    {
                        "x": 1103.8269674852852,
                        "y": 804.7807368140576
                    },
                    {
                        "x": 1093.2596957233143,
                        "y": 799.8493433251379
                    },
                    {
                        "x": 1086.2148478820004,
                        "y": 796.3269194044808
                    },
                    {
                        "x": 1078.465515256555,
                        "y": 801.962797677532
                    },
                    {
                        "x": 1066.4892739263212,
                        "y": 807.5986759505832
                    },
                    {
                        "x": 1060.1489108691385,
                        "y": 811.1210998712402
                    },
                    {
                        "x": 1052.3995782436932,
                        "y": 801.962797677532
                    },
                    {
                        "x": 1047.4681847547733,
                        "y": 798.440373756875
                    },
                    {
                        "x": 1046.0592151865105,
                        "y": 804.7807368140576
                    },
                    {
                        "x": 1051.6950934595618,
                        "y": 815.3480085760286
                    },
                    {
                        "x": 1058.0354565167445,
                        "y": 825.2107955538681
                    },
                    {
                        "x": 1064.375819573927,
                        "y": 837.8915216682333
                    },
                    {
                        "x": 1068.6027282787154,
                        "y": 846.3453390778101
                    },
                    {
                        "x": 1074.2386065517665,
                        "y": 859.0260651921753
                    },
                    {
                        "x": 1077.056545688292,
                        "y": 868.8888521700148
                    },
                    {
                        "x": 1079.1700000406863,
                        "y": 878.047154363723
                    },
                    {
                        "x": 1082.6924239613434,
                        "y": 889.3189109098254
                    },
                    {
                        "x": 1087.6238174502632,
                        "y": 898.4772131035336
                    },
                    {
                        "x": 1091.14624137092,
                        "y": 909.748969649636
                    },
                    {
                        "x": 1094.668665291577,
                        "y": 918.9072718433441
                    },
                    {
                        "x": 1096.07763485984,
                        "y": 927.3610892529209
                    },
                    {
                        "x": 1099.600058780497,
                        "y": 931.5879979577094
                    },
                    {
                        "x": 1103.8269674852852,
                        "y": 942.1552697196803
                    },
                    {
                        "x": 1101.7135131328912,
                        "y": 949.9046023451257
                    },
                    {
                        "x": 1095.3731500757085,
                        "y": 951.3135719133885
                    },
                    {
                        "x": 1089.0327870185258,
                        "y": 947.7911479927315
                    },
                    {
                        "x": 1083.3969087454748,
                        "y": 938.6328457990234
                    },
                    {
                        "x": 1077.056545688292,
                        "y": 930.1790283894466
                    },
                    {
                        "x": 1070.0116978469782,
                        "y": 921.7252109798698
                    },
                    {
                        "x": 1060.85339565327,
                        "y": 916.79381749095
                    },
                    {
                        "x": 1060.85339565327,
                        "y": 928.0655740370523
                    },
                    {
                        "x": 1062.9668500056641,
                        "y": 942.1552697196803
                    },
                    {
                        "x": 1058.739941300876,
                        "y": 954.8359958340454
                    },
                    {
                        "x": 1058.0354565167445,
                        "y": 963.9942980277536
                    },
                    {
                        "x": 1059.4444260850073,
                        "y": 977.3795089262502
                    },
                    {
                        "x": 1058.739941300876,
                        "y": 987.2422959040898
                    },
                    {
                        "x": 1057.330971732613,
                        "y": 996.400598097798
                    },
                    {
                        "x": 1057.330971732613,
                        "y": 1001.3319915867178
                    },
                    {
                        "x": 1050.9906086754304,
                        "y": 1007.6723546439003
                    },
                    {
                        "x": 1043.2412760499851,
                        "y": 1011.1947785645574
                    },
                    {
                        "x": 1034.0829738562768,
                        "y": 1009.0813242121632
                    },
                    {
                        "x": 1027.7426107990943,
                        "y": 1000.6275068025864
                    },
                    {
                        "x": 1031.9695195038826,
                        "y": 994.2871437454038
                    },
                    {
                        "x": 1037.6053977769338,
                        "y": 999.923022018455
                    },
                    {
                        "x": 1043.2412760499851,
                        "y": 999.2185372343235
                    },
                    {
                        "x": 1046.763699970642,
                        "y": 992.878174177141
                    },
                    {
                        "x": 1046.0592151865105,
                        "y": 985.1288415516956
                    },
                    {
                        "x": 1045.3547304023791,
                        "y": 971.0391458690676
                    },
                    {
                        "x": 1046.0592151865105,
                        "y": 958.3584197547025
                    },
                    {
                        "x": 1046.763699970642,
                        "y": 944.9732088562059
                    },
                    {
                        "x": 1048.1726695389048,
                        "y": 931.5879979577094
                    },
                    {
                        "x": 1047.4681847547733,
                        "y": 918.2027870592127
                    },
                    {
                        "x": 1040.4233369134595,
                        "y": 897.7727283194022
                    },
                    {
                        "x": 1034.0829738562768,
                        "y": 888.614426125694
                    },
                    {
                        "x": 1029.8560651514886,
                        "y": 879.4561239319859
                    },
                    {
                        "x": 1024.2201868784373,
                        "y": 869.5933369541463
                    },
                    {
                        "x": 1017.8798238212547,
                        "y": 859.0260651921753
                    },
                    {
                        "x": 1012.9484303323349,
                        "y": 847.7543086460729
                    },
                    {
                        "x": 1006.6080672751523,
                        "y": 837.187036884102
                    },
                    {
                        "x": 1002.3811585703639,
                        "y": 826.619765122131
                    },
                    {
                        "x": 996.7452802973128,
                        "y": 817.4614629284227
                    },
                    {
                        "x": 992.5183715925243,
                        "y": 817.4614629284227
                    },
                    {
                        "x": 980.5421302622906,
                        "y": 811.1210998712402
                    },
                    {
                        "x": 967.8614041479254,
                        "y": 803.3717672457948
                    },
                    {
                        "x": 955.8851628176916,
                        "y": 793.5089802679553
                    },
                    {
                        "x": 951.6582541129033,
                        "y": 788.5775867790354
                    },
                    {
                        "x": 949.544799760509,
                        "y": 799.8493433251379
                    },
                    {
                        "x": 945.3178910557207,
                        "y": 808.3031607347147
                    },
                    {
                        "x": 938.9775279985381,
                        "y": 813.2345542236344
                    },
                    {
                        "x": 930.5237105889613,
                        "y": 817.4614629284227
                    },
                    {
                        "x": 927.0012866683043,
                        "y": 824.5063107697367
                    },
                    {
                        "x": 926.2968018841729,
                        "y": 833.6646129634449
                    },
                    {
                        "x": 924.1833475317787,
                        "y": 842.1184303730217
                    },
                    {
                        "x": 918.5474692587275,
                        "y": 849.1632782143357
                    },
                    {
                        "x": 910.7981366332821,
                        "y": 856.9126108397811
                    },
                    {
                        "x": 902.3443192237054,
                        "y": 855.5036412715183
                    },
                    {
                        "x": 902.3443192237054,
                        "y": 848.4587934302043
                    },
                    {
                        "x": 907.2757127126251,
                        "y": 842.8229151571531
                    },
                    {
                        "x": 912.2071062015449,
                        "y": 837.187036884102
                    },
                    {
                        "x": 910.7981366332821,
                        "y": 828.0287346903938
                    },
                    {
                        "x": 910.7981366332821,
                        "y": 817.4614629284227
                    },
                    {
                        "x": 910.7981366332821,
                        "y": 807.5986759505832
                    },
                    {
                        "x": 915.0250453380705,
                        "y": 801.962797677532
                    },
                    {
                        "x": 922.0698931793845,
                        "y": 798.440373756875
                    },
                    {
                        "x": 915.7295301222019,
                        "y": 788.5775867790354
                    },
                    {
                        "x": 907.2757127126251,
                        "y": 782.9417085059843
                    },
                    {
                        "x": 895.2994713823914,
                        "y": 786.4641324266413
                    },
                    {
                        "x": 890.3680778934715,
                        "y": 789.9865563472982
                    },
                    {
                        "x": 885.4366844045518,
                        "y": 801.2583128934007
                    },
                    {
                        "x": 879.8008061315006,
                        "y": 816.0524933601599
                    },
                    {
                        "x": 872.7559582901866,
                        "y": 832.2556433951821
                    },
                    {
                        "x": 865.7111104488727,
                        "y": 846.3453390778101
                    },
                    {
                        "x": 856.5528082551645,
                        "y": 861.8440043287009
                    },
                    {
                        "x": 850.9169299821133,
                        "y": 873.8202456589347
                    },
                    {
                        "x": 844.5765669249307,
                        "y": 886.5009717732999
                    },
                    {
                        "x": 839.6451734360109,
                        "y": 897.7727283194022
                    },
                    {
                        "x": 835.4182647312225,
                        "y": 910.4534544337673
                    },
                    {
                        "x": 829.7823864581713,
                        "y": 923.838665332264
                    },
                    {
                        "x": 823.4420234009888,
                        "y": 940.0418153672861
                    },
                    {
                        "x": 819.2151146962003,
                        "y": 951.3135719133885
                    },
                    {
                        "x": 818.5106299120689,
                        "y": 963.9942980277536
                    },
                    {
                        "x": 821.3285690485945,
                        "y": 973.1526002214619
                    },
                    {
                        "x": 825.5554777533829,
                        "y": 977.3795089262502
                    },
                    {
                        "x": 834.7137799470911,
                        "y": 980.1974480627758
                    },
                    {
                        "x": 848.8034756297191,
                        "y": 984.4243567675642
                    },
                    {
                        "x": 857.9617778234273,
                        "y": 990.0602350406155
                    },
                    {
                        "x": 865.7111104488727,
                        "y": 995.6961133136666
                    },
                    {
                        "x": 874.8694126425808,
                        "y": 999.923022018455
                    },
                    {
                        "x": 885.4366844045518,
                        "y": 1004.8544155073747
                    },
                    {
                        "x": 892.4815322458658,
                        "y": 1009.0813242121632
                    },
                    {
                        "x": 893.1860170299972,
                        "y": 1014.0127177010829
                    },
                    {
                        "x": 883.3232300521576,
                        "y": 1014.7172024852143
                    },
                    {
                        "x": 873.460443074318,
                        "y": 1010.490293780426
                    },
                    {
                        "x": 865.0066256647413,
                        "y": 1006.2633850756375
                    },
                    {
                        "x": 854.4393539027702,
                        "y": 1000.6275068025864
                    },
                    {
                        "x": 845.9855364931934,
                        "y": 997.1050828819294
                    },
                    {
                        "x": 838.236203867748,
                        "y": 994.9916285295352
                    },
                    {
                        "x": 826.2599625375143,
                        "y": 992.878174177141
                    },
                    {
                        "x": 815.6926907755434,
                        "y": 989.355750256484
                    },
                    {
                        "x": 806.5343885818352,
                        "y": 983.0153871993014
                    },
                    {
                        "x": 800.1940255246526,
                        "y": 967.5167219484107
                    },
                    {
                        "x": 798.0805711722584,
                        "y": 958.3584197547025
                    },
                    {
                        "x": 799.4895407405212,
                        "y": 952.0180566975199
                    },
                    {
                        "x": 804.420934229441,
                        "y": 940.7463001514175
                    },
                    {
                        "x": 810.0568125024921,
                        "y": 926.6566044687895
                    },
                    {
                        "x": 817.1016603438061,
                        "y": 912.5669087861615
                    },
                    {
                        "x": 822.7375386168574,
                        "y": 899.181697887665
                    },
                    {
                        "x": 826.9644473216457,
                        "y": 886.5009717732999
                    },
                    {
                        "x": 831.8958408105655,
                        "y": 875.2292152271974
                    },
                    {
                        "x": 836.1227495153539,
                        "y": 864.6619434652265
                    },
                    {
                        "x": 839.6451734360109,
                        "y": 856.9126108397811
                    },
                    {
                        "x": 842.4631125725365,
                        "y": 848.4587934302043
                    },
                    {
                        "x": 844.5765669249307,
                        "y": 836.4825520999706
                    },
                    {
                        "x": 845.2810517090621,
                        "y": 825.2107955538681
                    },
                    {
                        "x": 838.236203867748,
                        "y": 825.2107955538681
                    },
                    {
                        "x": 830.4868712423028,
                        "y": 831.5511586110507
                    },
                    {
                        "x": 825.5554777533829,
                        "y": 839.3004912364961
                    },
                    {
                        "x": 820.6240842644631,
                        "y": 849.8677629984671
                    },
                    {
                        "x": 812.8747516390177,
                        "y": 861.8440043287009
                    },
                    {
                        "x": 804.420934229441,
                        "y": 873.1157608748033
                    },
                    {
                        "x": 793.1491776833386,
                        "y": 880.8650935002487
                    },
                    {
                        "x": 783.286390705499,
                        "y": 888.614426125694
                    },
                    {
                        "x": 771.3101493752653,
                        "y": 897.0682435352708
                    },
                    {
                        "x": 753.6980297719803,
                        "y": 910.4534544337673
                    },
                    {
                        "x": 743.8352427941406,
                        "y": 914.6803631385558
                    },
                    {
                        "x": 733.9724558163011,
                        "y": 915.3848479226872
                    },
                    {
                        "x": 723.4051840543301,
                        "y": 918.2027870592127
                    },
                    {
                        "x": 713.5423970764906,
                        "y": 921.7252109798698
                    },
                    {
                        "x": 703.679610098651,
                        "y": 928.7700588211837
                    },
                    {
                        "x": 693.8168231208114,
                        "y": 935.1104218783663
                    },
                    {
                        "x": 685.3630057112347,
                        "y": 942.8597545038117
                    },
                    {
                        "x": 677.6136730857893,
                        "y": 952.0180566975199
                    },
                    {
                        "x": 671.977794812738,
                        "y": 955.5404806181768
                    },
                    {
                        "x": 662.8194926190299,
                        "y": 952.0180566975199
                    },
                    {
                        "x": 666.3419165396868,
                        "y": 944.9732088562059
                    },
                    {
                        "x": 674.7957339492636,
                        "y": 937.928361014892
                    },
                    {
                        "x": 683.2495513588404,
                        "y": 930.883513173578
                    },
                    {
                        "x": 693.11233833668,
                        "y": 921.0207261957383
                    },
                    {
                        "x": 705.0885796669138,
                        "y": 912.5669087861615
                    },
                    {
                        "x": 720.5872449178046,
                        "y": 904.1130913765847
                    },
                    {
                        "x": 736.0859101686954,
                        "y": 898.4772131035336
                    },
                    {
                        "x": 749.4711210671919,
                        "y": 894.2503043987452
                    },
                    {
                        "x": 759.3339080450314,
                        "y": 892.136850046351
                    },
                    {
                        "x": 767.0832406704768,
                        "y": 885.7964869891684
                    },
                    {
                        "x": 776.9460276483164,
                        "y": 878.047154363723
                    },
                    {
                        "x": 782.5819059213676,
                        "y": 868.1843673858834
                    },
                    {
                        "x": 788.9222689785502,
                        "y": 856.2081260556497
                    },
                    {
                        "x": 795.9671168198641,
                        "y": 844.231884725416
                    },
                    {
                        "x": 799.4895407405212,
                        "y": 837.8915216682333
                    },
                    {
                        "x": 807.2388733659666,
                        "y": 826.619765122131
                    },
                    {
                        "x": 813.5792364231492,
                        "y": 816.0524933601599
                    },
                    {
                        "x": 819.9195994803317,
                        "y": 809.7121303029774
                    },
                    {
                        "x": 818.5106299120689,
                        "y": 799.1448585410064
                    },
                    {
                        "x": 811.4657820707549,
                        "y": 802.6672824616634
                    },
                    {
                        "x": 805.8299037977038,
                        "y": 807.5986759505832
                    },
                    {
                        "x": 795.9671168198641,
                        "y": 816.0524933601599
                    },
                    {
                        "x": 783.286390705499,
                        "y": 825.9152803379995
                    },
                    {
                        "x": 769.196695022871,
                        "y": 835.7780673158392
                    },
                    {
                        "x": 753.6980297719803,
                        "y": 843.5273999412846
                    },
                    {
                        "x": 740.3128188734837,
                        "y": 850.5722477825985
                    },
                    {
                        "x": 729.7455471115127,
                        "y": 854.0946717032555
                    },
                    {
                        "x": 719.1782753495418,
                        "y": 856.9126108397811
                    },
                    {
                        "x": 709.3154883717021,
                        "y": 863.9574586810951
                    },
                    {
                        "x": 698.0437318255998,
                        "y": 877.3426695795916
                    },
                    {
                        "x": 690.2943992001544,
                        "y": 886.5009717732999
                    },
                    {
                        "x": 677.6136730857893,
                        "y": 894.2503043987452
                    },
                    {
                        "x": 661.4105230507671,
                        "y": 901.2951522400592
                    },
                    {
                        "x": 648.0253121522705,
                        "y": 906.226545728979
                    },
                    {
                        "x": 640.9804643109566,
                        "y": 909.748969649636
                    },
                    {
                        "x": 629.0042229807227,
                        "y": 912.5669087861615
                    },
                    {
                        "x": 619.8459207870146,
                        "y": 921.0207261957383
                    },
                    {
                        "x": 611.3921033774378,
                        "y": 926.6566044687895
                    },
                    {
                        "x": 598.0068924789413,
                        "y": 931.5879979577094
                    },
                    {
                        "x": 588.8485902852331,
                        "y": 932.2924827418407
                    },
                    {
                        "x": 581.0992576597877,
                        "y": 933.7014523101035
                    },
                    {
                        "x": 579.6902880915248,
                        "y": 926.6566044687895
                    },
                    {
                        "x": 585.326166364576,
                        "y": 921.7252109798698
                    },
                    {
                        "x": 595.1889533424156,
                        "y": 921.0207261957383
                    },
                    {
                        "x": 605.0517403202552,
                        "y": 916.0893327068186
                    },
                    {
                        "x": 613.5055577298319,
                        "y": 908.3400000813732
                    },
                    {
                        "x": 620.5504055711459,
                        "y": 899.8861826717964
                    },
                    {
                        "x": 631.117677333117,
                        "y": 895.6592739670081
                    },
                    {
                        "x": 642.3894338792193,
                        "y": 891.4323652622196
                    },
                    {
                        "x": 653.6611904253217,
                        "y": 887.9099413415627
                    },
                    {
                        "x": 663.5239774031613,
                        "y": 885.092002205037
                    },
                    {
                        "x": 675.5002187333951,
                        "y": 875.2292152271974
                    },
                    {
                        "x": 686.067490495366,
                        "y": 866.7753978176206
                    },
                    {
                        "x": 690.2943992001544,
                        "y": 859.0260651921753
                    },
                    {
                        "x": 698.7482166097312,
                        "y": 849.8677629984671
                    },
                    {
                        "x": 707.9065188034393,
                        "y": 842.1184303730217
                    },
                    {
                        "x": 719.1782753495418,
                        "y": 836.4825520999706
                    },
                    {
                        "x": 731.8590014639069,
                        "y": 829.4377042586566
                    },
                    {
                        "x": 743.8352427941406,
                        "y": 823.8018259856053
                    },
                    {
                        "x": 755.8114841243745,
                        "y": 816.0524933601599
                    },
                    {
                        "x": 766.3787558863454,
                        "y": 807.5986759505832
                    },
                    {
                        "x": 775.5370580800536,
                        "y": 798.440373756875
                    },
                    {
                        "x": 779.0594820007107,
                        "y": 787.1686172107726
                    },
                    {
                        "x": 762.1518471815571,
                        "y": 783.6461932901157
                    },
                    {
                        "x": 750.8800906354547,
                        "y": 776.6013454488017
                    },
                    {
                        "x": 742.4262732258779,
                        "y": 768.1475280392249
                    },
                    {
                        "x": 736.0859101686954,
                        "y": 758.2847410613853
                    },
                    {
                        "x": 732.5634862480383,
                        "y": 745.6040149470201
                    },
                    {
                        "x": 731.1545166797755,
                        "y": 735.0367431850492
                    },
                    {
                        "x": 729.7455471115127,
                        "y": 725.1739562072096
                    },
                    {
                        "x": 726.2231231908557,
                        "y": 711.788745308713
                    },
                    {
                        "x": 723.4051840543301,
                        "y": 697.6990496260851
                    },
                    {
                        "x": 721.291729701936,
                        "y": 685.0183235117199
                    },
                    {
                        "x": 717.0648209971475,
                        "y": 680.0869300228001
                    },
                    {
                        "x": 707.202034019308,
                        "y": 680.7914148069315
                    },
                    {
                        "x": 695.2257926890742,
                        "y": 680.0869300228001
                    },
                    {
                        "x": 680.4316122223148,
                        "y": 678.6779604545372
                    },
                    {
                        "x": 664.932946971424,
                        "y": 674.4510517497489
                    },
                    {
                        "x": 650.1387665046647,
                        "y": 670.9286278290919
                    },
                    {
                        "x": 638.1625251744309,
                        "y": 663.1792952036466
                    },
                    {
                        "x": 631.117677333117,
                        "y": 661.0658408512523
                    },
                    {
                        "x": 619.1414360028832,
                        "y": 660.3613560671209
                    },
                    {
                        "x": 614.9145272980948,
                        "y": 665.9972343401721
                    },
                    {
                        "x": 607.1651946726494,
                        "y": 668.8151734766977
                    },
                    {
                        "x": 601.5293163995982,
                        "y": 664.5882647719093
                    },
                    {
                        "x": 591.6665294217586,
                        "y": 663.1792952036466
                    },
                    {
                        "x": 580.3947728756563,
                        "y": 663.1792952036466
                    },
                    {
                        "x": 568.4185315454225,
                        "y": 661.0658408512523
                    },
                    {
                        "x": 559.9647141358457,
                        "y": 656.8389321464639
                    },
                    {
                        "x": 551.5108967262689,
                        "y": 654.7254777940698
                    },
                    {
                        "x": 539.5346553960352,
                        "y": 654.0209930099384
                    },
                    {
                        "x": 533.1942923388525,
                        "y": 649.7940843051499
                    },
                    {
                        "x": 542.3525945325607,
                        "y": 645.5671756003616
                    },
                    {
                        "x": 548.6929575897433,
                        "y": 645.5671756003616
                    },
                    {
                        "x": 556.4422902151887,
                        "y": 647.6806299527558
                    },
                    {
                        "x": 565.6005924088969,
                        "y": 651.9075386575441
                    },
                    {
                        "x": 573.3499250343423,
                        "y": 654.0209930099384
                    },
                    {
                        "x": 583.2127120121819,
                        "y": 655.4299625782012
                    },
                    {
                        "x": 593.7799837741528,
                        "y": 654.7254777940698
                    },
                    {
                        "x": 602.938285967861,
                        "y": 651.9075386575441
                    },
                    {
                        "x": 612.8010729457006,
                        "y": 644.8626908162302
                    },
                    {
                        "x": 609.983133809175,
                        "y": 641.3402668955732
                    },
                    {
                        "x": 594.4844685582842,
                        "y": 639.226812543179
                    },
                    {
                        "x": 581.8037424439191,
                        "y": 638.5223277590476
                    },
                    {
                        "x": 571.236470681948,
                        "y": 636.4088734066534
                    },
                    {
                        "x": 558.5557445675829,
                        "y": 636.4088734066534
                    },
                    {
                        "x": 550.8064119421375,
                        "y": 634.9999038383905
                    },
                    {
                        "x": 536.7167162595096,
                        "y": 637.8178429749162
                    },
                    {
                        "x": 526.8539292816699,
                        "y": 640.6357821114418
                    },
                    {
                        "x": 519.809081440356,
                        "y": 639.9312973273104
                    },
                    {
                        "x": 516.286657519699,
                        "y": 633.5909342701278
                    },
                    {
                        "x": 526.8539292816699,
                        "y": 630.7729951336022
                    },
                    {
                        "x": 536.7167162595096,
                        "y": 629.3640255653394
                    },
                    {
                        "x": 546.5795032373492,
                        "y": 626.5460864288139
                    },
                    {
                        "x": 559.2602293517143,
                        "y": 624.4326320764196
                    },
                    {
                        "x": 574.7588946026051,
                        "y": 625.8416016446824
                    },
                    {
                        "x": 591.6665294217586,
                        "y": 626.5460864288139
                    },
                    {
                        "x": 609.983133809175,
                        "y": 627.9550559970766
                    },
                    {
                        "x": 625.4817990600658,
                        "y": 630.7729951336022
                    },
                    {
                        "x": 644.5028882316135,
                        "y": 632.181964701865
                    },
                    {
                        "x": 669.8643404603439,
                        "y": 637.8178429749162
                    },
                    {
                        "x": 680.4316122223148,
                        "y": 639.226812543179
                    },
                    {
                        "x": 695.9302774732056,
                        "y": 639.9312973273104
                    },
                    {
                        "x": 705.0885796669138,
                        "y": 642.0447516797045
                    },
                    {
                        "x": 702.9751253145196,
                        "y": 632.8864494859964
                    },
                    {
                        "x": 701.5661557462568,
                        "y": 626.5460864288139
                    },
                    {
                        "x": 696.634762257337,
                        "y": 619.5012385874999
                    },
                    {
                        "x": 690.2943992001544,
                        "y": 611.7519059620545
                    },
                    {
                        "x": 681.1360970064462,
                        "y": 603.2980885524777
                    },
                    {
                        "x": 671.2733100286066,
                        "y": 598.3666950635578
                    },
                    {
                        "x": 662.1150078348985,
                        "y": 592.0263320063752
                    },
                    {
                        "x": 660.0015534825043,
                        "y": 584.2769993809299
                    },
                    {
                        "x": 665.6374317555554,
                        "y": 582.1635450285357
                    },
                    {
                        "x": 673.3867643810008,
                        "y": 585.6859689491927
                    },
                    {
                        "x": 681.1360970064462,
                        "y": 592.0263320063752
                    },
                    {
                        "x": 690.9988839842858,
                        "y": 596.9577254952951
                    },
                    {
                        "x": 700.1571861779939,
                        "y": 604.0025733366091
                    },
                    {
                        "x": 706.4975492351766,
                        "y": 611.7519059620545
                    },
                    {
                        "x": 714.246881860622,
                        "y": 620.2057233716312
                    },
                    {
                        "x": 717.769305781279,
                        "y": 627.9550559970766
                    },
                    {
                        "x": 722.7006992701987,
                        "y": 635.704388622522
                    },
                    {
                        "x": 730.4500318956441,
                        "y": 646.271660384493
                    },
                    {
                        "x": 736.7903949528267,
                        "y": 649.7940843051499
                    },
                    {
                        "x": 745.9486971465349,
                        "y": 647.6806299527558
                    },
                    {
                        "x": 752.9935449878488,
                        "y": 643.4537212479673
                    },
                    {
                        "x": 763.5608167498199,
                        "y": 637.8178429749162
                    },
                    {
                        "x": 764.9697863180827,
                        "y": 630.0685103494708
                    },
                    {
                        "x": 757.9249384767687,
                        "y": 623.0236625081568
                    },
                    {
                        "x": 743.1307580100093,
                        "y": 613.1608755303172
                    },
                    {
                        "x": 729.7455471115127,
                        "y": 598.3666950635578
                    },
                    {
                        "x": 717.0648209971475,
                        "y": 587.7994233015869
                    },
                    {
                        "x": 710.724457939965,
                        "y": 582.8680298126671
                    },
                    {
                        "x": 701.5661557462568,
                        "y": 575.1186971872218
                    },
                    {
                        "x": 694.5213079049428,
                        "y": 573.0052428348275
                    },
                    {
                        "x": 687.4764600636288,
                        "y": 566.664879777645
                    },
                    {
                        "x": 680.4316122223148,
                        "y": 560.3245167204624
                    },
                    {
                        "x": 673.3867643810008,
                        "y": 551.1662145267542
                    },
                    {
                        "x": 668.4553708920811,
                        "y": 544.1213666854402
                    },
                    {
                        "x": 662.1150078348985,
                        "y": 537.7810036282576
                    },
                    {
                        "x": 654.3656752094531,
                        "y": 534.2585797076006
                    },
                    {
                        "x": 650.1387665046647,
                        "y": 525.8047622980238
                    },
                    {
                        "x": 652.2522208570589,
                        "y": 520.1688840249726
                    },
                    {
                        "x": 657.1836143459786,
                        "y": 515.9419753201843
                    },
                    {
                        "x": 662.8194926190299,
                        "y": 513.82852096779
                    },
                    {
                        "x": 670.5688252444753,
                        "y": 514.5330057519215
                    },
                    {
                        "x": 675.5002187333951,
                        "y": 518.7599144567098
                    },
                    {
                        "x": 678.3181578699206,
                        "y": 523.6913079456297
                    },
                    {
                        "x": 676.9091883016579,
                        "y": 528.6227014345494
                    },
                    {
                        "x": 674.7957339492636,
                        "y": 534.2585797076006
                    },
                    {
                        "x": 681.1360970064462,
                        "y": 542.7123971171774
                    },
                    {
                        "x": 689.589914416023,
                        "y": 551.1662145267542
                    },
                    {
                        "x": 698.7482166097312,
                        "y": 558.9155471521996
                    },
                    {
                        "x": 712.1334275082278,
                        "y": 568.7783341300392
                    },
                    {
                        "x": 719.8827601336732,
                        "y": 573.0052428348275
                    },
                    {
                        "x": 729.7455471115127,
                        "y": 580.0500906761415
                    },
                    {
                        "x": 729.7455471115127,
                        "y": 568.7783341300392
                    },
                    {
                        "x": 728.33657754325,
                        "y": 560.3245167204624
                    },
                    {
                        "x": 728.33657754325,
                        "y": 553.2796688791484
                    },
                    {
                        "x": 727.6320927591186,
                        "y": 543.4168819013088
                    },
                    {
                        "x": 725.5186384067243,
                        "y": 534.2585797076006
                    },
                    {
                        "x": 721.291729701936,
                        "y": 527.2137318662866
                    },
                    {
                        "x": 713.5423970764906,
                        "y": 519.4643992408412
                    },
                    {
                        "x": 706.4975492351766,
                        "y": 511.01058183126446
                    },
                    {
                        "x": 704.3840948827824,
                        "y": 505.37470355821324
                    },
                    {
                        "x": 707.202034019308,
                        "y": 502.55676442168766
                    },
                    {
                        "x": 715.6558514288847,
                        "y": 506.07918834234465
                    },
                    {
                        "x": 722.7006992701987,
                        "y": 515.2374905360529
                    },
                    {
                        "x": 731.1545166797755,
                        "y": 522.2823383773668
                    },
                    {
                        "x": 735.381425384564,
                        "y": 531.440640571075
                    },
                    {
                        "x": 737.4948797369581,
                        "y": 542.007912333046
                    },
                    {
                        "x": 739.6083340893523,
                        "y": 552.575184095017
                    },
                    {
                        "x": 741.0173036576151,
                        "y": 563.8469406411193
                    },
                    {
                        "x": 744.539727578272,
                        "y": 571.5962732665647
                    },
                    {
                        "x": 748.7666362830605,
                        "y": 582.1635450285357
                    },
                    {
                        "x": 756.5159689085059,
                        "y": 589.2083928698497
                    }
                ],
                "resin": 2,
                "browning": true
            }
        ],
        "object_id": "A_a02_B_1_1_22-10-12-10-21-1021"
    },
    "Metadata": {
        "Images": {
            "object_id": "A_a02_B_1_1_22-10-12-10-21-1021",
            "path": "1.Traning_원천데이터_마디_미수정암꽃",
            "width": 2000,
            "height": 1500
        },
        "environment": {
            "area_id": "A",
            "hemp_id": "A_a02_B_1",
            "area_temp": 26,
            "area_hum": 80,
            "area_co2": 360,
            "area_Illum": 594,
            "water_temp": 20.8,
            "water_ec": 2.8,
            "water_ph": 5.1
        },
        "Growth Info": {
            "period": 103,
            "length": 66.4,
            "node_number": 29,
            "node_length": 2.2,
            "root_round": 19.7
        }
    }
}