{
    "annotations": {
        "label": {
            "category": 1
        },
        "polygon": [
            {
                "type": "POLYGON",
                "vertices": [
                    {
                        "x": 982.8607378052229,
                        "y": 648.5230499705327
                    },
                    {
                        "x": 991.1477389639756,
                        "y": 626.9691256877181
                    },
                    {
                        "x": 1002.0865804935295,
                        "y": 612.0471781073081
                    },
                    {
                        "x": 1007.3902612351313,
                        "y": 603.0940095590621
                    },
                    {
                        "x": 1017.3346626256347,
                        "y": 597.7884281971385
                    },
                    {
                        "x": 1029.599424340589,
                        "y": 592.4828468352149
                    },
                    {
                        "x": 1037.8864254993418,
                        "y": 587.5088643084115
                    },
                    {
                        "x": 1044.1845463799941,
                        "y": 576.5661027494441
                    },
                    {
                        "x": 1044.1845463799941,
                        "y": 572.5869167280015
                    },
                    {
                        "x": 1046.1734266580947,
                        "y": 571.2605213875206
                    },
                    {
                        "x": 1047.4993468434952,
                        "y": 572.5869167280015
                    },
                    {
                        "x": 1047.4993468434952,
                        "y": 579.8820911006463
                    },
                    {
                        "x": 1051.0745597480347,
                        "y": 583.2405039527564
                    },
                    {
                        "x": 1053.7601619754084,
                        "y": 588.9974281735937
                    },
                    {
                        "x": 1056.6375929333087,
                        "y": 590.7245054398447
                    },
                    {
                        "x": 1061.8169686575293,
                        "y": 593.4110700762355
                    },
                    {
                        "x": 1063.9270846933227,
                        "y": 596.0976347126262
                    },
                    {
                        "x": 1068.1473167649099,
                        "y": 598.2085069269332
                    },
                    {
                        "x": 1082.9181290154647,
                        "y": 595.9057372385982
                    },
                    {
                        "x": 1090.783106967059,
                        "y": 593.9867624983193
                    },
                    {
                        "x": 1095.1951677691727,
                        "y": 593.2191726022077
                    },
                    {
                        "x": 1100.9500296849733,
                        "y": 596.481429660682
                    },
                    {
                        "x": 1101.9091733376067,
                        "y": 591.8758902840123
                    },
                    {
                        "x": 1105.5539192176138,
                        "y": 591.3001978619285
                    },
                    {
                        "x": 1107.6640352534073,
                        "y": 591.3001978619285
                    },
                    {
                        "x": 1107.8558639839341,
                        "y": 594.562454920403
                    },
                    {
                        "x": 1107.8558639839341,
                        "y": 596.481429660682
                    },
                    {
                        "x": 1106.5130628702473,
                        "y": 599.7436867191565
                    },
                    {
                        "x": 1106.7048916007739,
                        "y": 603.7735336737425
                    },
                    {
                        "x": 1107.4722065228807,
                        "y": 607.2276882062449
                    },
                    {
                        "x": 1105.9375766786673,
                        "y": 611.2575351608309
                    },
                    {
                        "x": 1112.076096055521,
                        "y": 609.9142528426355
                    },
                    {
                        "x": 1114.5698695523681,
                        "y": 609.9142528426355
                    },
                    {
                        "x": 1115.1453557439481,
                        "y": 611.4494326348588
                    },
                    {
                        "x": 1115.1453557439481,
                        "y": 614.3278947452774
                    },
                    {
                        "x": 1105.5769789698957,
                        "y": 625.53519466022
                    },
                    {
                        "x": 1098.5432588505837,
                        "y": 634.0106664297858
                    },
                    {
                        "x": 1085.4349622645937,
                        "y": 642.1663090759719
                    },
                    {
                        "x": 1078.7209566961594,
                        "y": 648.402976981879
                    },
                    {
                        "x": 1075.0442393610647,
                        "y": 654.7995594494759
                    },
                    {
                        "x": 1076.323097564576,
                        "y": 656.8784487514448
                    },
                    {
                        "x": 1073.4456666066756,
                        "y": 662.1556292872123
                    },
                    {
                        "x": 1072.0069511277254,
                        "y": 666.3134078911503
                    },
                    {
                        "x": 1080.9589585523042,
                        "y": 666.4733224528402
                    },
                    {
                        "x": 1087.0335350189825,
                        "y": 663.7547749041115
                    },
                    {
                        "x": 1099.662259778656,
                        "y": 654.7995594494759
                    },
                    {
                        "x": 1110.212839957624,
                        "y": 646.8038313649797
                    },
                    {
                        "x": 1119.1648473822027,
                        "y": 638.3283595954138
                    },
                    {
                        "x": 1124.7598520225642,
                        "y": 635.2899829233053
                    },
                    {
                        "x": 1129.8752848366094,
                        "y": 635.2899829233053
                    },
                    {
                        "x": 1134.3512885488985,
                        "y": 638.008530472034
                    },
                    {
                        "x": 1135.470289476971,
                        "y": 638.9680178421735
                    },
                    {
                        "x": 1138.3477204348712,
                        "y": 637.2089576635843
                    },
                    {
                        "x": 1142.504009596283,
                        "y": 635.6098120466851
                    },
                    {
                        "x": 1145.381440554183,
                        "y": 636.5692994168246
                    },
                    {
                        "x": 1147.4595851348888,
                        "y": 637.3688722252742
                    },
                    {
                        "x": 1149.3778724401557,
                        "y": 635.769726608375
                    },
                    {
                        "x": 1150.656730643667,
                        "y": 636.2494702934448
                    },
                    {
                        "x": 1152.0954461226172,
                        "y": 637.848615910344
                    },
                    {
                        "x": 1150.1771588173503,
                        "y": 639.6076760889332
                    },
                    {
                        "x": 1147.6194424103278,
                        "y": 640.8869925824525
                    },
                    {
                        "x": 1142.8237241471606,
                        "y": 638.9680178421735
                    },
                    {
                        "x": 1140.9054368418938,
                        "y": 640.7270780207626
                    },
                    {
                        "x": 1137.06886223136,
                        "y": 643.6055401311812
                    },
                    {
                        "x": 1132.5928585190707,
                        "y": 641.3667362675224
                    },
                    {
                        "x": 1128.756283908537,
                        "y": 640.5671634590727
                    },
                    {
                        "x": 1126.678139327831,
                        "y": 640.4072488973828
                    },
                    {
                        "x": 1123.480993819053,
                        "y": 641.6865653909022
                    },
                    {
                        "x": 1120.6035628611528,
                        "y": 645.2046857480805
                    },
                    {
                        "x": 1113.7297000172798,
                        "y": 648.402976981879
                    },
                    {
                        "x": 1095.3461133418057,
                        "y": 663.7547749041115
                    },
                    {
                        "x": 1083.9962467856433,
                        "y": 671.270759303538
                    },
                    {
                        "x": 1074.7245248101867,
                        "y": 672.0703321119875
                    },
                    {
                        "x": 1064.6535164575357,
                        "y": 671.110844741848
                    },
                    {
                        "x": 1056.1810808592736,
                        "y": 670.6311010567783
                    },
                    {
                        "x": 1054.2627935540067,
                        "y": 673.9893068522666
                    },
                    {
                        "x": 1055.5416517575181,
                        "y": 677.6673417711348
                    },
                    {
                        "x": 1054.9022226557624,
                        "y": 687.7419591576
                    },
                    {
                        "x": 1067.0513755891193,
                        "y": 688.0617882809798
                    },
                    {
                        "x": 1074.564667534748,
                        "y": 688.3816174043596
                    },
                    {
                        "x": 1078.7209566961594,
                        "y": 687.2622154725302
                    },
                    {
                        "x": 1081.9181022049374,
                        "y": 688.0617882809798
                    },
                    {
                        "x": 1085.1152477137157,
                        "y": 691.2600795147782
                    },
                    {
                        "x": 1088.9518223242494,
                        "y": 691.5799086381581
                    },
                    {
                        "x": 1091.0299669049552,
                        "y": 690.6204212680186
                    },
                    {
                        "x": 1091.189824180394,
                        "y": 692.8592251316776
                    },
                    {
                        "x": 1088.9518223242494,
                        "y": 694.7781998719565
                    },
                    {
                        "x": 1085.1152477137157,
                        "y": 694.9381144336464
                    },
                    {
                        "x": 1081.5983876540597,
                        "y": 692.059652323228
                    },
                    {
                        "x": 1078.4012421452817,
                        "y": 690.7803358297085
                    },
                    {
                        "x": 1069.7689492715808,
                        "y": 691.739823199848
                    },
                    {
                        "x": 1057.619796338224,
                        "y": 691.2600795147782
                    },
                    {
                        "x": 1057.300081787346,
                        "y": 694.4583707485767
                    },
                    {
                        "x": 1057.1402245119073,
                        "y": 711.5692288493985
                    },
                    {
                        "x": 1055.3817944820792,
                        "y": 727.0809413333211
                    },
                    {
                        "x": 1057.7796536136627,
                        "y": 727.5606850183908
                    },
                    {
                        "x": 1058.0993681645405,
                        "y": 730.2792325671195
                    },
                    {
                        "x": 1057.619796338224,
                        "y": 732.6779509924684
                    },
                    {
                        "x": 1056.5007954101516,
                        "y": 736.0361567879568
                    },
                    {
                        "x": 1052.0247916978622,
                        "y": 737.7952169665458
                    },
                    {
                        "x": 1049.6269325662788,
                        "y": 745.3112013659722
                    },
                    {
                        "x": 1051.5452198715457,
                        "y": 752.3474420803288
                    },
                    {
                        "x": 1053.943079003129,
                        "y": 754.5862459439878
                    },
                    {
                        "x": 1057.9395108891017,
                        "y": 756.5052206842668
                    },
                    {
                        "x": 1063.8542300803413,
                        "y": 755.865562437507
                    },
                    {
                        "x": 1068.6499483435084,
                        "y": 754.7461605056777
                    },
                    {
                        "x": 1073.4456666066756,
                        "y": 751.7077838335691
                    },
                    {
                        "x": 1078.2413848698427,
                        "y": 744.6715431192124
                    },
                    {
                        "x": 1081.438530378621,
                        "y": 737.9551315282357
                    },
                    {
                        "x": 1084.635675887399,
                        "y": 736.5159004730265
                    },
                    {
                        "x": 1087.832821396177,
                        "y": 735.7163276645767
                    },
                    {
                        "x": 1090.5503950786385,
                        "y": 736.5159004730265
                    },
                    {
                        "x": 1090.5503950786385,
                        "y": 739.554277145135
                    },
                    {
                        "x": 1088.152535947055,
                        "y": 739.554277145135
                    },
                    {
                        "x": 1085.1152477137157,
                        "y": 740.9935082003442
                    },
                    {
                        "x": 1082.0779594803764,
                        "y": 744.3517139958326
                    },
                    {
                        "x": 1081.7582449294987,
                        "y": 747.8698343530109
                    },
                    {
                        "x": 1084.875921673808,
                        "y": 750.0546734587896
                    },
                    {
                        "x": 1095.9327165583325,
                        "y": 762.1815277202753
                    },
                    {
                        "x": 1106.7230826504585,
                        "y": 773.9085955775364
                    },
                    {
                        "x": 1113.7834456490104,
                        "y": 777.7731974850428
                    },
                    {
                        "x": 1120.843808647562,
                        "y": 778.1729838892676
                    },
                    {
                        "x": 1126.5720276841225,
                        "y": 777.373411080818
                    },
                    {
                        "x": 1133.0995330978778,
                        "y": 779.772129506167
                    },
                    {
                        "x": 1134.831320248466,
                        "y": 782.9704207399653
                    },
                    {
                        "x": 1133.8988194750725,
                        "y": 788.3009061296294
                    },
                    {
                        "x": 1132.8331043054798,
                        "y": 795.8968478099007
                    },
                    {
                        "x": 1133.0995330978778,
                        "y": 801.7603817385312
                    },
                    {
                        "x": 1132.1670323244844,
                        "y": 803.4927894901721
                    },
                    {
                        "x": 1130.7016739662945,
                        "y": 804.8254108375882
                    },
                    {
                        "x": 1128.703458023308,
                        "y": 801.3605953343065
                    },
                    {
                        "x": 1129.1031012119054,
                        "y": 796.2966342141256
                    },
                    {
                        "x": 1129.2363156081044,
                        "y": 791.3659352286862
                    },
                    {
                        "x": 1130.1688163814981,
                        "y": 788.0343818601463
                    },
                    {
                        "x": 1130.4352451738962,
                        "y": 785.6356634347974
                    },
                    {
                        "x": 1128.703458023308,
                        "y": 784.1697799526397
                    },
                    {
                        "x": 1125.772741306928,
                        "y": 783.2369450094485
                    },
                    {
                        "x": 1116.447733572992,
                        "y": 782.8371586052237
                    },
                    {
                        "x": 1108.721298593445,
                        "y": 780.704964449358
                    },
                    {
                        "x": 1102.859865160685,
                        "y": 776.1740518681436
                    },
                    {
                        "x": 1094.0677150115453,
                        "y": 768.0450616489059
                    },
                    {
                        "x": 1081.4123473726318,
                        "y": 753.6527510968127
                    },
                    {
                        "x": 1079.946989014442,
                        "y": 751.7870812104303
                    },
                    {
                        "x": 1075.9505571284692,
                        "y": 756.7177801958696
                    },
                    {
                        "x": 1069.1566229223158,
                        "y": 759.5162850254433
                    },
                    {
                        "x": 1064.6273334515467,
                        "y": 760.315857833893
                    },
                    {
                        "x": 1059.2987576035832,
                        "y": 761.3819549118258
                    },
                    {
                        "x": 1056.9008984719997,
                        "y": 765.1132946845906
                    },
                    {
                        "x": 1053.9701817556197,
                        "y": 769.6442072658051
                    },
                    {
                        "x": 1051.172679435439,
                        "y": 772.5759742301204
                    },
                    {
                        "x": 1050.7730362468417,
                        "y": 780.0386537756501
                    },
                    {
                        "x": 1050.6398218506424,
                        "y": 784.4363042221229
                    },
                    {
                        "x": 1051.5723226240361,
                        "y": 787.5013333211798
                    },
                    {
                        "x": 1058.9537954945226,
                        "y": 798.1829492042071
                    },
                    {
                        "x": 1071.15410275602,
                        "y": 801.6371037367095
                    },
                    {
                        "x": 1078.4355491323183,
                        "y": 804.3082258231417
                    },
                    {
                        "x": 1082.698409810689,
                        "y": 807.1067306527153
                    },
                    {
                        "x": 1085.0962689422727,
                        "y": 810.3050218865138
                    },
                    {
                        "x": 1085.4959121308698,
                        "y": 815.1024587372115
                    },
                    {
                        "x": 1091.756988752227,
                        "y": 815.1024587372115
                    },
                    {
                        "x": 1098.1512797697833,
                        "y": 813.6365752550538
                    },
                    {
                        "x": 1100.682353297566,
                        "y": 811.5043810991882
                    },
                    {
                        "x": 1102.014497259557,
                        "y": 809.7719733475474
                    },
                    {
                        "x": 1102.9469980329504,
                        "y": 807.5065170569401
                    },
                    {
                        "x": 1104.4123563911403,
                        "y": 806.9734685179736
                    },
                    {
                        "x": 1106.2773579379275,
                        "y": 807.5065170569401
                    },
                    {
                        "x": 1106.2773579379275,
                        "y": 809.6387112128058
                    },
                    {
                        "x": 1103.6130700139458,
                        "y": 812.8370024466042
                    },
                    {
                        "x": 1099.7498525241722,
                        "y": 815.5022451414363
                    },
                    {
                        "x": 1093.6219902990142,
                        "y": 817.6344392973019
                    },
                    {
                        "x": 1089.3591296206434,
                        "y": 818.5672742404931
                    },
                    {
                        "x": 1082.5651954144898,
                        "y": 818.0342257015267
                    },
                    {
                        "x": 1078.7019779247164,
                        "y": 817.6344392973019
                    },
                    {
                        "x": 1088.1602000548517,
                        "y": 820.5662062616173
                    },
                    {
                        "x": 1100.1494957127695,
                        "y": 822.0320897437748
                    },
                    {
                        "x": 1106.1441435417285,
                        "y": 823.3647110911908
                    },
                    {
                        "x": 1109.6077178429048,
                        "y": 825.7634295165396
                    },
                    {
                        "x": 1110.5402186162983,
                        "y": 827.8956236724053
                    },
                    {
                        "x": 1111.6059337858912,
                        "y": 829.4947692893045
                    },
                    {
                        "x": 1116.6680808414565,
                        "y": 831.7602255799117
                    },
                    {
                        "x": 1120.5312983312301,
                        "y": 830.4276042324957
                    },
                    {
                        "x": 1123.595229443809,
                        "y": 827.0960508639557
                    },
                    {
                        "x": 1127.5916613297818,
                        "y": 824.96385670809
                    },
                    {
                        "x": 1129.190234084171,
                        "y": 825.630167381798
                    },
                    {
                        "x": 1128.9238052917726,
                        "y": 829.0949828850797
                    },
                    {
                        "x": 1126.5259461601888,
                        "y": 830.8273906367206
                    },
                    {
                        "x": 1120.6645127274292,
                        "y": 833.7591576010358
                    },
                    {
                        "x": 1116.4016520490584,
                        "y": 834.4254682747438
                    },
                    {
                        "x": 1112.4052201630857,
                        "y": 834.4254682747438
                    },
                    {
                        "x": 1108.408788277113,
                        "y": 832.026749849395
                    },
                    {
                        "x": 1106.2773579379275,
                        "y": 830.4276042324957
                    },
                    {
                        "x": 1084.9630545460734,
                        "y": 828.9617207503381
                    },
                    {
                        "x": 1080.5669794715036,
                        "y": 827.8956236724053
                    },
                    {
                        "x": 1081.7659090372954,
                        "y": 832.2932741188781
                    },
                    {
                        "x": 1081.7659090372954,
                        "y": 835.6248274874182
                    },
                    {
                        "x": 1080.7001938677026,
                        "y": 837.4904973738006
                    },
                    {
                        "x": 1077.7694771513227,
                        "y": 840.0224779338911
                    },
                    {
                        "x": 1072.8405444919565,
                        "y": 841.088575011824
                    },
                    {
                        "x": 1068.7108982097848,
                        "y": 842.1546720897568
                    },
                    {
                        "x": 1061.517320815034,
                        "y": 836.9574488348343
                    },
                    {
                        "x": 1050.0608827419126,
                        "y": 828.1621479418885
                    },
                    {
                        "x": 1040.8690894041754,
                        "y": 820.8327305311004
                    },
                    {
                        "x": 1034.273858499653,
                        "y": 815.3733772233945
                    },
                    {
                        "x": 1035.0411734217596,
                        "y": 821.8978913403432
                    },
                    {
                        "x": 1044.0571237565139,
                        "y": 839.9362538989665
                    },
                    {
                        "x": 1049.0446707502078,
                        "y": 853.1771796068921
                    },
                    {
                        "x": 1054.0322177439018,
                        "y": 872.7507219577386
                    },
                    {
                        "x": 1054.7995326660084,
                        "y": 878.315748704548
                    },
                    {
                        "x": 1053.264902821795,
                        "y": 880.618518392883
                    },
                    {
                        "x": 1050.771129324948,
                        "y": 877.7400562824644
                    },
                    {
                        "x": 1047.8936983670476,
                        "y": 867.7613876330131
                    },
                    {
                        "x": 1043.0979801038804,
                        "y": 855.2880518211992
                    },
                    {
                        "x": 1039.261405493347,
                        "y": 845.8850755938316
                    },
                    {
                        "x": 1029.6699689670124,
                        "y": 832.2603549378503
                    },
                    {
                        "x": 1025.8333943564787,
                        "y": 830.3413801975712
                    },
                    {
                        "x": 1020.0785324406781,
                        "y": 838.0172791586875
                    },
                    {
                        "x": 1017.009272752251,
                        "y": 841.8552286392455
                    },
                    {
                        "x": 1016.6256152911978,
                        "y": 844.9255882236921
                    },
                    {
                        "x": 1023.9151070512119,
                        "y": 841.8552286392455
                    },
                    {
                        "x": 1028.135339122799,
                        "y": 842.8147160093852
                    },
                    {
                        "x": 1033.5065435775462,
                        "y": 847.228357912027
                    },
                    {
                        "x": 1034.849344691233,
                        "y": 850.6825124445293
                    },
                    {
                        "x": 1031.780085002806,
                        "y": 860.2773861459248
                    },
                    {
                        "x": 1027.7516816617456,
                        "y": 865.842412892734
                    },
                    {
                        "x": 1022.3804772069983,
                        "y": 868.5289775291246
                    },
                    {
                        "x": 1016.2419578301444,
                        "y": 867.7613876330131
                    },
                    {
                        "x": 1010.4870959143437,
                        "y": 862.9639507823155
                    },
                    {
                        "x": 1006.4586925732834,
                        "y": 853.3690770809201
                    },
                    {
                        "x": 1006.2668638427567,
                        "y": 843.5823059054968
                    },
                    {
                        "x": 1004.1567478069632,
                        "y": 839.7443564249386
                    },
                    {
                        "x": 997.2509135080024,
                        "y": 834.1793296781293
                    },
                    {
                        "x": 994.7571400111555,
                        "y": 833.4117397820178
                    },
                    {
                        "x": 995.5244549332622,
                        "y": 839.3605614768828
                    },
                    {
                        "x": 998.0182284301092,
                        "y": 843.1985109574409
                    },
                    {
                        "x": 997.442742238529,
                        "y": 859.893591197869
                    },
                    {
                        "x": 997.6345709690557,
                        "y": 871.0236446914876
                    },
                    {
                        "x": 1002.6221179627496,
                        "y": 881.5780057630224
                    },
                    {
                        "x": 1005.3077201901232,
                        "y": 892.7080592566411
                    },
                    {
                        "x": 1005.4995489206499,
                        "y": 896.5460087371991
                    },
                    {
                        "x": 1009.9116097227636,
                        "y": 901.343445587897
                    },
                    {
                        "x": 1017.5847589438313,
                        "y": 906.7165748606783
                    },
                    {
                        "x": 1021.996819745945,
                        "y": 910.1707293931807
                    },
                    {
                        "x": 1024.1069357817385,
                        "y": 912.2816016074876
                    },
                    {
                        "x": 1023.9151070512119,
                        "y": 914.2005763477666
                    },
                    {
                        "x": 1020.2703611712047,
                        "y": 914.5843712958226
                    },
                    {
                        "x": 1018.5439025964646,
                        "y": 911.8978066594318
                    },
                    {
                        "x": 1009.7197809922371,
                        "y": 905.9489849645668
                    },
                    {
                        "x": 1005.4995489206499,
                        "y": 902.1110354840085
                    },
                    {
                        "x": 1006.2668638427567,
                        "y": 911.322114237348
                    },
                    {
                        "x": 1008.5688086090768,
                        "y": 918.4223207763806
                    },
                    {
                        "x": 1007.2260074953901,
                        "y": 921.3007828867992
                    },
                    {
                        "x": 1006.07503511223,
                        "y": 922.6440652049946
                    },
                    {
                        "x": 1004.156747806963,
                        "y": 920.3412955166598
                    },
                    {
                        "x": 1004.5404052680165,
                        "y": 917.0790384581852
                    },
                    {
                        "x": 1002.2384605016962,
                        "y": 912.6653965555433
                    },
                    {
                        "x": 1000.8956593880093,
                        "y": 908.6355496009575
                    },
                    {
                        "x": 1000.8956593880093,
                        "y": 904.9894975944271
                    },
                    {
                        "x": 1000.3201731964294,
                        "y": 901.1515481138689
                    },
                    {
                        "x": 997.0590847774757,
                        "y": 897.8892910553946
                    },
                    {
                        "x": 989.3859355564083,
                        "y": 891.7485718865015
                    },
                    {
                        "x": 984.9738747542943,
                        "y": 889.4458021981667
                    },
                    {
                        "x": 982.4801012574476,
                        "y": 880.2347234448271
                    },
                    {
                        "x": 979.7944990300739,
                        "y": 871.5993371135712
                    },
                    {
                        "x": 973.8478083837465,
                        "y": 856.2475391913388
                    },
                    {
                        "x": 968.4766039289992,
                        "y": 852.0257947627248
                    },
                    {
                        "x": 965.0236867795188,
                        "y": 853.5609745549481
                    },
                    {
                        "x": 964.0645431268854,
                        "y": 861.6206684641201
                    },
                    {
                        "x": 964.2563718574121,
                        "y": 877.3562613344086
                    },
                    {
                        "x": 962.1462558216186,
                        "y": 890.5971870423342
                    },
                    {
                        "x": 954.6649353310779,
                        "y": 907.4841647567899
                    },
                    {
                        "x": 947.3754435710637,
                        "y": 916.3114485620737
                    },
                    {
                        "x": 940.0859518110495,
                        "y": 921.4926803608273
                    },
                    {
                        "x": 936.2493772005159,
                        "y": 925.3306298413853
                    },
                    {
                        "x": 933.1801175120888,
                        "y": 933.7741186986133
                    },
                    {
                        "x": 928.1925705183949,
                        "y": 943.9446848220924
                    },
                    {
                        "x": 928.9598854405018,
                        "y": 949.5097115689018
                    },
                    {
                        "x": 929.7272003626084,
                        "y": 953.9233534715435
                    },
                    {
                        "x": 927.8089130573417,
                        "y": 955.2666357897389
                    },
                    {
                        "x": 922.8213660636477,
                        "y": 952.1962762052924
                    },
                    {
                        "x": 922.8213660636477,
                        "y": 945.0960696662597
                    },
                    {
                        "x": 925.3151395604947,
                        "y": 936.652580809032
                    },
                    {
                        "x": 928.9598854405018,
                        "y": 928.7847843738878
                    },
                    {
                        "x": 929.1517141710283,
                        "y": 922.068372782911
                    },
                    {
                        "x": 934.9065760868289,
                        "y": 912.4734990815155
                    },
                    {
                        "x": 937.5921783142026,
                        "y": 911.514011711376
                    },
                    {
                        "x": 932.7964600510358,
                        "y": 908.8274470749853
                    },
                    {
                        "x": 930.8781727457688,
                        "y": 904.9894975944271
                    },
                    {
                        "x": 922.6295373331213,
                        "y": 920.5331929906877
                    },
                    {
                        "x": 918.6011339920608,
                        "y": 941.4500176597296
                    },
                    {
                        "x": 915.3400455731072,
                        "y": 955.8423282118227
                    },
                    {
                        "x": 909.3933549267798,
                        "y": 980.5971023614226
                    },
                    {
                        "x": 907.0914101604595,
                        "y": 988.8486937446227
                    },
                    {
                        "x": 905.1731228551928,
                        "y": 993.8380280693483
                    },
                    {
                        "x": 905.3649515857195,
                        "y": 1002.2815169265763
                    },
                    {
                        "x": 909.7770123878332,
                        "y": 1004.584286614911
                    },
                    {
                        "x": 917.4501616089007,
                        "y": 1006.3113638811624
                    },
                    {
                        "x": 918.6011339920608,
                        "y": 1007.4627487253297
                    },
                    {
                        "x": 919.5602776446942,
                        "y": 1008.4222360954692
                    },
                    {
                        "x": 919.5602776446942,
                        "y": 1010.5331083097761
                    },
                    {
                        "x": 918.6011339920608,
                        "y": 1013.4115704201947
                    },
                    {
                        "x": 917.258332878374,
                        "y": 1013.027775472139
                    },
                    {
                        "x": 914.7645593815272,
                        "y": 1010.1493133617204
                    },
                    {
                        "x": 907.6668963520398,
                        "y": 1009.3817234656088
                    },
                    {
                        "x": 901.9120344362391,
                        "y": 1005.9275689331064
                    },
                    {
                        "x": 900.761062053079,
                        "y": 999.4030548161576
                    },
                    {
                        "x": 902.6793493583458,
                        "y": 985.2026417380924
                    },
                    {
                        "x": 906.1322665078262,
                        "y": 967.356176653497
                    },
                    {
                        "x": 911.3116422320468,
                        "y": 942.6014025038969
                    },
                    {
                        "x": 912.8462720762602,
                        "y": 927.6333995297201
                    },
                    {
                        "x": 918.4093052615341,
                        "y": 914.7762687698505
                    },
                    {
                        "x": 924.9314820994416,
                        "y": 901.9191380099807
                    },
                    {
                        "x": 926.6579406741819,
                        "y": 894.2432390488642
                    },
                    {
                        "x": 924.5478246383882,
                        "y": 882.9212880812178
                    },
                    {
                        "x": 909.39335492678,
                        "y": 886.9511350358036
                    },
                    {
                        "x": 895.5816863288585,
                        "y": 887.1430325098318
                    },
                    {
                        "x": 876.5906420067166,
                        "y": 879.2752360746874
                    },
                    {
                        "x": 864.2035674534875,
                        "y": 868.2088053579416
                    },
                    {
                        "x": 861.8057083219039,
                        "y": 862.8783199682775
                    },
                    {
                        "x": 862.2053515105011,
                        "y": 860.2130772734456
                    },
                    {
                        "x": 866.0685690002747,
                        "y": 861.0126500818951
                    },
                    {
                        "x": 871.5303592444374,
                        "y": 867.0094461452672
                    },
                    {
                        "x": 884.3189412795498,
                        "y": 874.0723392865722
                    },
                    {
                        "x": 897.5071665032594,
                        "y": 875.5382227687297
                    },
                    {
                        "x": 909.6296765573765,
                        "y": 874.3388635560553
                    },
                    {
                        "x": 916.8232539521273,
                        "y": 872.3399315349313
                    },
                    {
                        "x": 930.2526604100523,
                        "y": 866.2145269843479
                    },
                    {
                        "x": 940.6114118584933,
                        "y": 848.7134773530025
                    },
                    {
                        "x": 945.6756903443978,
                        "y": 844.1079379763328
                    },
                    {
                        "x": 952.8117191199907,
                        "y": 840.423506474997
                    },
                    {
                        "x": 947.05685720419,
                        "y": 836.5087980048278
                    },
                    {
                        "x": 946.136079297662,
                        "y": 833.2849204411589
                    },
                    {
                        "x": 948.4380240639822,
                        "y": 833.0546434723254
                    },
                    {
                        "x": 955.1136638863109,
                        "y": 835.8179670983272
                    },
                    {
                        "x": 957.185414175999,
                        "y": 835.8179670983272
                    },
                    {
                        "x": 955.8042473162068,
                        "y": 829.6004889398231
                    },
                    {
                        "x": 948.8984130172463,
                        "y": 819.4683023111495
                    },
                    {
                        "x": 942.9133566248136,
                        "y": 814.4022089968128
                    },
                    {
                        "x": 927.950715643732,
                        "y": 824.0738416878194
                    },
                    {
                        "x": 914.1390470458106,
                        "y": 826.8371653138211
                    },
                    {
                        "x": 895.7234889152486,
                        "y": 828.218827126822
                    },
                    {
                        "x": 892.7309607190324,
                        "y": 829.3702119709895
                    },
                    {
                        "x": 889.2780435695519,
                        "y": 828.218827126822
                    },
                    {
                        "x": 889.0478490929199,
                        "y": 824.3041186566528
                    },
                    {
                        "x": 893.4215441489283,
                        "y": 823.1527338124853
                    },
                    {
                        "x": 909.9955464664341,
                        "y": 823.3830107813188
                    },
                    {
                        "x": 924.0374095409876,
                        "y": 820.3894101864835
                    },
                    {
                        "x": 932.5546051763724,
                        "y": 814.1719320279792
                    },
                    {
                        "x": 939.6906339519652,
                        "y": 807.2636229629745
                    },
                    {
                        "x": 932.3244106997404,
                        "y": 807.4938999318081
                    },
                    {
                        "x": 926.5695487839398,
                        "y": 809.336115682476
                    },
                    {
                        "x": 921.5052702980353,
                        "y": 807.9544538694751
                    },
                    {
                        "x": 920.3542979148752,
                        "y": 804.7305763058063
                    },
                    {
                        "x": 923.8072150643555,
                        "y": 802.8883605551383
                    },
                    {
                        "x": 932.7847996530044,
                        "y": 800.8158678356369
                    },
                    {
                        "x": 939.4604394753331,
                        "y": 799.894759960303
                    },
                    {
                        "x": 944.7549124378696,
                        "y": 791.6047890822973
                    },
                    {
                        "x": 947.7474406340859,
                        "y": 787.9203575809614
                    },
                    {
                        "x": 942.9133566248134,
                        "y": 780.0909406406229
                    },
                    {
                        "x": 940.8416063351252,
                        "y": 772.9523546067848
                    },
                    {
                        "x": 939.000050522069,
                        "y": 770.1890309807828
                    },
                    {
                        "x": 933.0149941296365,
                        "y": 757.984351632608
                    },
                    {
                        "x": 930.4828548866841,
                        "y": 747.161334097434
                    },
                    {
                        "x": 929.562076980156,
                        "y": 743.0163486584312
                    },
                    {
                        "x": 924.9581874475156,
                        "y": 743.7071795649316
                    },
                    {
                        "x": 915.7504083822346,
                        "y": 739.7924710947623
                    },
                    {
                        "x": 909.7653519898021,
                        "y": 734.7263777804255
                    },
                    {
                        "x": 909.0747685599059,
                        "y": 729.1997305284218
                    },
                    {
                        "x": 909.53515751317,
                        "y": 726.6666838712536
                    },
                    {
                        "x": 911.8371022794902,
                        "y": 725.7455759959195
                    },
                    {
                        "x": 913.6786580925465,
                        "y": 728.0483456842544
                    },
                    {
                        "x": 914.3692415224425,
                        "y": 732.8841620297577
                    },
                    {
                        "x": 918.973131055083,
                        "y": 734.2658238427587
                    },
                    {
                        "x": 924.0374095409874,
                        "y": 737.9502553440944
                    },
                    {
                        "x": 928.8714935502601,
                        "y": 737.0291474687605
                    },
                    {
                        "x": 929.7922714567881,
                        "y": 728.0483456842544
                    },
                    {
                        "x": 931.4036327932123,
                        "y": 718.6069899620813
                    },
                    {
                        "x": 937.8490781389089,
                        "y": 712.8500657412442
                    },
                    {
                        "x": 945.6756903443977,
                        "y": 710.0867421152423
                    },
                    {
                        "x": 951.0168644197415,
                        "y": 703.2299859373948
                    },
                    {
                        "x": 950.8054701785956,
                        "y": 697.770152441252
                    },
                    {
                        "x": 955.2252041299304,
                        "y": 693.0725022770489
                    },
                    {
                        "x": 961.3023383130159,
                        "y": 692.2435051892483
                    },
                    {
                        "x": 970.6942729596024,
                        "y": 678.7032194218391
                    },
                    {
                        "x": 976.2189403987711,
                        "y": 667.3735925552314
                    },
                    {
                        "x": 977.0476405146462,
                        "y": 661.8469453032277
                    },
                    {
                        "x": 981.1911410940228,
                        "y": 654.3859715130227
                    }
                ],
                "resin": 2,
                "browning": true
            }
        ],
        "object_id": "A_a02_B_1_1_22-10-17-09-49-1021"
    },
    "Metadata": {
        "Images": {
            "object_id": "A_a02_B_1_1_22-10-17-09-49-1021",
            "path": "1.Traning_원천데이터_꽃_미수정암꽃",
            "width": 2000,
            "height": 1500
        },
        "environment": {
            "area_id": "A",
            "hemp_id": "A_a02_B_1",
            "area_temp": 24.4,
            "area_hum": 80,
            "area_co2": 376,
            "area_Illum": 594,
            "water_temp": 20.9,
            "water_ec": 2.8,
            "water_ph": 5.1
        },
        "Growth Info": {
            "period": 108,
            "length": 66.5,
            "node_number": 29,
            "node_length": 2.2,
            "root_round": 19.7
        }
    }
}