{
    "annotations": {
        "label": {
            "category": 1
        },
        "polygon": [
            {
                "type": "POLYGON",
                "vertices": [
                    {
                        "x": 828.6076597189692,
                        "y": 999.2417729446742
                    },
                    {
                        "x": 850.7428993037192,
                        "y": 1011.5391282695355
                    },
                    {
                        "x": 889.2746126549506,
                        "y": 1017.2778940878039
                    },
                    {
                        "x": 954.0406840325525,
                        "y": 1018.0977177761278
                    },
                    {
                        "x": 989.2931026304877,
                        "y": 1008.259833516239
                    },
                    {
                        "x": 1004.8697527086448,
                        "y": 989.4038886847856
                    },
                    {
                        "x": 1008.9688711502654,
                        "y": 984.484946554841
                    },
                    {
                        "x": 1027.004992293395,
                        "y": 1034.4941915426093
                    },
                    {
                        "x": 1035.2032291766357,
                        "y": 1050.0708416207667
                    },
                    {
                        "x": 1046.6807608131728,
                        "y": 1082.8637891537296
                    },
                    {
                        "x": 1048.320408189821,
                        "y": 1121.3955025049613
                    },
                    {
                        "x": 1048.320408189821,
                        "y": 1150.089331596304
                    },
                    {
                        "x": 1047.5005845014969,
                        "y": 1179.6029843759704
                    },
                    {
                        "x": 1053.2393503197654,
                        "y": 1229.6122293637388
                    },
                    {
                        "x": 1060.5855019343546,
                        "y": 1280.3315849449675
                    },
                    {
                        "x": 1070.5486370355152,
                        "y": 1279.382714935333
                    },
                    {
                        "x": 1066.7531569969779,
                        "y": 1255.186529689657
                    },
                    {
                        "x": 1062.008806948806,
                        "y": 1190.1889340297046
                    },
                    {
                        "x": 1060.1110669295374,
                        "y": 1164.09500876476
                    },
                    {
                        "x": 1065.8042869873434,
                        "y": 1133.2567334516439
                    },
                    {
                        "x": 1066.7531569969779,
                        "y": 1113.80489825414
                    },
                    {
                        "x": 1044.9291467753878,
                        "y": 1028.4065973870488
                    },
                    {
                        "x": 1035.9148816838615,
                        "y": 995.1961470498466
                    },
                    {
                        "x": 1023.5795715586149,
                        "y": 932.0962914091626
                    },
                    {
                        "x": 1030.2216616260555,
                        "y": 917.8632412646475
                    },
                    {
                        "x": 1032.5938366501414,
                        "y": 902.6813211104982
                    },
                    {
                        "x": 1032.5938366501414,
                        "y": 888.4482709659829
                    },
                    {
                        "x": 1039.2359267175818,
                        "y": 872.7919158070164
                    },
                    {
                        "x": 1045.8780167850223,
                        "y": 862.3543457010387
                    },
                    {
                        "x": 1050.6223668331938,
                        "y": 864.7265207251243
                    },
                    {
                        "x": 1062.4832419536233,
                        "y": 881.3317458937254
                    },
                    {
                        "x": 1064.380981972892,
                        "y": 892.7181860093375
                    },
                    {
                        "x": 1071.4975070451494,
                        "y": 905.0534961345841
                    },
                    {
                        "x": 1091.4237772474708,
                        "y": 929.7241163850771
                    },
                    {
                        "x": 1106.6056974016203,
                        "y": 949.1759515825812
                    },
                    {
                        "x": 1117.043267507598,
                        "y": 969.1022217849026
                    },
                    {
                        "x": 1155.9469379026061,
                        "y": 1020.341202305157
                    },
                    {
                        "x": 1176.8220781145617,
                        "y": 1038.3697324882094
                    },
                    {
                        "x": 1184.8874731964536,
                        "y": 1049.7561726038216
                    },
                    {
                        "x": 1189.6318232446254,
                        "y": 1059.7193077049822
                    },
                    {
                        "x": 1193.4273032831627,
                        "y": 1059.7193077049822
                    },
                    {
                        "x": 1198.6460883361517,
                        "y": 1055.4493926616276
                    },
                    {
                        "x": 1196.748348316883,
                        "y": 1047.858432584553
                    },
                    {
                        "x": 1171.603293061573,
                        "y": 1017.0201572714368
                    },
                    {
                        "x": 1204.813743398775,
                        "y": 1046.9095625749185
                    },
                    {
                        "x": 1230.4332336589023,
                        "y": 1070.15687781096
                    },
                    {
                        "x": 1239.4474987504284,
                        "y": 1081.5433179265722
                    },
                    {
                        "x": 1247.9873288371377,
                        "y": 1088.1854079940128
                    },
                    {
                        "x": 1258.8993339479325,
                        "y": 1093.4041930470016
                    },
                    {
                        "x": 1265.541424015373,
                        "y": 1094.8274980614528
                    },
                    {
                        "x": 1277.8767341406194,
                        "y": 1094.8274980614528
                    },
                    {
                        "x": 1275.5045591165335,
                        "y": 1082.9666229410236
                    },
                    {
                        "x": 1262.6948139864699,
                        "y": 1079.1711429024863
                    },
                    {
                        "x": 1238.4986287407942,
                        "y": 1059.7193077049822
                    },
                    {
                        "x": 1188.6829532349911,
                        "y": 1006.5825871654587
                    },
                    {
                        "x": 1159.7424179411435,
                        "y": 980.0142268956972
                    },
                    {
                        "x": 1144.5604977869941,
                        "y": 968.1533517752681
                    },
                    {
                        "x": 1132.6996226665647,
                        "y": 955.8180416500214
                    },
                    {
                        "x": 1115.6199624931464,
                        "y": 926.877506356174
                    },
                    {
                        "x": 1095.219257286008,
                        "y": 866.6242607443932
                    },
                    {
                        "x": 1110.8756124449749,
                        "y": 873.7407858166506
                    },
                    {
                        "x": 1256.0527239190296,
                        "y": 970.5255267993538
                    },
                    {
                        "x": 1281.1977791743398,
                        "y": 981.9119669149659
                    },
                    {
                        "x": 1279.7744741598883,
                        "y": 975.2698768475256
                    },
                    {
                        "x": 1313.4593595019073,
                        "y": 994.2472770402123
                    },
                    {
                        "x": 1324.3713646127023,
                        "y": 1000.4149321028356
                    },
                    {
                        "x": 1335.7578047283143,
                        "y": 1002.7871071269216
                    },
                    {
                        "x": 1341.4510247861208,
                        "y": 1004.210412141373
                    },
                    {
                        "x": 1345.7209398294754,
                        "y": 1001.838237117287
                    },
                    {
                        "x": 1340.5021547764861,
                        "y": 995.1961470498466
                    },
                    {
                        "x": 1323.896929607885,
                        "y": 984.2841419390516
                    },
                    {
                        "x": 1301.598484381478,
                        "y": 974.7954418427082
                    },
                    {
                        "x": 1242.2941087793315,
                        "y": 936.8406414573345
                    },
                    {
                        "x": 1238.024193735977,
                        "y": 931.1474213995284
                    },
                    {
                        "x": 1230.9076686637193,
                        "y": 918.3376762694647
                    },
                    {
                        "x": 1294.9563943140377,
                        "y": 945.8549065488608
                    },
                    {
                        "x": 1312.510489492273,
                        "y": 952.0225616114842
                    },
                    {
                        "x": 1319.6270145645306,
                        "y": 951.0736916018498
                    },
                    {
                        "x": 1319.1525795597133,
                        "y": 946.8037765584952
                    },
                    {
                        "x": 1297.3285693381235,
                        "y": 929.7241163850771
                    },
                    {
                        "x": 1257.476028933481,
                        "y": 915.4910662405618
                    },
                    {
                        "x": 1231.3821036685365,
                        "y": 906.4768011490354
                    },
                    {
                        "x": 1215.7257485095702,
                        "y": 897.4625360575094
                    },
                    {
                        "x": 1184.8874731964536,
                        "y": 866.1498257395759
                    },
                    {
                        "x": 1167.3333780182184,
                        "y": 851.9167755950608
                    },
                    {
                        "x": 1215.7257485095702,
                        "y": 868.0475657588445
                    },
                    {
                        "x": 1221.8934035721932,
                        "y": 870.8941757877476
                    },
                    {
                        "x": 1224.265578596279,
                        "y": 862.8287807058558
                    },
                    {
                        "x": 1220.9445335625585,
                        "y": 857.1355606480496
                    },
                    {
                        "x": 1186.7852132157223,
                        "y": 845.7491205324376
                    },
                    {
                        "x": 1138.392842724371,
                        "y": 819.1807602626758
                    },
                    {
                        "x": 1116.0943974979637,
                        "y": 818.2318902530415
                    },
                    {
                        "x": 1072.4463770547839,
                        "y": 811.5898001856011
                    },
                    {
                        "x": 1058.2133269102687,
                        "y": 807.7943201470638
                    },
                    {
                        "x": 1056.790021895817,
                        "y": 803.5244051037091
                    },
                    {
                        "x": 1037.3381866983132,
                        "y": 788.8169199543767
                    },
                    {
                        "x": 1035.4404466790445,
                        "y": 781.7003948821192
                    },
                    {
                        "x": 1040.184796727216,
                        "y": 773.1605647954101
                    },
                    {
                        "x": 1051.5712368428283,
                        "y": 768.4162147472383
                    },
                    {
                        "x": 1065.8042869873434,
                        "y": 766.9929097327869
                    },
                    {
                        "x": 1077.6651621077726,
                        "y": 765.0951697135182
                    },
                    {
                        "x": 1095.9913123980139,
                        "y": 776.0271488674848
                    },
                    {
                        "x": 1101.4824582871015,
                        "y": 779.047279106483
                    },
                    {
                        "x": 1105.6008177039173,
                        "y": 786.1857687622968
                    },
                    {
                        "x": 1105.0517031150084,
                        "y": 791.4023573569301
                    },
                    {
                        "x": 1105.8753749983716,
                        "y": 794.1479303014739
                    },
                    {
                        "x": 1110.8174062985504,
                        "y": 794.971602184837
                    },
                    {
                        "x": 1113.5629792430943,
                        "y": 790.0295708846581
                    },
                    {
                        "x": 1113.5629792430943,
                        "y": 785.0875395844793
                    },
                    {
                        "x": 1110.8174062985504,
                        "y": 778.4981645175741
                    },
                    {
                        "x": 1100.1096718148297,
                        "y": 763.9466279114919
                    },
                    {
                        "x": 1091.5983956867437,
                        "y": 760.1028257891304
                    },
                    {
                        "x": 1082.2634476752946,
                        "y": 757.6318101390409
                    },
                    {
                        "x": 1067.1627964803038,
                        "y": 754.8862371944973
                    },
                    {
                        "x": 1063.8681089468512,
                        "y": 752.6897788388623
                    },
                    {
                        "x": 1071.8302704860282,
                        "y": 738.1382422327799
                    },
                    {
                        "x": 1091.3238383922894,
                        "y": 706.2895960760716
                    },
                    {
                        "x": 1100.9333436981926,
                        "y": 696.9546480646226
                    },
                    {
                        "x": 1110.8174062985504,
                        "y": 689.8161584088086
                    },
                    {
                        "x": 1115.484880304275,
                        "y": 684.5995698141754
                    },
                    {
                        "x": 1111.915635476368,
                        "y": 677.4610801583615
                    },
                    {
                        "x": 1105.0517031150084,
                        "y": 678.5593093361789
                    },
                    {
                        "x": 1094.8930832201963,
                        "y": 684.8741271086299
                    },
                    {
                        "x": 1088.5782654477455,
                        "y": 689.2670438198999
                    },
                    {
                        "x": 1080.3415466141141,
                        "y": 698.3274345368944
                    },
                    {
                        "x": 1071.555713191574,
                        "y": 712.0552992596137
                    },
                    {
                        "x": 1063.044437063488,
                        "y": 727.7050650435134
                    },
                    {
                        "x": 1056.1805047021285,
                        "y": 741.1583724717782
                    },
                    {
                        "x": 1052.0621452853127,
                        "y": 748.5714194220466
                    },
                    {
                        "x": 1043.2763118627724,
                        "y": 748.0223048331377
                    },
                    {
                        "x": 1036.1684656992907,
                        "y": 739.9255859077344
                    },
                    {
                        "x": 1042.5643289047346,
                        "y": 725.3740493016521
                    },
                    {
                        "x": 1048.6588788391075,
                        "y": 709.6959725348494
                    },
                    {
                        "x": 1055.19240944335,
                        "y": 694.8140341716502
                    },
                    {
                        "x": 1065.240895419123,
                        "y": 682.4031114585404
                    },
                    {
                        "x": 1132.5074325604467,
                        "y": 655.4964966020109
                    },
                    {
                        "x": 1144.0388389275308,
                        "y": 654.3982674241934
                    },
                    {
                        "x": 1164.6306360116093,
                        "y": 655.4964966020109
                    },
                    {
                        "x": 1177.8093861454197,
                        "y": 658.2420695465547
                    },
                    {
                        "x": 1189.8899071014127,
                        "y": 660.9876424910984
                    },
                    {
                        "x": 1212.9527198355806,
                        "y": 671.4208196803651
                    },
                    {
                        "x": 1230.524386680661,
                        "y": 683.2267833419036
                    },
                    {
                        "x": 1240.9575638699275,
                        "y": 690.3652729977174
                    },
                    {
                        "x": 1250.2925118813766,
                        "y": 701.6221220703471
                    },
                    {
                        "x": 1257.705558831645,
                        "y": 712.329856554068
                    },
                    {
                        "x": 1260.7256890706433,
                        "y": 717.8210024431556
                    },
                    {
                        "x": 1265.118605781913,
                        "y": 718.3701170320644
                    },
                    {
                        "x": 1270.8843089654551,
                        "y": 716.7227732653381
                    },
                    {
                        "x": 1267.864178726457,
                        "y": 707.9369398427979
                    },
                    {
                        "x": 1248.3585302992392,
                        "y": 683.0266997135699
                    },
                    {
                        "x": 1209.4548599042312,
                        "y": 657.8816444582598
                    },
                    {
                        "x": 1265.4381904726574,
                        "y": 639.3786792703901
                    },
                    {
                        "x": 1338.501181214502,
                        "y": 623.7223241114232
                    },
                    {
                        "x": 1387.3679867106707,
                        "y": 623.2478891066062
                    },
                    {
                        "x": 1412.0386069611636,
                        "y": 623.7223241114232
                    },
                    {
                        "x": 1445.7234923031829,
                        "y": 632.7365892029495
                    },
                    {
                        "x": 1458.5332374332468,
                        "y": 633.2110242077667
                    },
                    {
                        "x": 1471.8174175681274,
                        "y": 630.838849183681
                    },
                    {
                        "x": 1487.9482077319112,
                        "y": 623.7223241114232
                    },
                    {
                        "x": 1499.809082852341,
                        "y": 611.387013986177
                    },
                    {
                        "x": 1509.7722179535012,
                        "y": 600.0005738705647
                    },
                    {
                        "x": 1519.7353530546618,
                        "y": 590.5118737742213
                    },
                    {
                        "x": 1528.749618146188,
                        "y": 578.6509986537919
                    },
                    {
                        "x": 1533.0195331895425,
                        "y": 566.7901235333627
                    },
                    {
                        "x": 1526.8518781269195,
                        "y": 564.4179485092768
                    },
                    {
                        "x": 1502.1812578764263,
                        "y": 591.4607437838555
                    },
                    {
                        "x": 1488.4226427367284,
                        "y": 604.7449239187364
                    },
                    {
                        "x": 1475.1384626018476,
                        "y": 613.7591890102627
                    },
                    {
                        "x": 1465.1753275006868,
                        "y": 615.6569290295314
                    },
                    {
                        "x": 1443.3513172790972,
                        "y": 614.2336240150798
                    },
                    {
                        "x": 1422.0017420623242,
                        "y": 611.8614489909942
                    },
                    {
                        "x": 1395.9078167973798,
                        "y": 605.6937939283708
                    },
                    {
                        "x": 1381.6747666528647,
                        "y": 605.2193589235537
                    },
                    {
                        "x": 1400.1777318407344,
                        "y": 602.8471838994678
                    },
                    {
                        "x": 1416.7829570093354,
                        "y": 600.949443880199
                    },
                    {
                        "x": 1441.9280122646455,
                        "y": 596.6795288368445
                    },
                    {
                        "x": 1453.788887385075,
                        "y": 591.4607437838555
                    },
                    {
                        "x": 1472.2918525729447,
                        "y": 577.2276936393405
                    },
                    {
                        "x": 1483.2038576837397,
                        "y": 566.7901235333627
                    },
                    {
                        "x": 1499.3346478475235,
                        "y": 561.5713384803738
                    },
                    {
                        "x": 1513.5676979920381,
                        "y": 559.1991634562879
                    },
                    {
                        "x": 1518.3120480402104,
                        "y": 554.4548134081161
                    },
                    {
                        "x": 1519.260918049845,
                        "y": 542.1195032828697
                    },
                    {
                        "x": 1512.6188279824046,
                        "y": 541.6450682780526
                    },
                    {
                        "x": 1501.232387866792,
                        "y": 546.8638533310415
                    },
                    {
                        "x": 1481.7805526692878,
                        "y": 552.5570733888475
                    },
                    {
                        "x": 1469.9196775488588,
                        "y": 556.3525534273849
                    },
                    {
                        "x": 1446.197927308,
                        "y": 574.3810836104373
                    },
                    {
                        "x": 1441.9280122646455,
                        "y": 577.2276936393405
                    },
                    {
                        "x": 1429.592702139399,
                        "y": 582.4464786923294
                    },
                    {
                        "x": 1409.1919969322607,
                        "y": 584.344218711598
                    },
                    {
                        "x": 1388.3168567203052,
                        "y": 586.2419587308667
                    },
                    {
                        "x": 1380.7258966432303,
                        "y": 587.190828740501
                    },
                    {
                        "x": 1393.0612067684767,
                        "y": 578.1765636489748
                    },
                    {
                        "x": 1391.6379017540253,
                        "y": 570.1111685670828
                    },
                    {
                        "x": 1382.623636662499,
                        "y": 570.5856035719
                    },
                    {
                        "x": 1287.2622006942474,
                        "y": 602.3727488946505
                    },
                    {
                        "x": 1214.199209952403,
                        "y": 640.8019842848415
                    },
                    {
                        "x": 1187.630849682641,
                        "y": 647.444074352282
                    },
                    {
                        "x": 1162.9602294321483,
                        "y": 645.0718993281961
                    },
                    {
                        "x": 1141.1362192105582,
                        "y": 641.2764192896587
                    },
                    {
                        "x": 1183.3609346392866,
                        "y": 603.321618904285
                    },
                    {
                        "x": 1205.6593798656943,
                        "y": 577.7021286441576
                    },
                    {
                        "x": 1224.636780058381,
                        "y": 549.7104633599445
                    },
                    {
                        "x": 1242.190875236616,
                        "y": 531.2074981720747
                    },
                    {
                        "x": 1258.3216654003998,
                        "y": 503.2158328878616
                    },
                    {
                        "x": 1282.5178506460757,
                        "y": 476.1730376132828
                    },
                    {
                        "x": 1290.1088107231503,
                        "y": 465.2610325024877
                    },
                    {
                        "x": 1293.904290761688,
                        "y": 447.70693732425235
                    },
                    {
                        "x": 1296.7509007905908,
                        "y": 414.02205198223317
                    },
                    {
                        "x": 1312.8816909543746,
                        "y": 378.43942662094526
                    },
                    {
                        "x": 1315.7283009832777,
                        "y": 369.425161529419
                    },
                    {
                        "x": 1315.7283009832777,
                        "y": 356.6154163993553
                    },
                    {
                        "x": 1304.3418608676657,
                        "y": 366.10411649569875
                    },
                    {
                        "x": 1290.5832457279676,
                        "y": 396.942391808815
                    },
                    {
                        "x": 1282.9922856508927,
                        "y": 423.5107520785767
                    },
                    {
                        "x": 1280.620110626807,
                        "y": 438.21823722790896
                    },
                    {
                        "x": 1278.247935602721,
                        "y": 455.77233240614436
                    },
                    {
                        "x": 1220.8413000198432,
                        "y": 516.9744480275596
                    },
                    {
                        "x": 1179.5654546007493,
                        "y": 569.6367335622657
                    },
                    {
                        "x": 1140.187349200924,
                        "y": 623.2478891066062
                    },
                    {
                        "x": 1126.9031690660431,
                        "y": 640.3275492800244
                    },
                    {
                        "x": 1109.823508892625,
                        "y": 645.0718993281961
                    },
                    {
                        "x": 1100.3348087962815,
                        "y": 649.8162493763679
                    },
                    {
                        "x": 1078.9852335795088,
                        "y": 655.9839044389911
                    },
                    {
                        "x": 1061.4311384012733,
                        "y": 658.3560794630769
                    },
                    {
                        "x": 1058.1100933675532,
                        "y": 652.6628594052709
                    },
                    {
                        "x": 1070.4454034927996,
                        "y": 601.8983138898334
                    },
                    {
                        "x": 1110.7723789022593,
                        "y": 525.0398431094515
                    },
                    {
                        "x": 1151.573789316536,
                        "y": 431.5761471604685
                    },
                    {
                        "x": 1165.8068394610514,
                        "y": 385.55595169320287
                    },
                    {
                        "x": 1175.2955395573947,
                        "y": 366.10411649569875
                    },
                    {
                        "x": 1171.9744945236746,
                        "y": 364.20637647643
                    },
                    {
                        "x": 1162.0113594225138,
                        "y": 368.9507265246018
                    },
                    {
                        "x": 1149.6760492972674,
                        "y": 379.86273163539676
                    },
                    {
                        "x": 1109.823508892625,
                        "y": 467.15877252175653
                    },
                    {
                        "x": 1094.6415887384753,
                        "y": 497.99704783487266
                    },
                    {
                        "x": 1082.3062786132289,
                        "y": 515.0767080082909
                    },
                    {
                        "x": 1071.868708507251,
                        "y": 529.309758152806
                    },
                    {
                        "x": 1063.8033134253592,
                        "y": 503.2158328878616
                    },
                    {
                        "x": 1056.6867883531017,
                        "y": 440.1159772471776
                    },
                    {
                        "x": 1058.1100933675532,
                        "y": 431.5761471604685
                    },
                    {
                        "x": 1066.6499234542623,
                        "y": 416.8686620111362
                    },
                    {
                        "x": 1061.9055734060905,
                        "y": 411.6498769581474
                    },
                    {
                        "x": 1054.3146133290159,
                        "y": 419.24083703522206
                    },
                    {
                        "x": 1048.1469582663926,
                        "y": 428.2551021267484
                    },
                    {
                        "x": 1045.3003482374895,
                        "y": 464.3121624928534
                    },
                    {
                        "x": 1052.4168733097472,
                        "y": 529.309758152806
                    },
                    {
                        "x": 1056.6867883531017,
                        "y": 579.1254336586092
                    },
                    {
                        "x": 1045.7747832423067,
                        "y": 610.4381439765425
                    },
                    {
                        "x": 1042.4537382085864,
                        "y": 651.2395543908193
                    },
                    {
                        "x": 1037.7093881604148,
                        "y": 684.9244397328387
                    },
                    {
                        "x": 1032.0161681026086,
                        "y": 697.259749858085
                    },
                    {
                        "x": 1017.7831179580933,
                        "y": 707.2228849592457
                    },
                    {
                        "x": 1007.8199828569332,
                        "y": 703.4274049207083
                    },
                    {
                        "x": 1001.1778927894926,
                        "y": 688.719919771376
                    },
                    {
                        "x": 990.7403226835148,
                        "y": 663.5748645160658
                    },
                    {
                        "x": 1016.834247948459,
                        "y": 619.9268440728862
                    },
                    {
                        "x": 1023.0019030110825,
                        "y": 603.796053909102
                    },
                    {
                        "x": 1023.9507730207167,
                        "y": 572.9577785959859
                    },
                    {
                        "x": 1023.0019030110825,
                        "y": 569.1622985574485
                    },
                    {
                        "x": 1017.3086829532765,
                        "y": 569.1622985574485
                    },
                    {
                        "x": 1013.987637919556,
                        "y": 573.432213600803
                    },
                    {
                        "x": 1009.7177228762016,
                        "y": 592.4096137934899
                    },
                    {
                        "x": 1009.7177228762016,
                        "y": 607.1170989428223
                    },
                    {
                        "x": 983.14936260644,
                        "y": 645.5463343330133
                    },
                    {
                        "x": 942.3479521921631,
                        "y": 608.5404039572738
                    },
                    {
                        "x": 932.8592520958196,
                        "y": 594.781788817576
                    },
                    {
                        "x": 926.2171620283791,
                        "y": 589.5630037645869
                    },
                    {
                        "x": 917.6773319416699,
                        "y": 587.190828740501
                    },
                    {
                        "x": 912.4585468886811,
                        "y": 588.1396987501354
                    },
                    {
                        "x": 911.0352418742297,
                        "y": 592.8840487983072
                    },
                    {
                        "x": 916.2540269272184,
                        "y": 597.6283988464788
                    },
                    {
                        "x": 927.1660320380133,
                        "y": 608.0659689524566
                    },
                    {
                        "x": 931.435947081368,
                        "y": 613.2847540054455
                    },
                    {
                        "x": 937.1291671391742,
                        "y": 624.6711941210577
                    },
                    {
                        "x": 940.4502121728945,
                        "y": 638.4298092607556
                    },
                    {
                        "x": 941.873517187346,
                        "y": 646.9696393474647
                    },
                    {
                        "x": 943.2968222017975,
                        "y": 658.8305144678941
                    },
                    {
                        "x": 948.041172249969,
                        "y": 669.2680845738719
                    },
                    {
                        "x": 947.0923022403348,
                        "y": 675.9101746413123
                    },
                    {
                        "x": 943.7712572066145,
                        "y": 684.4500047280214
                    },
                    {
                        "x": 935.7058621247228,
                        "y": 686.3477447472901
                    },
                    {
                        "x": 886.839056628554,
                        "y": 664.5237345257002
                    },
                    {
                        "x": 786.7332706121308,
                        "y": 586.2419587308667
                    },
                    {
                        "x": 763.4859553760891,
                        "y": 563.4690784996425
                    },
                    {
                        "x": 754.4716902845629,
                        "y": 548.2871583454929
                    },
                    {
                        "x": 723.6334149714465,
                        "y": 500.8436578637758
                    },
                    {
                        "x": 703.7071447691254,
                        "y": 463.8377274880363
                    },
                    {
                        "x": 695.6417496872335,
                        "y": 444.38589229053224
                    },
                    {
                        "x": 682.3575695523526,
                        "y": 430.62727715083406
                    },
                    {
                        "x": 675.7154794849123,
                        "y": 434.42275718937157
                    },
                    {
                        "x": 674.2921744704607,
                        "y": 444.38589229053224
                    },
                    {
                        "x": 683.7808745668042,
                        "y": 455.77233240614436
                    },
                    {
                        "x": 698.0139247113193,
                        "y": 480.4429526566373
                    },
                    {
                        "x": 727.428895009984,
                        "y": 538.7984582491495
                    },
                    {
                        "x": 740.2691654020807,
                        "y": 558.872698365732
                    },
                    {
                        "x": 748.2911007888747,
                        "y": 569.9326733907885
                    },
                    {
                        "x": 756.282510913636,
                        "y": 578.6075389586942
                    },
                    {
                        "x": 767.7558704194437,
                        "y": 591.4607437838555
                    },
                    {
                        "x": 821.367025963784,
                        "y": 628.9411091644122
                    },
                    {
                        "x": 879.2480965514792,
                        "y": 673.0635646124092
                    },
                    {
                        "x": 840.3444261564712,
                        "y": 655.9839044389911
                    },
                    {
                        "x": 825.1625060023215,
                        "y": 647.444074352282
                    },
                    {
                        "x": 814.7249358963436,
                        "y": 643.6485943137445
                    },
                    {
                        "x": 808.0828458289035,
                        "y": 646.9696393474647
                    },
                    {
                        "x": 807.6084108240861,
                        "y": 653.137294410088
                    },
                    {
                        "x": 817.5715459252468,
                        "y": 657.4072094534425
                    },
                    {
                        "x": 830.8557260601276,
                        "y": 663.1004295112485
                    },
                    {
                        "x": 869.3217987156872,
                        "y": 683.6337530127324
                    },
                    {
                        "x": 680.459829533084,
                        "y": 665.9470395401518
                    },
                    {
                        "x": 596.4848336804445,
                        "y": 677.807914660581
                    },
                    {
                        "x": 590.3171786178212,
                        "y": 680.1800896846669
                    },
                    {
                        "x": 587.4705685889182,
                        "y": 686.8221797521072
                    },
                    {
                        "x": 597.4337036900788,
                        "y": 687.2966147569243
                    },
                    {
                        "x": 643.9283341621617,
                        "y": 681.6033946991183
                    },
                    {
                        "x": 692.3207046535133,
                        "y": 680.1800896846669
                    },
                    {
                        "x": 709.4003648269315,
                        "y": 680.1800896846669
                    },
                    {
                        "x": 731.2243750485214,
                        "y": 686.3477447472901
                    },
                    {
                        "x": 744.0341201785851,
                        "y": 694.413139829182
                    },
                    {
                        "x": 742.1363801593163,
                        "y": 696.3108798484508
                    },
                    {
                        "x": 618.7832789068516,
                        "y": 699.1574898773537
                    },
                    {
                        "x": 597.4337036900788,
                        "y": 705.3251449399769
                    },
                    {
                        "x": 544.7714181553727,
                        "y": 712.4416700122346
                    },
                    {
                        "x": 517.2541878759768,
                        "y": 714.3394100315033
                    },
                    {
                        "x": 496.8534826688384,
                        "y": 711.018364997783
                    },
                    {
                        "x": 498.751222688107,
                        "y": 717.1860200604062
                    },
                    {
                        "x": 507.2910527748162,
                        "y": 726.2002851519326
                    },
                    {
                        "x": 514.8820128518909,
                        "y": 726.6747201567499
                    },
                    {
                        "x": 531.4872380204919,
                        "y": 728.0980251712012
                    },
                    {
                        "x": 550.9390732179959,
                        "y": 726.2002851519326
                    },
                    {
                        "x": 581.302913526295,
                        "y": 719.0837600796748
                    },
                    {
                        "x": 615.9366688779486,
                        "y": 715.2882800411376
                    },
                    {
                        "x": 634.4396340658183,
                        "y": 712.4416700122346
                    },
                    {
                        "x": 642.5050291477102,
                        "y": 712.4416700122346
                    },
                    {
                        "x": 581.302913526295,
                        "y": 727.6235901663841
                    },
                    {
                        "x": 574.6608234588547,
                        "y": 729.9957651904699
                    },
                    {
                        "x": 570.8653434203172,
                        "y": 738.5355952771788
                    },
                    {
                        "x": 573.7119534492202,
                        "y": 741.382205306082
                    },
                    {
                        "x": 589.3683086081869,
                        "y": 739.9589002916305
                    },
                    {
                        "x": 643.9283341621617,
                        "y": 728.5724601760185
                    },
                    {
                        "x": 695.6417496872335,
                        "y": 725.2514151422982
                    },
                    {
                        "x": 736.9175951063273,
                        "y": 731.4190702049214
                    },
                    {
                        "x": 801.9151907662801,
                        "y": 757.5129954698659
                    },
                    {
                        "x": 809.980585848172,
                        "y": 761.7829105132205
                    },
                    {
                        "x": 717.4657599088233,
                        "y": 768.4250005806609
                    },
                    {
                        "x": 641.0817241332587,
                        "y": 781.7091807155417
                    },
                    {
                        "x": 582.2517835359293,
                        "y": 798.3144058841427
                    },
                    {
                        "x": 567.544298386597,
                        "y": 802.1098859226803
                    },
                    {
                        "x": 564.6976883576939,
                        "y": 809.7008459997548
                    },
                    {
                        "x": 570.3909084155,
                        "y": 813.9707610431094
                    },
                    {
                        "x": 627.7975439983778,
                        "y": 801.1610159130457
                    },
                    {
                        "x": 761.5882153568205,
                        "y": 777.9137006770045
                    },
                    {
                        "x": 808.0828458289035,
                        "y": 773.1693506288326
                    },
                    {
                        "x": 906.290891826058,
                        "y": 767.0016955662096
                    },
                    {
                        "x": 919.1006369561217,
                        "y": 759.4107354891345
                    },
                    {
                        "x": 929.0637720572822,
                        "y": 762.2573455180377
                    },
                    {
                        "x": 922.4216819898419,
                        "y": 771.2716106095639
                    },
                    {
                        "x": 913.4074168983154,
                        "y": 778.3881356818214
                    },
                    {
                        "x": 898.6999317489831,
                        "y": 788.3512707829822
                    },
                    {
                        "x": 885.8901866189198,
                        "y": 796.8911008696913
                    },
                    {
                        "x": 884.466881604468,
                        "y": 802.5843209274972
                    },
                    {
                        "x": 889.6856666574572,
                        "y": 804.0076259419487
                    },
                    {
                        "x": 893.9555817008115,
                        "y": 806.3798009660347
                    },
                    {
                        "x": 898.2254967441661,
                        "y": 801.635450917863
                    },
                    {
                        "x": 887.3134916333712,
                        "y": 815.8685010623782
                    },
                    {
                        "x": 853.6286062913517,
                        "y": 823.4594611394527
                    },
                    {
                        "x": 826.1113760119559,
                        "y": 850.5022564140318
                    },
                    {
                        "x": 781.0400505543245,
                        "y": 889.4059268090397
                    },
                    {
                        "x": 760.1649103423688,
                        "y": 920.7186371269731
                    },
                    {
                        "x": 757.3183003134659,
                        "y": 927.835162199231
                    },
                    {
                        "x": 753.9972552797456,
                        "y": 931.630642237768
                    },
                    {
                        "x": 749.2529052315741,
                        "y": 931.630642237768
                    },
                    {
                        "x": 740.713075144865,
                        "y": 930.2073372233167
                    },
                    {
                        "x": 737.3920301111447,
                        "y": 938.2727323052085
                    },
                    {
                        "x": 740.2386401400477,
                        "y": 943.0170823533804
                    },
                    {
                        "x": 749.727340236391,
                        "y": 943.0170823533804
                    },
                    {
                        "x": 757.3183003134659,
                        "y": 940.6449073292945
                    },
                    {
                        "x": 764.9092603905407,
                        "y": 936.37499228594
                    },
                    {
                        "x": 771.0769154531638,
                        "y": 928.309597204048
                    },
                    {
                        "x": 783.8866605832277,
                        "y": 911.7043720354467
                    },
                    {
                        "x": 826.5858110167729,
                        "y": 873.7495716500732
                    },
                    {
                        "x": 883.9924465996509,
                        "y": 830.1015512068931
                    },
                    {
                        "x": 907.2397618356924,
                        "y": 818.240676086464
                    },
                    {
                        "x": 906.7653268308752,
                        "y": 822.985026134636
                    },
                    {
                        "x": 904.3931518067893,
                        "y": 826.3060711683562
                    },
                    {
                        "x": 896.8021917297145,
                        "y": 835.7947712646994
                    },
                    {
                        "x": 868.8105264455015,
                        "y": 853.8233014477519
                    },
                    {
                        "x": 850.3075612576317,
                        "y": 863.7864365489127
                    },
                    {
                        "x": 838.9211211420194,
                        "y": 881.814966731965
                    },
                    {
                        "x": 831.8045960697619,
                        "y": 894.1502768572112
                    },
                    {
                        "x": 824.2136359926873,
                        "y": 899.3690619102006
                    },
                    {
                        "x": 811.8783258674407,
                        "y": 905.5367169728235
                    },
                    {
                        "x": 802.8640607759144,
                        "y": 910.2810670209955
                    },
                    {
                        "x": 791.0031856554851,
                        "y": 922.616377146242
                    },
                    {
                        "x": 759.2160403327346,
                        "y": 976.2275326905823
                    },
                    {
                        "x": 727.9033300148013,
                        "y": 1025.5687731915682
                    },
                    {
                        "x": 728.3777650196184,
                        "y": 1029.3642532301055
                    },
                    {
                        "x": 753.0483852701113,
                        "y": 1012.7590280615045
                    },
                    {
                        "x": 797.6452757229256,
                        "y": 959.6223075219813
                    },
                    {
                        "x": 833.7023360890306,
                        "y": 913.1276770498984
                    },
                    {
                        "x": 848.409821238363,
                        "y": 897.4713218909318
                    },
                    {
                        "x": 865.9639164165983,
                        "y": 873.275136645256
                    },
                    {
                        "x": 877.824791537028,
                        "y": 858.5676514959237
                    },
                    {
                        "x": 889.6856666574572,
                        "y": 849.5533864043972
                    },
                    {
                        "x": 897.2766267345318,
                        "y": 845.283471361043
                    },
                    {
                        "x": 913.4074168983154,
                        "y": 840.539121312871
                    },
                    {
                        "x": 922.195795050798,
                        "y": 840.7466930946949
                    },
                    {
                        "x": 923.4542636502715,
                        "y": 846.7940061920832
                    },
                    {
                        "x": 937.6812087423801,
                        "y": 840.1702312818629
                    },
                    {
                        "x": 954.8768649115236,
                        "y": 833.4426704807302
                    },
                    {
                        "x": 956.6192468683644,
                        "y": 840.3237888712081
                    },
                    {
                        "x": 945.1851252587021,
                        "y": 847.0961131582915
                    },
                    {
                        "x": 945.5269771508317,
                        "y": 854.8966007034695
                    },
                    {
                        "x": 953.1844202138597,
                        "y": 856.6300734228153
                    },
                    {
                        "x": 967.4327329893911,
                        "y": 845.1305863622166
                    },
                    {
                        "x": 973.2069225981832,
                        "y": 851.3639483448093
                    },
                    {
                        "x": 977.4279454845525,
                        "y": 863.0765948623161
                    },
                    {
                        "x": 981.3380246000444,
                        "y": 881.3664005932776
                    },
                    {
                        "x": 986.8677534239109,
                        "y": 878.6023122473281
                    },
                    {
                        "x": 986.0999654771842,
                        "y": 857.4193325284299
                    },
                    {
                        "x": 979.2290652888271,
                        "y": 841.147621716405
                    },
                    {
                        "x": 991.5955797338422,
                        "y": 837.0084576232941
                    },
                    {
                        "x": 1007.8227233399388,
                        "y": 843.9153357456229
                    },
                    {
                        "x": 1009.1475589196685,
                        "y": 850.7640362027299
                    },
                    {
                        "x": 1016.537262755014,
                        "y": 848.1140328405452
                    },
                    {
                        "x": 1022.9138115642032,
                        "y": 853.3568784021347
                    },
                    {
                        "x": 1028.6951230688885,
                        "y": 857.127531718488
                    },
                    {
                        "x": 1024.425208025534,
                        "y": 866.6330465778155
                    },
                    {
                        "x": 1020.6297279869967,
                        "y": 911.2299370306299
                    },
                    {
                        "x": 1016.834247948459,
                        "y": 922.616377146242
                    },
                    {
                        "x": 1004.9733728280296,
                        "y": 933.0539472522197
                    },
                    {
                        "x": 1000.2290227798578,
                        "y": 944.4403873678318
                    },
                    {
                        "x": 999.2801527702237,
                        "y": 962.4689175508843
                    },
                    {
                        "x": 993.5869327124179,
                        "y": 974.3297926713136
                    },
                    {
                        "x": 981.7260575919884,
                        "y": 989.037277820646
                    },
                    {
                        "x": 945.1945622210661,
                        "y": 1004.2191979747955
                    },
                    {
                        "x": 917.6773319416699,
                        "y": 1005.6425029892469
                    },
                    {
                        "x": 876.4014865225762,
                        "y": 1006.116937994064
                    },
                    {
                        "x": 848.409821238363,
                        "y": 997.5771079073551
                    },
                    {
                        "x": 834.6512060986649,
                        "y": 993.7816278688174
                    },
                    {
                        "x": 829.9068560504934,
                        "y": 992.8327578591832
                    }
                ],
                "resin": 1,
                "browning": false
            }
        ],
        "object_id": "A_a02_B_1_1_22-09-06-10-21-1010"
    },
    "Metadata": {
        "Images": {
            "object_id": "A_a02_B_1_1_22-09-06-10-21-1010",
            "path": "1.Traning_원천데이터_마디_미수정암꽃",
            "width": 2000,
            "height": 1500
        },
        "environment": {
            "area_id": "A",
            "hemp_id": "A_a02_B_1",
            "area_temp": 28.1,
            "area_hum": 72.5,
            "area_co2": 316,
            "area_Illum": 430,
            "water_temp": 26.2,
            "water_ec": 2.3,
            "water_ph": 4.7
        },
        "Growth Info": {
            "period": 67,
            "length": 49,
            "node_number": 23,
            "node_length": 2.1,
            "root_round": 17.6
        }
    }
}