{
    "annotations": {
        "label": {
            "category": 1
        },
        "polygon": [
            {
                "type": "POLYGON",
                "vertices": [
                    {
                        "x": 969.5412726907372,
                        "y": 764.92691133906
                    },
                    {
                        "x": 962.7094086213698,
                        "y": 758.6643692754733
                    },
                    {
                        "x": 951.3229685057577,
                        "y": 747.2779291598613
                    },
                    {
                        "x": 941.0751724017067,
                        "y": 729.6289469806622
                    },
                    {
                        "x": 937.6592403670231,
                        "y": 717.6731848592697
                    },
                    {
                        "x": 925.1341562398497,
                        "y": 713.1186088130248
                    },
                    {
                        "x": 899.5146659797225,
                        "y": 704.5787787263157
                    },
                    {
                        "x": 872.1872097022534,
                        "y": 690.9150505875812
                    },
                    {
                        "x": 855.1075495288351,
                        "y": 680.0979324777496
                    },
                    {
                        "x": 848.2756854594679,
                        "y": 675.5433564315048
                    },
                    {
                        "x": 848.8450074652485,
                        "y": 664.7262383216732
                    },
                    {
                        "x": 849.4143294710291,
                        "y": 654.4784422176223
                    },
                    {
                        "x": 854.5382275230546,
                        "y": 642.5226800962296
                    },
                    {
                        "x": 860.8007695866411,
                        "y": 627.7203079459338
                    },
                    {
                        "x": 867.0633116502278,
                        "y": 622.5964098939083
                    },
                    {
                        "x": 868.2019556617889,
                        "y": 614.6259018129798
                    },
                    {
                        "x": 872.1872097022534,
                        "y": 607.7940377436125
                    },
                    {
                        "x": 875.4608112354917,
                        "y": 603.9778011736145
                    },
                    {
                        "x": 879.2562912740291,
                        "y": 602.5544961591629
                    },
                    {
                        "x": 883.5262063173838,
                        "y": 604.9266711832488
                    },
                    {
                        "x": 887.7961213607382,
                        "y": 605.8755411928831
                    },
                    {
                        "x": 889.6938613800069,
                        "y": 595.9124060917225
                    },
                    {
                        "x": 891.5916013992755,
                        "y": 585.4748359857447
                    },
                    {
                        "x": 893.0149064137273,
                        "y": 581.2049209423902
                    },
                    {
                        "x": 896.8103864522645,
                        "y": 583.1026609616589
                    },
                    {
                        "x": 897.7592564618989,
                        "y": 588.3214460146477
                    },
                    {
                        "x": 897.7592564618989,
                        "y": 596.3868410965397
                    },
                    {
                        "x": 895.86151644263,
                        "y": 606.8244112025175
                    },
                    {
                        "x": 891.5916013992755,
                        "y": 614.8898062844095
                    },
                    {
                        "x": 890.1682963848241,
                        "y": 620.5830263422155
                    },
                    {
                        "x": 886.3728163462868,
                        "y": 628.1739864192903
                    },
                    {
                        "x": 890.1682963848241,
                        "y": 632.4439014626447
                    },
                    {
                        "x": 899.6569964811674,
                        "y": 640.0348615397195
                    },
                    {
                        "x": 903.2627025177778,
                        "y": 637.3780255127434
                    },
                    {
                        "x": 909.7150185832915,
                        "y": 637.28313851178
                    },
                    {
                        "x": 913.1309506179753,
                        "y": 636.6189295050358
                    },
                    {
                        "x": 917.7804136651835,
                        "y": 638.4217825233411
                    },
                    {
                        "x": 926.2253567509293,
                        "y": 639.2757655320121
                    },
                    {
                        "x": 935.2396218424554,
                        "y": 642.4070365638054
                    },
                    {
                        "x": 937.1373618617242,
                        "y": 638.1371215204508
                    },
                    {
                        "x": 938.5606668761757,
                        "y": 634.8160764867307
                    },
                    {
                        "x": 941.4072769050788,
                        "y": 632.9183364674618
                    },
                    {
                        "x": 941.4072769050788,
                        "y": 639.5604265349024
                    },
                    {
                        "x": 939.983971890627,
                        "y": 645.2536465927084
                    },
                    {
                        "x": 941.6919379079693,
                        "y": 652.4650586659295
                    },
                    {
                        "x": 936.2833788530533,
                        "y": 655.5251644470004
                    },
                    {
                        "x": 931.444141803918,
                        "y": 653.3190416746005
                    },
                    {
                        "x": 926.6997917557462,
                        "y": 656.6400867083208
                    },
                    {
                        "x": 926.2253567509293,
                        "y": 662.3333067661266
                    },
                    {
                        "x": 926.2253567509293,
                        "y": 667.0776568142984
                    },
                    {
                        "x": 932.3930118135524,
                        "y": 676.5663569106418
                    },
                    {
                        "x": 948.9982369821535,
                        "y": 687.0039270166196
                    },
                    {
                        "x": 963.7057221314857,
                        "y": 692.2227120696085
                    },
                    {
                        "x": 961.3335471074,
                        "y": 686.0550570069853
                    },
                    {
                        "x": 961.8079821122171,
                        "y": 676.5663569106418
                    },
                    {
                        "x": 963.2312871266685,
                        "y": 669.9242668432015
                    },
                    {
                        "x": 965.1290271459372,
                        "y": 667.0776568142984
                    },
                    {
                        "x": 967.5012021700231,
                        "y": 666.6032218094812
                    },
                    {
                        "x": 971.7711172133777,
                        "y": 667.0776568142984
                    },
                    {
                        "x": 973.1944222278293,
                        "y": 663.7566117805782
                    },
                    {
                        "x": 973.6688572326465,
                        "y": 659.9611317420407
                    },
                    {
                        "x": 983.631992333807,
                        "y": 662.8077417709438
                    },
                    {
                        "x": 979.8365122952695,
                        "y": 655.6912166986863
                    },
                    {
                        "x": 975.5665972519149,
                        "y": 654.2679116842347
                    },
                    {
                        "x": 970.3478121989259,
                        "y": 650.9468666505145
                    },
                    {
                        "x": 969.8733771941088,
                        "y": 645.2536465927084
                    },
                    {
                        "x": 973.6688572326462,
                        "y": 640.5092965445367
                    },
                    {
                        "x": 977.4643372711834,
                        "y": 639.0859915300852
                    },
                    {
                        "x": 981.7342523145383,
                        "y": 637.1882515108165
                    },
                    {
                        "x": 986.4786023627098,
                        "y": 637.1882515108165
                    },
                    {
                        "x": 989.3252123916129,
                        "y": 639.0859915300852
                    },
                    {
                        "x": 994.5439974446018,
                        "y": 641.458166554171
                    },
                    {
                        "x": 997.3906074735048,
                        "y": 643.3559065734397
                    },
                    {
                        "x": 990.2740824012473,
                        "y": 627.2251164096559
                    },
                    {
                        "x": 983.1575573289896,
                        "y": 607.7732812121518
                    },
                    {
                        "x": 983.1575573289896,
                        "y": 596.8612761013569
                    },
                    {
                        "x": 980.7853823049038,
                        "y": 589.2703160242821
                    },
                    {
                        "x": 977.9387722760007,
                        "y": 582.6282259568417
                    },
                    {
                        "x": 974.6177272422806,
                        "y": 576.4605708942184
                    },
                    {
                        "x": 968.9245071844745,
                        "y": 575.9861358894012
                    },
                    {
                        "x": 965.6034621507541,
                        "y": 575.0372658797669
                    },
                    {
                        "x": 962.2824171170339,
                        "y": 572.1906558508639
                    },
                    {
                        "x": 961.3335471073997,
                        "y": 567.9207408075093
                    },
                    {
                        "x": 965.1290271459372,
                        "y": 540.4035105281133
                    },
                    {
                        "x": 967.5012021700229,
                        "y": 537.0824654943931
                    },
                    {
                        "x": 971.2966822085601,
                        "y": 535.1847254751244
                    },
                    {
                        "x": 968.4500721796571,
                        "y": 508.6163652053629
                    },
                    {
                        "x": 963.2312871266682,
                        "y": 476.3547848777951
                    },
                    {
                        "x": 957.0636320640449,
                        "y": 466.39164977663444
                    },
                    {
                        "x": 951.3704120062388,
                        "y": 458.32625469474254
                    },
                    {
                        "x": 947.1004969628843,
                        "y": 450.73529461766776
                    },
                    {
                        "x": 947.1004969628843,
                        "y": 440.29772451169
                    },
                    {
                        "x": 950.4215419966046,
                        "y": 428.4368493912607
                    },
                    {
                        "x": 953.2681520255076,
                        "y": 418.9481492949172
                    },
                    {
                        "x": 955.6403270495937,
                        "y": 416.1015392660142
                    },
                    {
                        "x": 958.0125020736793,
                        "y": 416.57597427083135
                    },
                    {
                        "x": 958.0125020736793,
                        "y": 420.84588931418585
                    },
                    {
                        "x": 958.0125020736793,
                        "y": 424.16693434790614
                    },
                    {
                        "x": 955.6403270495937,
                        "y": 433.1811994394325
                    },
                    {
                        "x": 954.6914570399591,
                        "y": 437.451114482787
                    },
                    {
                        "x": 953.7425870303248,
                        "y": 444.5676395550446
                    },
                    {
                        "x": 956.5891970592278,
                        "y": 453.1074696417537
                    },
                    {
                        "x": 967.0267671652056,
                        "y": 465.44277976700005
                    },
                    {
                        "x": 970.3478121989258,
                        "y": 473.5081748488921
                    },
                    {
                        "x": 976.0410322567319,
                        "y": 500.0765351186538
                    },
                    {
                        "x": 983.1575573289895,
                        "y": 531.8636804414042
                    },
                    {
                        "x": 988.3763423819784,
                        "y": 534.7102904703073
                    },
                    {
                        "x": 991.2229524108814,
                        "y": 536.608030489576
                    },
                    {
                        "x": 991.2229524108814,
                        "y": 543.2501205570164
                    },
                    {
                        "x": 991.6973874156985,
                        "y": 548.4689056100053
                    },
                    {
                        "x": 991.2229524108814,
                        "y": 554.6365606726285
                    },
                    {
                        "x": 998.3394774831388,
                        "y": 553.6876906629942
                    },
                    {
                        "x": 998.8139124879561,
                        "y": 557.4831707015315
                    },
                    {
                        "x": 999.2883474927734,
                        "y": 565.0741307786062
                    },
                    {
                        "x": 997.8650424783218,
                        "y": 574.5628308749497
                    },
                    {
                        "x": 998.8139124879561,
                        "y": 578.8327459183042
                    },
                    {
                        "x": 1003.0838275313107,
                        "y": 578.358310913487
                    },
                    {
                        "x": 1007.8281775794825,
                        "y": 577.8838759086699
                    },
                    {
                        "x": 1004.9815675505794,
                        "y": 571.7162208460467
                    },
                    {
                        "x": 1004.5071325457621,
                        "y": 564.599695773789
                    },
                    {
                        "x": 1004.0326975409453,
                        "y": 557.9576057063487
                    },
                    {
                        "x": 1004.9815675505794,
                        "y": 553.6876906629941
                    },
                    {
                        "x": 1005.4560025553965,
                        "y": 549.8922106244567
                    },
                    {
                        "x": 1009.2514825939339,
                        "y": 546.5711655907364
                    },
                    {
                        "x": 1012.5725276276542,
                        "y": 545.147860576285
                    },
                    {
                        "x": 1016.3680076661914,
                        "y": 549.8922106244567
                    },
                    {
                        "x": 1021.1123577143632,
                        "y": 548.4689056100052
                    },
                    {
                        "x": 1024.9078377529006,
                        "y": 546.5711655907364
                    },
                    {
                        "x": 1026.331142767352,
                        "y": 543.2501205570163
                    },
                    {
                        "x": 1022.5356627288146,
                        "y": 540.4035105281132
                    },
                    {
                        "x": 1018.7401826902776,
                        "y": 537.082465494393
                    },
                    {
                        "x": 1017.3168776758259,
                        "y": 534.7102904703072
                    },
                    {
                        "x": 1023.0100977336319,
                        "y": 534.23585546549
                    },
                    {
                        "x": 1019.6890526999118,
                        "y": 529.0170704125011
                    },
                    {
                        "x": 1014.9447026517399,
                        "y": 520.477240325792
                    },
                    {
                        "x": 1011.1492226132025,
                        "y": 512.4118452439001
                    },
                    {
                        "x": 1007.353742574665,
                        "y": 507.19306019091124
                    },
                    {
                        "x": 1007.8281775794825,
                        "y": 501.02540512828796
                    },
                    {
                        "x": 1008.7770475891169,
                        "y": 494.8577500656647
                    },
                    {
                        "x": 1003.5582625361279,
                        "y": 482.99687494523545
                    },
                    {
                        "x": 1004.9815675505794,
                        "y": 476.35478487779505
                    },
                    {
                        "x": 1002.6093925264934,
                        "y": 472.08486983444044
                    },
                    {
                        "x": 999.2883474927734,
                        "y": 468.7638248007202
                    },
                    {
                        "x": 998.8139124879561,
                        "y": 465.9172147718171
                    },
                    {
                        "x": 1001.660522516859,
                        "y": 458.3262546947424
                    },
                    {
                        "x": 998.3394774831388,
                        "y": 456.90294968029093
                    },
                    {
                        "x": 997.8650424783218,
                        "y": 454.5307746562051
                    },
                    {
                        "x": 1004.5071325457621,
                        "y": 455.4796446658394
                    },
                    {
                        "x": 1004.5071325457621,
                        "y": 458.8006896995596
                    },
                    {
                        "x": 1002.1349575216763,
                        "y": 465.442779767
                    },
                    {
                        "x": 1006.8793075698479,
                        "y": 472.08486983444044
                    },
                    {
                        "x": 1008.7770475891169,
                        "y": 477.7780898922465
                    },
                    {
                        "x": 1008.3026125842996,
                        "y": 481.0991349259667
                    },
                    {
                        "x": 1013.5213976372885,
                        "y": 486.7923549837728
                    },
                    {
                        "x": 1019.2146176950943,
                        "y": 497.22992508975057
                    },
                    {
                        "x": 1022.5356627288146,
                        "y": 505.2953201716425
                    },
                    {
                        "x": 1025.8567077625348,
                        "y": 512.8862802487173
                    },
                    {
                        "x": 1031.0754928155238,
                        "y": 510.9885402294486
                    },
                    {
                        "x": 1032.9732328347925,
                        "y": 515.7328902776203
                    },
                    {
                        "x": 1034.8709728540612,
                        "y": 520.477240325792
                    },
                    {
                        "x": 1038.1920178877815,
                        "y": 532.8125504510385
                    },
                    {
                        "x": 1042.461932931136,
                        "y": 529.4915054173183
                    },
                    {
                        "x": 1046.2574129696734,
                        "y": 526.1704603835981
                    },
                    {
                        "x": 1051.4761980226622,
                        "y": 525.2215903739637
                    },
                    {
                        "x": 1055.7461130660167,
                        "y": 526.6448953884152
                    },
                    {
                        "x": 1057.1694180804684,
                        "y": 533.2869854558556
                    },
                    {
                        "x": 1054.7972430563825,
                        "y": 531.389245436587
                    },
                    {
                        "x": 1049.1040229985763,
                        "y": 532.3381154462213
                    },
                    {
                        "x": 1046.7318479744906,
                        "y": 534.23585546549
                    },
                    {
                        "x": 1041.0386279166844,
                        "y": 537.082465494393
                    },
                    {
                        "x": 1038.6664528925985,
                        "y": 542.301250547382
                    },
                    {
                        "x": 1035.3454078588784,
                        "y": 545.6222955811021
                    },
                    {
                        "x": 1031.549927820341,
                        "y": 549.8922106244567
                    },
                    {
                        "x": 1027.2800127769865,
                        "y": 553.6876906629941
                    },
                    {
                        "x": 1018.7401826902776,
                        "y": 558.4320407111658
                    },
                    {
                        "x": 1024.9078377529006,
                        "y": 573.1395258604981
                    },
                    {
                        "x": 1032.9732328347925,
                        "y": 598.2845811158082
                    },
                    {
                        "x": 1038.6664528925985,
                        "y": 607.7732812121517
                    },
                    {
                        "x": 1040.0897579070502,
                        "y": 613.4665012699578
                    },
                    {
                        "x": 1044.3596729504047,
                        "y": 612.5176312603234
                    },
                    {
                        "x": 1049.5784580033935,
                        "y": 614.4153712795921
                    },
                    {
                        "x": 1051.001763017845,
                        "y": 616.787546303678
                    },
                    {
                        "x": 1051.4761980226622,
                        "y": 621.5318963518497
                    },
                    {
                        "x": 1053.848373046748,
                        "y": 626.7506814048385
                    },
                    {
                        "x": 1057.1694180804684,
                        "y": 631.0205964481931
                    },
                    {
                        "x": 1063.3370731430916,
                        "y": 628.6484214241073
                    },
                    {
                        "x": 1069.0302932008976,
                        "y": 622.480766361484
                    },
                    {
                        "x": 1075.1979482635209,
                        "y": 618.6852863229467
                    },
                    {
                        "x": 1077.5701232876067,
                        "y": 616.3131112988608
                    },
                    {
                        "x": 1083.2633433454127,
                        "y": 614.4153712795921
                    },
                    {
                        "x": 1088.4821283984018,
                        "y": 617.7364163133124
                    },
                    {
                        "x": 1090.8543034224876,
                        "y": 622.9552013663013
                    },
                    {
                        "x": 1095.5986534706592,
                        "y": 626.2762464000215
                    },
                    {
                        "x": 1100.8174385236482,
                        "y": 628.6484214241073
                    },
                    {
                        "x": 1102.2407435380997,
                        "y": 633.8672064770961
                    },
                    {
                        "x": 1102.2407435380997,
                        "y": 640.9837315493538
                    },
                    {
                        "x": 1103.189613547734,
                        "y": 650.4724316456973
                    },
                    {
                        "x": 1105.56178857182,
                        "y": 654.2679116842346
                    },
                    {
                        "x": 1108.88283360554,
                        "y": 660.4355667468578
                    },
                    {
                        "x": 1108.88283360554,
                        "y": 667.5520918191154
                    },
                    {
                        "x": 1114.576053663346,
                        "y": 660.910001751675
                    },
                    {
                        "x": 1125.0136237693239,
                        "y": 650.4724316456973
                    },
                    {
                        "x": 1126.9113637885926,
                        "y": 643.8303415782566
                    },
                    {
                        "x": 1129.7579738174957,
                        "y": 640.9837315493538
                    },
                    {
                        "x": 1133.553453856033,
                        "y": 634.8160764867305
                    },
                    {
                        "x": 1138.772238909022,
                        "y": 628.6484214241073
                    },
                    {
                        "x": 1144.465458966828,
                        "y": 627.2251164096559
                    },
                    {
                        "x": 1150.6331140294512,
                        "y": 622.480766361484
                    },
                    {
                        "x": 1157.2752040968917,
                        "y": 622.0063313566669
                    },
                    {
                        "x": 1161.5451191402462,
                        "y": 621.5318963518497
                    },
                    {
                        "x": 1170.0849492269554,
                        "y": 622.0063313566669
                    },
                    {
                        "x": 1174.8292992751271,
                        "y": 625.8018113952043
                    },
                    {
                        "x": 1176.7270392943958,
                        "y": 628.6484214241073
                    },
                    {
                        "x": 1182.4202593522018,
                        "y": 631.4950314530104
                    },
                    {
                        "x": 1182.894694357019,
                        "y": 635.2905114915477
                    },
                    {
                        "x": 1187.1646094003736,
                        "y": 639.085991530085
                    },
                    {
                        "x": 1193.806699467814,
                        "y": 642.4070365638053
                    },
                    {
                        "x": 1197.6021795063514,
                        "y": 648.1002566216115
                    },
                    {
                        "x": 1201.872094549706,
                        "y": 654.2679116842346
                    },
                    {
                        "x": 1205.193139583426,
                        "y": 656.6400867083205
                    },
                    {
                        "x": 1208.9886196219632,
                        "y": 654.2679116842346
                    },
                    {
                        "x": 1211.3607946460493,
                        "y": 647.6258216167942
                    },
                    {
                        "x": 1214.6818396797696,
                        "y": 649.0491266312457
                    },
                    {
                        "x": 1215.6307096894038,
                        "y": 653.3190416746003
                    },
                    {
                        "x": 1211.8352296508665,
                        "y": 659.0122617324063
                    },
                    {
                        "x": 1208.0397496123292,
                        "y": 661.8588717613094
                    },
                    {
                        "x": 1204.7187045786088,
                        "y": 660.4355667468578
                    },
                    {
                        "x": 1199.0254845208028,
                        "y": 657.1145217131377
                    },
                    {
                        "x": 1192.3833944533621,
                        "y": 649.5235616360628
                    },
                    {
                        "x": 1185.266869381105,
                        "y": 644.7792115878912
                    },
                    {
                        "x": 1181.4713893425674,
                        "y": 641.9326015589882
                    },
                    {
                        "x": 1175.7781692847614,
                        "y": 641.458166554171
                    },
                    {
                        "x": 1168.1872092076867,
                        "y": 640.0348615397194
                    },
                    {
                        "x": 1164.3917291691494,
                        "y": 640.0348615397194
                    },
                    {
                        "x": 1160.1218141257948,
                        "y": 641.9326015589882
                    },
                    {
                        "x": 1155.8518990824402,
                        "y": 644.3047765830739
                    },
                    {
                        "x": 1150.6331140294512,
                        "y": 646.6769516071598
                    },
                    {
                        "x": 1149.684244019817,
                        "y": 652.8446066697829
                    },
                    {
                        "x": 1148.2609390053653,
                        "y": 655.6912166986862
                    },
                    {
                        "x": 1144.465458966828,
                        "y": 657.5889567179548
                    },
                    {
                        "x": 1137.8233688993876,
                        "y": 659.9611317420407
                    },
                    {
                        "x": 1134.0278888608502,
                        "y": 660.910001751675
                    },
                    {
                        "x": 1134.9767588704847,
                        "y": 666.128786804664
                    },
                    {
                        "x": 1129.7579738174957,
                        "y": 669.9242668432013
                    },
                    {
                        "x": 1117.4226636922492,
                        "y": 681.7851419636307
                    },
                    {
                        "x": 1104.6129185621855,
                        "y": 689.8505370455222
                    },
                    {
                        "x": 1098.208045997154,
                        "y": 700.783298687778
                    },
                    {
                        "x": 1091.9455039335671,
                        "y": 714.4470268265126
                    },
                    {
                        "x": 1097.6387239913731,
                        "y": 715.5856708380736
                    },
                    {
                        "x": 1105.6092320723017,
                        "y": 717.8629588611959
                    },
                    {
                        "x": 1108.4558421012048,
                        "y": 714.4470268265126
                    },
                    {
                        "x": 1113.0104181474496,
                        "y": 714.4470268265126
                    },
                    {
                        "x": 1116.995672187914,
                        "y": 715.5856708380736
                    },
                    {
                        "x": 1122.1195702399393,
                        "y": 720.1402468843186
                    },
                    {
                        "x": 1131.228722332429,
                        "y": 717.2936368554155
                    },
                    {
                        "x": 1144.8924504711636,
                        "y": 709.8924507802676
                    },
                    {
                        "x": 1149.4470265174084,
                        "y": 700.783298687778
                    },
                    {
                        "x": 1159.6948226214593,
                        "y": 683.7036385143597
                    },
                    {
                        "x": 1169.9426187255103,
                        "y": 668.3319443582833
                    },
                    {
                        "x": 1173.9278727659746,
                        "y": 661.500080288916
                    },
                    {
                        "x": 1174.4971947717552,
                        "y": 657.5148262484518
                    },
                    {
                        "x": 1174.4971947717552,
                        "y": 650.1136401733039
                    },
                    {
                        "x": 1175.066516777536,
                        "y": 646.6977081386202
                    },
                    {
                        "x": 1179.051770818,
                        "y": 647.2670301444009
                    },
                    {
                        "x": 1181.3290588411228,
                        "y": 651.8216061906458
                    },
                    {
                        "x": 1181.3290588411228,
                        "y": 657.5148262484518
                    },
                    {
                        "x": 1179.6210928237808,
                        "y": 665.4853343293803
                    },
                    {
                        "x": 1173.9278727659746,
                        "y": 673.4558424103087
                    },
                    {
                        "x": 1168.2346527081686,
                        "y": 685.4116045317015
                    },
                    {
                        "x": 1167.0960086966074,
                        "y": 694.5207566241912
                    },
                    {
                        "x": 1167.0960086966074,
                        "y": 701.3526206935585
                    },
                    {
                        "x": 1167.0960086966074,
                        "y": 714.4470268265126
                    },
                    {
                        "x": 1175.066516777536,
                        "y": 713.3083828149512
                    },
                    {
                        "x": 1197.8393970087602,
                        "y": 705.3378747340228
                    },
                    {
                        "x": 1217.7656672110816,
                        "y": 701.3526206935585
                    },
                    {
                        "x": 1225.7361752920096,
                        "y": 700.2139766819972
                    },
                    {
                        "x": 1233.1373613671578,
                        "y": 693.9514346184106
                    },
                    {
                        "x": 1244.5238014827698,
                        "y": 688.8275365663851
                    },
                    {
                        "x": 1249.647699534795,
                        "y": 685.9809265374821
                    },
                    {
                        "x": 1259.3261736330658,
                        "y": 685.9809265374821
                    },
                    {
                        "x": 1264.4500716850912,
                        "y": 688.2582145606045
                    },
                    {
                        "x": 1267.296681713994,
                        "y": 691.1048245895075
                    },
                    {
                        "x": 1269.004647731336,
                        "y": 695.6594006357524
                    },
                    {
                        "x": 1274.697867789142,
                        "y": 697.3673666530942
                    },
                    {
                        "x": 1287.792273922096,
                        "y": 696.7980446473135
                    },
                    {
                        "x": 1308.287866130198,
                        "y": 687.688892554824
                    },
                    {
                        "x": 1325.3675263036162,
                        "y": 678.5797404623343
                    },
                    {
                        "x": 1356.110914615769,
                        "y": 660.9307582831354
                    },
                    {
                        "x": 1361.2348126677944,
                        "y": 655.8068602311099
                    },
                    {
                        "x": 1362.942778685136,
                        "y": 650.1136401733039
                    },
                    {
                        "x": 1365.7893887140392,
                        "y": 646.1283861328396
                    },
                    {
                        "x": 1368.635998742942,
                        "y": 647.2670301444009
                    },
                    {
                        "x": 1370.343964760284,
                        "y": 651.2522841848651
                    },
                    {
                        "x": 1369.7746427545035,
                        "y": 654.6682162195488
                    },
                    {
                        "x": 1366.9280327256004,
                        "y": 660.3614362773548
                    },
                    {
                        "x": 1361.2348126677944,
                        "y": 666.0546563351609
                    },
                    {
                        "x": 1345.2937965059373,
                        "y": 674.0251644160894
                    },
                    {
                        "x": 1322.520916274713,
                        "y": 688.2582145606045
                    },
                    {
                        "x": 1316.2583742111265,
                        "y": 693.9514346184106
                    },
                    {
                        "x": 1312.2731201706622,
                        "y": 696.2287226415331
                    },
                    {
                        "x": 1303.1639680781725,
                        "y": 700.783298687778
                    },
                    {
                        "x": 1295.193459997244,
                        "y": 704.7685527282422
                    },
                    {
                        "x": 1288.9309179336572,
                        "y": 707.0458407513647
                    },
                    {
                        "x": 1283.2376978758512,
                        "y": 708.7538067687063
                    },
                    {
                        "x": 1286.6536299105348,
                        "y": 712.16973880339
                    },
                    {
                        "x": 1287.792273922096,
                        "y": 722.9868569132215
                    },
                    {
                        "x": 1291.2082059567797,
                        "y": 726.4027889479052
                    },
                    {
                        "x": 1295.193459997244,
                        "y": 728.6800769710276
                    },
                    {
                        "x": 1301.4560020608305,
                        "y": 730.3880429883693
                    },
                    {
                        "x": 1311.1344761591008,
                        "y": 732.0960090057113
                    },
                    {
                        "x": 1316.827696216907,
                        "y": 733.2346530172724
                    },
                    {
                        "x": 1320.2436282515905,
                        "y": 730.95736499415
                    },
                    {
                        "x": 1325.3675263036162,
                        "y": 725.8334669421246
                    },
                    {
                        "x": 1328.7834583382996,
                        "y": 720.7095688900993
                    },
                    {
                        "x": 1333.9073563903253,
                        "y": 721.2788908958797
                    },
                    {
                        "x": 1335.0460004018864,
                        "y": 726.4027889479052
                    },
                    {
                        "x": 1335.615322407667,
                        "y": 730.95736499415
                    },
                    {
                        "x": 1333.9073563903253,
                        "y": 734.3732970288338
                    },
                    {
                        "x": 1329.922102349861,
                        "y": 738.358551069298
                    },
                    {
                        "x": 1327.075492320958,
                        "y": 741.7744831039817
                    },
                    {
                        "x": 1323.0902382804936,
                        "y": 743.4824491213234
                    },
                    {
                        "x": 1316.2583742111265,
                        "y": 744.0517711271038
                    },
                    {
                        "x": 1305.4412561012948,
                        "y": 745.1904151386652
                    },
                    {
                        "x": 1306.0105781070754,
                        "y": 750.8836351964712
                    },
                    {
                        "x": 1308.287866130198,
                        "y": 757.7154992658386
                    },
                    {
                        "x": 1307.1492221186365,
                        "y": 765.1166853409865
                    },
                    {
                        "x": 1303.733290083953,
                        "y": 775.933803450818
                    },
                    {
                        "x": 1298.6093920319277,
                        "y": 786.7509215606494
                    },
                    {
                        "x": 1293.485493979902,
                        "y": 791.8748196126751
                    },
                    {
                        "x": 1287.2229519163154,
                        "y": 793.0134636242362
                    },
                    {
                        "x": 1282.09905386429,
                        "y": 790.1668535953331
                    },
                    {
                        "x": 1279.2524438353869,
                        "y": 793.5827856300168
                    },
                    {
                        "x": 1272.9899017718003,
                        "y": 794.1521076357973
                    },
                    {
                        "x": 1263.8807496793106,
                        "y": 790.7361756011137
                    },
                    {
                        "x": 1250.7863435463566,
                        "y": 785.0429555433077
                    },
                    {
                        "x": 1232.5680393613773,
                        "y": 781.6270235086239
                    },
                    {
                        "x": 1223.4588872688876,
                        "y": 777.0724474623792
                    },
                    {
                        "x": 1211.5031251474948,
                        "y": 772.5178714161343
                    },
                    {
                        "x": 1194.9927869798573,
                        "y": 769.6712613872313
                    },
                    {
                        "x": 1184.7449908758065,
                        "y": 770.2405833930119
                    },
                    {
                        "x": 1171.081262737072,
                        "y": 773.6565154276956
                    },
                    {
                        "x": 1162.8773655425596,
                        "y": 788.3109838884438
                    },
                    {
                        "x": 1170.0166552678515,
                        "y": 819.6073586973079
                    },
                    {
                        "x": 1179.283529712574,
                        "y": 837.2126865104199
                    },
                    {
                        "x": 1191.4345244437275,
                        "y": 843.0930436014686
                    },
                    {
                        "x": 1194.2811344726308,
                        "y": 842.1441735918343
                    },
                    {
                        "x": 1197.127744501534,
                        "y": 840.7208685773827
                    },
                    {
                        "x": 1200.4487895352543,
                        "y": 841.6697385870172
                    },
                    {
                        "x": 1203.2953995641572,
                        "y": 843.5674786062858
                    },
                    {
                        "x": 1212.784099660501,
                        "y": 845.4652186255545
                    },
                    {
                        "x": 1209.4630546267806,
                        "y": 849.2606986640919
                    },
                    {
                        "x": 1210.8863596412318,
                        "y": 851.1584386833606
                    },
                    {
                        "x": 1218.0028847134893,
                        "y": 848.7862636592747
                    },
                    {
                        "x": 1225.5938447905642,
                        "y": 845.4652186255545
                    },
                    {
                        "x": 1231.7614998531876,
                        "y": 844.9907836207374
                    },
                    {
                        "x": 1238.4035899206278,
                        "y": 845.9396536303717
                    },
                    {
                        "x": 1245.0456799880683,
                        "y": 847.8373936496404
                    },
                    {
                        "x": 1250.2644650410573,
                        "y": 850.2095686737263
                    },
                    {
                        "x": 1260.2276001422179,
                        "y": 852.1073086929949
                    },
                    {
                        "x": 1267.8185602192925,
                        "y": 857.3260937459837
                    },
                    {
                        "x": 1276.3583903060016,
                        "y": 862.5448787989727
                    },
                    {
                        "x": 1282.0516103638079,
                        "y": 865.8659238326929
                    },
                    {
                        "x": 1287.7448304216139,
                        "y": 871.0847088856818
                    },
                    {
                        "x": 1291.5403104601512,
                        "y": 873.4568839097677
                    },
                    {
                        "x": 1289.6425704408825,
                        "y": 878.2012339579394
                    },
                    {
                        "x": 1286.7959604119796,
                        "y": 884.3688890205627
                    },
                    {
                        "x": 1283.9493503830768,
                        "y": 887.2154990494657
                    },
                    {
                        "x": 1281.5771753589906,
                        "y": 891.9598490976375
                    },
                    {
                        "x": 1284.8982203927108,
                        "y": 899.076374169895
                    },
                    {
                        "x": 1284.4237853878933,
                        "y": 907.6162042566041
                    },
                    {
                        "x": 1281.5771753589906,
                        "y": 910.9372492903243
                    },
                    {
                        "x": 1277.307260315636,
                        "y": 912.3605543047759
                    },
                    {
                        "x": 1272.0884752626469,
                        "y": 913.7838593192272
                    },
                    {
                        "x": 1269.7163002385614,
                        "y": 910.462814285507
                    },
                    {
                        "x": 1270.665170248196,
                        "y": 907.141769251787
                    },
                    {
                        "x": 1273.9862152819157,
                        "y": 907.141769251787
                    },
                    {
                        "x": 1273.9862152819157,
                        "y": 909.5139442758727
                    },
                    {
                        "x": 1280.1538703445385,
                        "y": 908.0906392614213
                    },
                    {
                        "x": 1280.1538703445385,
                        "y": 904.2951592228837
                    },
                    {
                        "x": 1278.7305653300875,
                        "y": 897.6530691554435
                    },
                    {
                        "x": 1277.307260315636,
                        "y": 891.4854140928202
                    },
                    {
                        "x": 1273.9862152819157,
                        "y": 889.5876740735515
                    },
                    {
                        "x": 1273.5117802770988,
                        "y": 886.7410640446485
                    },
                    {
                        "x": 1275.8839553011846,
                        "y": 886.2666290398313
                    },
                    {
                        "x": 1278.7305653300875,
                        "y": 881.5222789916595
                    },
                    {
                        "x": 1282.5260453686249,
                        "y": 874.4057539194021
                    },
                    {
                        "x": 1274.9350852915502,
                        "y": 867.7636638519616
                    },
                    {
                        "x": 1263.548645175938,
                        "y": 862.0704437941555
                    },
                    {
                        "x": 1255.9576850988633,
                        "y": 856.8516587411666
                    },
                    {
                        "x": 1252.636640065143,
                        "y": 856.3772237363495
                    },
                    {
                        "x": 1248.3667250217889,
                        "y": 857.8005287508009
                    },
                    {
                        "x": 1251.6877700555087,
                        "y": 864.4426188182414
                    },
                    {
                        "x": 1255.0088150892286,
                        "y": 865.8659238326929
                    },
                    {
                        "x": 1258.8042951277664,
                        "y": 865.3914888278757
                    },
                    {
                        "x": 1260.702035147035,
                        "y": 867.2892288471444
                    },
                    {
                        "x": 1258.8042951277664,
                        "y": 871.0847088856818
                    },
                    {
                        "x": 1255.0088150892286,
                        "y": 870.1358388760476
                    },
                    {
                        "x": 1249.79003003624,
                        "y": 870.6102738808647
                    },
                    {
                        "x": 1245.5201149928855,
                        "y": 868.712533861596
                    },
                    {
                        "x": 1246.943420007337,
                        "y": 866.34035883751
                    },
                    {
                        "x": 1243.6223749736166,
                        "y": 863.0193138037899
                    },
                    {
                        "x": 1244.0968099784343,
                        "y": 859.2238337652526
                    },
                    {
                        "x": 1242.1990699591654,
                        "y": 857.3260937459837
                    },
                    {
                        "x": 1237.4547199109936,
                        "y": 860.1727037748868
                    },
                    {
                        "x": 1230.8126298435532,
                        "y": 866.8147938423273
                    },
                    {
                        "x": 1225.1194097857472,
                        "y": 868.712533861596
                    },
                    {
                        "x": 1221.3239297472096,
                        "y": 868.712533861596
                    },
                    {
                        "x": 1213.7329696701347,
                        "y": 868.2380988567788
                    },
                    {
                        "x": 1207.5653146075117,
                        "y": 870.1358388760476
                    },
                    {
                        "x": 1200.4487895352543,
                        "y": 870.6102738808647
                    },
                    {
                        "x": 1193.8066994678138,
                        "y": 871.0847088856818
                    },
                    {
                        "x": 1189.5367844244593,
                        "y": 871.559143890499
                    },
                    {
                        "x": 1194.2811344726308,
                        "y": 877.7267989531223
                    },
                    {
                        "x": 1210.8863596412318,
                        "y": 894.3320241217234
                    },
                    {
                        "x": 1229.3893248291017,
                        "y": 903.3462892132495
                    },
                    {
                        "x": 1251.6877700555087,
                        "y": 917.1049043529475
                    },
                    {
                        "x": 1260.2276001422179,
                        "y": 925.6447344396566
                    },
                    {
                        "x": 1266.8696902096583,
                        "y": 931.3379544974626
                    },
                    {
                        "x": 1273.5117802770988,
                        "y": 938.4544795697203
                    },
                    {
                        "x": 1277.7816953204533,
                        "y": 943.1988296178919
                    },
                    {
                        "x": 1281.5771753589906,
                        "y": 945.5710046419779
                    },
                    {
                        "x": 1284.8982203927108,
                        "y": 947.9431796660639
                    },
                    {
                        "x": 1294.3869204890543,
                        "y": 948.4176146708808
                    },
                    {
                        "x": 1298.1824005275917,
                        "y": 947.4687446612467
                    },
                    {
                        "x": 1306.2477956094838,
                        "y": 942.2499596082577
                    },
                    {
                        "x": 1312.4154506721068,
                        "y": 940.8266545938061
                    },
                    {
                        "x": 1314.787625696193,
                        "y": 940.8266545938061
                    },
                    {
                        "x": 1315.736495705827,
                        "y": 944.6221346323435
                    },
                    {
                        "x": 1310.9921456576553,
                        "y": 947.9431796660639
                    },
                    {
                        "x": 1301.5034455613118,
                        "y": 953.1619647190524
                    },
                    {
                        "x": 1296.284660508323,
                        "y": 954.5852697335041
                    },
                    {
                        "x": 1289.6425704408825,
                        "y": 954.5852697335041
                    },
                    {
                        "x": 1300.5545755516775,
                        "y": 960.2784897913102
                    },
                    {
                        "x": 1302.4523155709462,
                        "y": 963.1250998202131
                    },
                    {
                        "x": 1298.1824005275917,
                        "y": 967.3950148635679
                    },
                    {
                        "x": 1292.9636154746029,
                        "y": 965.9717098491165
                    },
                    {
                        "x": 1275.4095202963672,
                        "y": 960.2784897913102
                    },
                    {
                        "x": 1269.7163002385614,
                        "y": 957.4318797624072
                    },
                    {
                        "x": 1266.8696902096583,
                        "y": 954.1108347286869
                    },
                    {
                        "x": 1266.3952552048413,
                        "y": 949.8409196853323
                    },
                    {
                        "x": 1264.4975151855724,
                        "y": 942.2499596082577
                    },
                    {
                        "x": 1256.4321201036805,
                        "y": 933.7101295215485
                    },
                    {
                        "x": 1242.6735049639824,
                        "y": 923.746994420388
                    },
                    {
                        "x": 1224.64497478093,
                        "y": 912.834989309593
                    },
                    {
                        "x": 1202.3465295545227,
                        "y": 900.0252441795293
                    },
                    {
                        "x": 1180.9969543377504,
                        "y": 889.1132390687344
                    },
                    {
                        "x": 1176.7270392943956,
                        "y": 882.471149001294
                    },
                    {
                        "x": 1172.931559255858,
                        "y": 876.3034939386707
                    },
                    {
                        "x": 1166.2894691884176,
                        "y": 875.3546239290365
                    },
                    {
                        "x": 1160.5962491306116,
                        "y": 872.9824489049506
                    },
                    {
                        "x": 1153.005289053537,
                        "y": 871.0847088856818
                    },
                    {
                        "x": 1149.2098090149996,
                        "y": 863.0193138037899
                    },
                    {
                        "x": 1146.3631989860964,
                        "y": 859.2238337652526
                    },
                    {
                        "x": 1142.093283942742,
                        "y": 857.8005287508009
                    },
                    {
                        "x": 1135.157044172315,
                        "y": 854.2974192839822
                    },
                    {
                        "x": 1137.8897898000619,
                        "y": 861.8124697602861
                    },
                    {
                        "x": 1135.8402305792515,
                        "y": 869.3275202365903
                    },
                    {
                        "x": 1133.1074849515046,
                        "y": 874.7930114920842
                    },
                    {
                        "x": 1127.6419936960108,
                        "y": 875.4761978990208
                    },
                    {
                        "x": 1122.176502440517,
                        "y": 873.4266386782106
                    },
                    {
                        "x": 1109.1959607087192,
                        "y": 872.0602658643372
                    },
                    {
                        "x": 1115.3446383711498,
                        "y": 876.8425707128943
                    },
                    {
                        "x": 1118.0773839988967,
                        "y": 881.6248755614513
                    },
                    {
                        "x": 1115.3446383711498,
                        "y": 885.7239940030718
                    },
                    {
                        "x": 1113.2950791503397,
                        "y": 888.4567396308187
                    },
                    {
                        "x": 1134.4738577653782,
                        "y": 926.0319920123387
                    },
                    {
                        "x": 1154.96944997348,
                        "y": 956.0921939175547
                    },
                    {
                        "x": 1166.5836188914043,
                        "y": 971.1222948701626
                    },
                    {
                        "x": 1172.049110146898,
                        "y": 982.0532773811505
                    },
                    {
                        "x": 1172.049110146898,
                        "y": 988.8851414505178
                    },
                    {
                        "x": 1171.3659237399618,
                        "y": 995.7170055198851
                    },
                    {
                        "x": 1166.5836188914043,
                        "y": 997.0833783337586
                    },
                    {
                        "x": 1160.434941228974,
                        "y": 992.3010734852012
                    },
                    {
                        "x": 1159.7517548220371,
                        "y": 987.5187686366444
                    },
                    {
                        "x": 1131.7411121376313,
                        "y": 949.9435162551243
                    },
                    {
                        "x": 1107.146401487909,
                        "y": 917.1505687221612
                    },
                    {
                        "x": 1093.4826733491745,
                        "y": 893.9222308863126
                    },
                    {
                        "x": 1088.7003685006173,
                        "y": 878.8921299337043
                    },
                    {
                        "x": 1081.1853180243133,
                        "y": 854.9806056909189
                    },
                    {
                        "x": 1067.7266116252324,
                        "y": 843.6769207956944
                    },
                    {
                        "x": 1055.2706359496278,
                        "y": 848.6978217777336
                    },
                    {
                        "x": 1032.166693326603,
                        "y": 869.871934404618
                    },
                    {
                        "x": 1027.6121172803582,
                        "y": 878.9810864971076
                    },
                    {
                        "x": 1021.3495752167715,
                        "y": 884.1049845491333
                    },
                    {
                        "x": 1017.3643211763074,
                        "y": 885.8129505664749
                    },
                    {
                        "x": 1007.6858470780371,
                        "y": 898.3380346936484
                    },
                    {
                        "x": 1000.284661002889,
                        "y": 910.8631188208216
                    },
                    {
                        "x": 983.2050008294709,
                        "y": 935.3439650693879
                    },
                    {
                        "x": 978.6504247832258,
                        "y": 941.6065071329746
                    },
                    {
                        "x": 982.0663568179097,
                        "y": 951.8543032370253
                    },
                    {
                        "x": 978.0811027774453,
                        "y": 952.423625242806
                    },
                    {
                        "x": 975.2344927485424,
                        "y": 947.2997271907805
                    },
                    {
                        "x": 969.5412726907362,
                        "y": 954.7009132659284
                    },
                    {
                        "x": 957.0161885635629,
                        "y": 964.9487093699792
                    },
                    {
                        "x": 949.6150024884149,
                        "y": 970.0726074220048
                    },
                    {
                        "x": 953.0309345230986,
                        "y": 974.6271834682497
                    },
                    {
                        "x": 958.1548325751243,
                        "y": 976.9044714913721
                    },
                    {
                        "x": 964.9866966444915,
                        "y": 981.4590475376168
                    },
                    {
                        "x": 967.263984667614,
                        "y": 987.1522675954229
                    },
                    {
                        "x": 967.8333066733945,
                        "y": 996.2614196879127
                    },
                    {
                        "x": 964.9866966444915,
                        "y": 1000.8159957341575
                    },
                    {
                        "x": 961.5707646098077,
                        "y": 1004.2319277688412
                    },
                    {
                        "x": 955.8775445520016,
                        "y": 1004.8012497746216
                    },
                    {
                        "x": 952.4616125173183,
                        "y": 1001.9546397457187
                    },
                    {
                        "x": 948.4763584768538,
                        "y": 1002.5239617514992
                    },
                    {
                        "x": 943.9217824306091,
                        "y": 1008.7865038150859
                    },
                    {
                        "x": 950.1843244941956,
                        "y": 1008.2171818093054
                    },
                    {
                        "x": 952.4616125173183,
                        "y": 1012.7717578555504
                    },
                    {
                        "x": 947.9070364710732,
                        "y": 1015.6183678844533
                    },
                    {
                        "x": 942.7831384190478,
                        "y": 1015.0490458786726
                    },
                    {
                        "x": 939.3672063843643,
                        "y": 1011.633113843989
                    },
                    {
                        "x": 939.9365283901449,
                        "y": 1005.3705717804025
                    },
                    {
                        "x": 944.4911044363897,
                        "y": 1000.8159957341575
                    },
                    {
                        "x": 947.3377144652926,
                        "y": 993.9841316647902
                    },
                    {
                        "x": 942.2138164132671,
                        "y": 991.1375216358872
                    },
                    {
                        "x": 930.8273762976551,
                        "y": 985.4443015780813
                    },
                    {
                        "x": 925.134156239849,
                        "y": 976.9044714913721
                    },
                    {
                        "x": 926.8421222571908,
                        "y": 967.7953193988823
                    },
                    {
                        "x": 930.2580542918746,
                        "y": 959.8248113179538
                    },
                    {
                        "x": 938.7978843785837,
                        "y": 948.4383712023417
                    },
                    {
                        "x": 945.6297484479508,
                        "y": 940.4678631214132
                    },
                    {
                        "x": 951.8922905115375,
                        "y": 935.9132870751683
                    },
                    {
                        "x": 960.4321205982467,
                        "y": 926.8041349826786
                    },
                    {
                        "x": 963.2787306271497,
                        "y": 918.2643048959694
                    },
                    {
                        "x": 962.1400866155883,
                        "y": 914.848372861286
                    },
                    {
                        "x": 951.322968505757,
                        "y": 926.2348129768981
                    },
                    {
                        "x": 937.6592403670223,
                        "y": 938.1905750982908
                    },
                    {
                        "x": 921.7182242051654,
                        "y": 945.022439167658
                    },
                    {
                        "x": 918.3022921704817,
                        "y": 945.022439167658
                    },
                    {
                        "x": 917.7329701647011,
                        "y": 942.7451511445357
                    },
                    {
                        "x": 926.2728002514102,
                        "y": 937.0519310867296
                    },
                    {
                        "x": 938.2285623728029,
                        "y": 927.9427789942397
                    },
                    {
                        "x": 929.1194102803132,
                        "y": 929.6507450115815
                    },
                    {
                        "x": 918.3022921704817,
                        "y": 931.3587110289235
                    },
                    {
                        "x": 909.7624620837727,
                        "y": 931.928033034704
                    },
                    {
                        "x": 914.886360135798,
                        "y": 937.62125309251
                    },
                    {
                        "x": 914.886360135798,
                        "y": 942.7451511445357
                    },
                    {
                        "x": 908.6238180722113,
                        "y": 943.3144731503162
                    },
                    {
                        "x": 904.0692420259666,
                        "y": 943.3144731503162
                    },
                    {
                        "x": 902.9305980144053,
                        "y": 954.1315912601477
                    },
                    {
                        "x": 900.6533099912829,
                        "y": 960.963455329515
                    },
                    {
                        "x": 894.960089933477,
                        "y": 967.2259973931017
                    },
                    {
                        "x": 888.1282258641096,
                        "y": 974.6271834682497
                    },
                    {
                        "x": 881.8656838005229,
                        "y": 986.0136235838618
                    },
                    {
                        "x": 882.4350058063036,
                        "y": 994.5534536705709
                    },
                    {
                        "x": 877.8804297600586,
                        "y": 995.1227756763514
                    },
                    {
                        "x": 877.8804297600586,
                        "y": 987.1522675954229
                    },
                    {
                        "x": 883.5736498178647,
                        "y": 974.6271834682497
                    },
                    {
                        "x": 888.6975478698903,
                        "y": 967.2259973931017
                    },
                    {
                        "x": 895.5294119392574,
                        "y": 961.5327773352958
                    },
                    {
                        "x": 897.2373779565993,
                        "y": 954.1315912601477
                    },
                    {
                        "x": 899.5146659797217,
                        "y": 941.0371851271938
                    },
                    {
                        "x": 895.5294119392574,
                        "y": 933.0666770462653
                    },
                    {
                        "x": 893.8214459219156,
                        "y": 927.3734569884591
                    },
                    {
                        "x": 884.7122938294258,
                        "y": 935.3439650693879
                    },
                    {
                        "x": 872.1872097022524,
                        "y": 942.7451511445357
                    },
                    {
                        "x": 864.2167016213241,
                        "y": 945.5917611734386
                    },
                    {
                        "x": 859.6621255750792,
                        "y": 945.5917611734386
                    },
                    {
                        "x": 853.9689055172731,
                        "y": 939.8985411156326
                    },
                    {
                        "x": 849.9836514768089,
                        "y": 933.0666770462653
                    },
                    {
                        "x": 847.7063634536864,
                        "y": 929.6507450115815
                    },
                    {
                        "x": 829.488059268707,
                        "y": 945.022439167658
                    },
                    {
                        "x": 815.2550091241919,
                        "y": 955.2702352717091
                    },
                    {
                        "x": 804.4378910143604,
                        "y": 963.8100653584181
                    },
                    {
                        "x": 788.4968748525034,
                        "y": 983.7363355607393
                    },
                    {
                        "x": 779.9570447657942,
                        "y": 1000.2466737283769
                    },
                    {
                        "x": 773.6945027022077,
                        "y": 1008.2171818093054
                    },
                    {
                        "x": 767.431960638621,
                        "y": 1010.4944698324279
                    },
                    {
                        "x": 764.5853506097179,
                        "y": 1008.2171818093054
                    },
                    {
                        "x": 771.9865366848658,
                        "y": 1002.5239617514992
                    },
                    {
                        "x": 775.4024687195495,
                        "y": 992.8454876532292
                    },
                    {
                        "x": 783.3729768004779,
                        "y": 977.4737934971527
                    },
                    {
                        "x": 792.4821288929676,
                        "y": 960.963455329515
                    },
                    {
                        "x": 807.2845010432633,
                        "y": 947.2997271907805
                    },
                    {
                        "x": 820.9482291819978,
                        "y": 936.4826090809489
                    },
                    {
                        "x": 829.488059268707,
                        "y": 926.8041349826786
                    },
                    {
                        "x": 837.4585673496355,
                        "y": 921.1109149248724
                    },
                    {
                        "x": 829.488059268707,
                        "y": 917.6949828901888
                    },
                    {
                        "x": 826.0721272340235,
                        "y": 912.001762832383
                    },
                    {
                        "x": 830.0573812744876,
                        "y": 910.2937968150411
                    },
                    {
                        "x": 834.6119573207324,
                        "y": 913.7097288497246
                    },
                    {
                        "x": 839.1665333669773,
                        "y": 912.001762832383
                    },
                    {
                        "x": 853.3995835114926,
                        "y": 905.7392207687961
                    },
                    {
                        "x": 864.7860236271046,
                        "y": 901.1846447225512
                    },
                    {
                        "x": 877.3111077542779,
                        "y": 894.352780653184
                    },
                    {
                        "x": 884.1429718236453,
                        "y": 890.9368486185006
                    },
                    {
                        "x": 886.9895818525483,
                        "y": 885.8129505664749
                    },
                    {
                        "x": 895.5294119392574,
                        "y": 879.5504085028883
                    },
                    {
                        "x": 905.2078860375277,
                        "y": 876.7037984739852
                    },
                    {
                        "x": 916.5943261531398,
                        "y": 873.2878664393016
                    },
                    {
                        "x": 924.5648342340684,
                        "y": 868.7332903930568
                    },
                    {
                        "x": 929.6887322860937,
                        "y": 864.7480363525925
                    },
                    {
                        "x": 935.9512743496804,
                        "y": 864.1787143468122
                    },
                    {
                        "x": 944.477940921805,
                        "y": 848.3274174000719
                    },
                    {
                        "x": 947.347587101231,
                        "y": 829.0843435919489
                    },
                    {
                        "x": 954.7389005404405,
                        "y": 822.2800854349252
                    },
                    {
                        "x": 960.6460277102452,
                        "y": 811.1420485940984
                    },
                    {
                        "x": 953.6932238506325,
                        "y": 804.7440775071525
                    },
                    {
                        "x": 957.7401818657116,
                        "y": 785.5501642463148
                    },
                    {
                        "x": 966.1911582289753,
                        "y": 774.1671748697456
                    }
                ],
                "resin": 2,
                "browning": true
            }
        ],
        "object_id": "A_a02_B_1_5_22-09-26-14-07-1021"
    },
    "Metadata": {
        "Images": {
            "object_id": "A_a02_B_1_5_22-09-26-14-07-1021",
            "path": "1.Traning_원천데이터_꽃_미수정암꽃",
            "width": 2000,
            "height": 1500
        },
        "environment": {
            "area_id": "A",
            "hemp_id": "A_a02_B_1",
            "area_temp": 27,
            "area_hum": 74.8,
            "area_co2": 337,
            "area_Illum": 560,
            "water_temp": 23.9,
            "water_ec": 2.4,
            "water_ph": 5.1
        },
        "Growth Info": {
            "period": 87,
            "length": 62.4,
            "node_number": 28,
            "node_length": 2.2,
            "root_round": 19.4
        }
    }
}