{
    "annotations": {
        "label": {
            "category": 1
        },
        "polygon": [
            {
                "type": "POLYGON",
                "vertices": [
                    {
                        "x": 699.6299257507414,
                        "y": 787.7394853337204
                    },
                    {
                        "x": 705.5329075815107,
                        "y": 790.7861856334723
                    },
                    {
                        "x": 714.6730084807663,
                        "y": 791.3574419396757
                    },
                    {
                        "x": 733.9053041229498,
                        "y": 792.3095357833482
                    },
                    {
                        "x": 759.8022566708406,
                        "y": 794.0233047019586
                    },
                    {
                        "x": 775.0357581695998,
                        "y": 792.4999545520827
                    },
                    {
                        "x": 770.2752889512376,
                        "y": 804.1154994448866
                    },
                    {
                        "x": 755.2322062212128,
                        "y": 823.3477950870703
                    },
                    {
                        "x": 740.3795422599226,
                        "y": 839.533390429502
                    },
                    {
                        "x": 730.2873475169945,
                        "y": 866.7632743585341
                    },
                    {
                        "x": 725.3364595298978,
                        "y": 884.0913823133728
                    },
                    {
                        "x": 712.0071457184835,
                        "y": 898.5632087371941
                    },
                    {
                        "x": 707.6275140375901,
                        "y": 915.3200603858293
                    },
                    {
                        "x": 708.5796078812625,
                        "y": 924.8409988225538
                    },
                    {
                        "x": 711.6263081810145,
                        "y": 932.267330803199
                    },
                    {
                        "x": 710.8646331060764,
                        "y": 937.4086375590302
                    },
                    {
                        "x": 713.9113334058283,
                        "y": 940.4553378587821
                    },
                    {
                        "x": 719.243058930394,
                        "y": 940.8361753962511
                    },
                    {
                        "x": 722.4801779988804,
                        "y": 936.0757061778888
                    },
                    {
                        "x": 722.6705967676149,
                        "y": 929.7918868096506
                    },
                    {
                        "x": 720.76640908027,
                        "y": 913.7967102359534
                    },
                    {
                        "x": 723.4322718425528,
                        "y": 905.6087031803703
                    },
                    {
                        "x": 738.0945170351087,
                        "y": 890.9464579878145
                    },
                    {
                        "x": 744.7591739408158,
                        "y": 878.3788192513381
                    },
                    {
                        "x": 753.328018533868,
                        "y": 868.8578808146135
                    },
                    {
                        "x": 753.5184373026024,
                        "y": 880.663844476152
                    },
                    {
                        "x": 756.3747188336198,
                        "y": 896.2781835123802
                    },
                    {
                        "x": 750.662155771585,
                        "y": 901.0386527307425
                    },
                    {
                        "x": 743.2358237909399,
                        "y": 915.7008979232983
                    },
                    {
                        "x": 736.1903293477637,
                        "y": 930.9343994220576
                    },
                    {
                        "x": 721.3376653864734,
                        "y": 954.3559079764
                    },
                    {
                        "x": 706.4850014251832,
                        "y": 987.2983549674668
                    },
                    {
                        "x": 696.3928066822551,
                        "y": 1014.7186576652335
                    },
                    {
                        "x": 681.7305614896993,
                        "y": 1035.093465919824
                    },
                    {
                        "x": 675.6371608901957,
                        "y": 1061.7520935426528
                    },
                    {
                        "x": 674.6850670465232,
                        "y": 1080.413132878633
                    },
                    {
                        "x": 677.9221861150095,
                        "y": 1093.7424466900472
                    },
                    {
                        "x": 682.1113990271683,
                        "y": 1097.550822064737
                    },
                    {
                        "x": 687.2527057829996,
                        "y": 1097.931659602206
                    },
                    {
                        "x": 691.0610811576894,
                        "y": 1095.4562156086577
                    },
                    {
                        "x": 694.1077814574412,
                        "y": 1105.9292478890547
                    },
                    {
                        "x": 699.4395069820071,
                        "y": 1115.6406050945136
                    },
                    {
                        "x": 703.4383011254313,
                        "y": 1117.735211550593
                    },
                    {
                        "x": 707.0562577313866,
                        "y": 1116.5926989381862
                    },
                    {
                        "x": 708.3891891125281,
                        "y": 1112.7843235634964
                    },
                    {
                        "x": 707.0562577313866,
                        "y": 1106.3100854265238
                    },
                    {
                        "x": 703.6287198941658,
                        "y": 1100.4071035957545
                    },
                    {
                        "x": 701.9149509755554,
                        "y": 1077.9376888850845
                    },
                    {
                        "x": 702.2957885130244,
                        "y": 1056.9916243242906
                    },
                    {
                        "x": 707.6275140375901,
                        "y": 1037.759328682107
                    },
                    {
                        "x": 718.4813838554561,
                        "y": 1002.1510189287571
                    },
                    {
                        "x": 729.5256724420566,
                        "y": 977.9678352994769
                    },
                    {
                        "x": 732.9532102792774,
                        "y": 969.3989907064247
                    },
                    {
                        "x": 732.7627915105429,
                        "y": 978.5390916056803
                    },
                    {
                        "x": 735.2382355040913,
                        "y": 985.013329742653
                    },
                    {
                        "x": 740.1891234911881,
                        "y": 988.0600300424048
                    },
                    {
                        "x": 743.9974988658779,
                        "y": 988.8217051173428
                    },
                    {
                        "x": 749.7100619279126,
                        "y": 984.4420734364495
                    },
                    {
                        "x": 744.9495927095503,
                        "y": 1001.0085063163502
                    },
                    {
                        "x": 744.5163018538422,
                        "y": 1019.9927231083525
                    },
                    {
                        "x": 741.9817927792511,
                        "y": 1028.2574266124536
                    },
                    {
                        "x": 738.3453232374466,
                        "y": 1034.2080131354064
                    },
                    {
                        "x": 729.1990513595746,
                        "y": 1040.378991751802
                    },
                    {
                        "x": 724.7912094907207,
                        "y": 1043.244088966557
                    },
                    {
                        "x": 722.8076806497364,
                        "y": 1045.2276178075413
                    },
                    {
                        "x": 724.1300332103926,
                        "y": 1048.0927150222965
                    },
                    {
                        "x": 728.5378750792465,
                        "y": 1046.6601664149189
                    },
                    {
                        "x": 736.9127746300691,
                        "y": 1041.8115403591796
                    },
                    {
                        "x": 746.4998306948264,
                        "y": 1033.3264447616357
                    },
                    {
                        "x": 749.5853200030242,
                        "y": 1024.951545210813
                    },
                    {
                        "x": 752.0096330308938,
                        "y": 1002.1409635394939
                    },
                    {
                        "x": 753.2217895448287,
                        "y": 994.2068481755568
                    },
                    {
                        "x": 755.7562986194197,
                        "y": 986.1625367648983
                    },
                    {
                        "x": 762.9190416563074,
                        "y": 974.0409716255499
                    },
                    {
                        "x": 767.7676677120468,
                        "y": 964.7845037009566
                    },
                    {
                        "x": 771.8128323519313,
                        "y": 960.6700477868937
                    },
                    {
                        "x": 769.0579311838976,
                        "y": 945.2426012459049
                    },
                    {
                        "x": 764.3195011748795,
                        "y": 955.0500494041049
                    },
                    {
                        "x": 759.6912672125829,
                        "y": 957.4743624319746
                    },
                    {
                        "x": 755.1732292970077,
                        "y": 961.9924003475498
                    },
                    {
                        "x": 749.9940151011042,
                        "y": 971.5794564123072
                    },
                    {
                        "x": 747.7900941666772,
                        "y": 976.9790627016533
                    },
                    {
                        "x": 743.6026443912659,
                        "y": 979.2931796828017
                    },
                    {
                        "x": 742.3904878773311,
                        "y": 977.5300429352601
                    },
                    {
                        "x": 747.3493099797919,
                        "y": 961.0006359270577
                    },
                    {
                        "x": 752.3081320822525,
                        "y": 946.6751498532824
                    },
                    {
                        "x": 763.7685209412729,
                        "y": 926.9500574901609
                    },
                    {
                        "x": 770.9312639781605,
                        "y": 918.9057460795025
                    },
                    {
                        "x": 779.8571437625898,
                        "y": 927.8316258639318
                    },
                    {
                        "x": 802.0065491535809,
                        "y": 933.1210361065565
                    },
                    {
                        "x": 807.7367435830911,
                        "y": 933.2312321532778
                    },
                    {
                        "x": 807.0755673027629,
                        "y": 939.1818186762307
                    },
                    {
                        "x": 809.8304684707966,
                        "y": 943.699856591806
                    },
                    {
                        "x": 814.3485063863719,
                        "y": 947.0057379934465
                    },
                    {
                        "x": 816.3320352273563,
                        "y": 951.0829917221364
                    },
                    {
                        "x": 815.7810549937495,
                        "y": 957.6947545254172
                    },
                    {
                        "x": 816.2218391806349,
                        "y": 966.7308303565679
                    },
                    {
                        "x": 820.1888968626034,
                        "y": 968.1633789639454
                    },
                    {
                        "x": 824.2661505912934,
                        "y": 965.7390659360758
                    },
                    {
                        "x": 826.359875478999,
                        "y": 961.0006359270577
                    },
                    {
                        "x": 825.5885031519496,
                        "y": 954.6092652172196
                    },
                    {
                        "x": 824.0457584978507,
                        "y": 946.234365666397
                    },
                    {
                        "x": 824.5967387314574,
                        "y": 941.7163277508217
                    },
                    {
                        "x": 832.404624083091,
                        "y": 942.0375106583984
                    },
                    {
                        "x": 845.5752555872267,
                        "y": 936.3249475963637
                    },
                    {
                        "x": 843.6710678998818,
                        "y": 955.208142162534
                    },
                    {
                        "x": 841.1321509834219,
                        "y": 981.3907228635265
                    },
                    {
                        "x": 835.7369525359446,
                        "y": 990.7529789929723
                    },
                    {
                        "x": 833.9914471558785,
                        "y": 1007.8906681790766
                    },
                    {
                        "x": 839.5453279106345,
                        "y": 1027.5672742816407
                    },
                    {
                        "x": 840.9734686761432,
                        "y": 1042.4834111658424
                    },
                    {
                        "x": 838.4345517596832,
                        "y": 1053.7498549826332
                    },
                    {
                        "x": 834.7848586922722,
                        "y": 1059.1450534301105
                    },
                    {
                        "x": 833.5154002340422,
                        "y": 1063.2707934193577
                    },
                    {
                        "x": 837.0064109941745,
                        "y": 1064.22288726303
                    },
                    {
                        "x": 842.5602917489306,
                        "y": 1060.7318765028979
                    },
                    {
                        "x": 845.5752555872267,
                        "y": 1055.9714072845354
                    },
                    {
                        "x": 848.2728548109653,
                        "y": 1047.719927306041
                    },
                    {
                        "x": 848.9075840400802,
                        "y": 1033.2798373436754
                    },
                    {
                        "x": 845.5752555872267,
                        "y": 1012.0164081683239
                    },
                    {
                        "x": 847.796807889129,
                        "y": 994.2439897531048
                    },
                    {
                        "x": 848.7489017328015,
                        "y": 984.4056867018227
                    },
                    {
                        "x": 851.7638655710977,
                        "y": 995.6721305186134
                    },
                    {
                        "x": 861.2848040078221,
                        "y": 1024.0762635215083
                    },
                    {
                        "x": 871.7578362882192,
                        "y": 1044.0702342386298
                    },
                    {
                        "x": 882.5482331831737,
                        "y": 1067.0791687940475
                    },
                    {
                        "x": 887.1500200942572,
                        "y": 1089.7707387349076
                    },
                    {
                        "x": 897.4643700673754,
                        "y": 1107.5431571501267
                    },
                    {
                        "x": 909.6829077278386,
                        "y": 1120.396424039705
                    },
                    {
                        "x": 917.6170230917758,
                        "y": 1130.3934093982657
                    },
                    {
                        "x": 922.6948569246955,
                        "y": 1136.7407016894153
                    },
                    {
                        "x": 925.0750915338766,
                        "y": 1144.1987701315163
                    },
                    {
                        "x": 928.5661022940089,
                        "y": 1147.3724162770911
                    },
                    {
                        "x": 933.1678892050925,
                        "y": 1144.99218166791
                    },
                    {
                        "x": 933.3265715123713,
                        "y": 1135.6299255384642
                    },
                    {
                        "x": 929.9942430595177,
                        "y": 1127.854492481806
                    },
                    {
                        "x": 916.9822938626608,
                        "y": 1116.2706840504577
                    },
                    {
                        "x": 910.4763192642323,
                        "y": 1110.7168032957018
                    },
                    {
                        "x": 910.9523661860686,
                        "y": 1103.5760994681582
                    },
                    {
                        "x": 917.1409761699396,
                        "y": 1096.4353956406148
                    },
                    {
                        "x": 923.3295861538105,
                        "y": 1083.8994933655943
                    },
                    {
                        "x": 919.9972577009569,
                        "y": 1069.4594034032286
                    },
                    {
                        "x": 910.3176369569536,
                        "y": 1059.4624180446679
                    },
                    {
                        "x": 898.4164639110479,
                        "y": 1049.3067503788284
                    },
                    {
                        "x": 890.7997131616683,
                        "y": 1031.8516965781666
                    },
                    {
                        "x": 886.3566085578635,
                        "y": 1004.0822928043867
                    },
                    {
                        "x": 880.1679985739926,
                        "y": 977.5823474888367
                    },
                    {
                        "x": 878.7905479899757,
                        "y": 967.8414301938448
                    },
                    {
                        "x": 886.5042712604702,
                        "y": 965.1967250725324
                    },
                    {
                        "x": 889.8101526621106,
                        "y": 959.7971187831863
                    },
                    {
                        "x": 893.6670142973578,
                        "y": 954.7281006340042
                    },
                    {
                        "x": 901.4909336145736,
                        "y": 941.063790840557
                    },
                    {
                        "x": 908.4332845580186,
                        "y": 923.5426194118625
                    },
                    {
                        "x": 913.5023027072007,
                        "y": 912.8536028798917
                    },
                    {
                        "x": 918.020340622776,
                        "y": 903.156350768413
                    },
                    {
                        "x": 920.0038694637602,
                        "y": 898.9689009930017
                    },
                    {
                        "x": 929.4256314584355,
                        "y": 887.6609959136317
                    },
                    {
                        "x": 935.6406884935196,
                        "y": 883.8261734877289
                    },
                    {
                        "x": 962.219974962709,
                        "y": 904.7193439460966
                    },
                    {
                        "x": 983.6420864453393,
                        "y": 923.8934560756113
                    },
                    {
                        "x": 999.6425524292791,
                        "y": 940.4228630838136
                    },
                    {
                        "x": 1022.4774653877146,
                        "y": 966.076932525126
                    },
                    {
                        "x": 1047.7602292495992,
                        "y": 990.6502487284167
                    },
                    {
                        "x": 1057.1268932209139,
                        "y": 998.2537759521898
                    },
                    {
                        "x": 1066.4935571922285,
                        "y": 1009.2733806243247
                    },
                    {
                        "x": 1074.0970844160017,
                        "y": 1018.9706327358034
                    },
                    {
                        "x": 1080.3782590791186,
                        "y": 1026.4639639128552
                    },
                    {
                        "x": 1090.626491424204,
                        "y": 1032.8553346226934
                    },
                    {
                        "x": 1097.1280581807637,
                        "y": 1036.1612160243337
                    },
                    {
                        "x": 1100.3237435356828,
                        "y": 1037.152980444826
                    },
                    {
                        "x": 1102.637860516831,
                        "y": 1036.822392304662
                    },
                    {
                        "x": 1103.4092328438805,
                        "y": 1034.6184713702348
                    },
                    {
                        "x": 1100.9849198160107,
                        "y": 1033.5165109030215
                    },
                    {
                        "x": 1090.8468835176468,
                        "y": 1028.5576888005608
                    },
                    {
                        "x": 1081.0394353594465,
                        "y": 1020.733769483345
                    },
                    {
                        "x": 1067.595517659442,
                        "y": 1004.0941664284213
                    },
                    {
                        "x": 1060.653166715997,
                        "y": 994.3969143169426
                    },
                    {
                        "x": 1039.9363099323834,
                        "y": 974.341233813657
                    },
                    {
                        "x": 1027.2637645594284,
                        "y": 958.2526109923401
                    },
                    {
                        "x": 1006.9766723580282,
                        "y": 932.8233580157465
                    },
                    {
                        "x": 988.8868893282515,
                        "y": 915.2096219078062
                    },
                    {
                        "x": 963.8150847782102,
                        "y": 894.5809219615696
                    },
                    {
                        "x": 948.4229009721722,
                        "y": 878.3953266191379
                    },
                    {
                        "x": 943.66243175381,
                        "y": 872.841445864382
                    },
                    {
                        "x": 954.9288755706007,
                        "y": 854.275615912769
                    },
                    {
                        "x": 956.9917455652243,
                        "y": 849.1977820798493
                    },
                    {
                        "x": 968.2581893820151,
                        "y": 840.9463021013547
                    },
                    {
                        "x": 978.731221662412,
                        "y": 842.5331251741421
                    },
                    {
                        "x": 994.758134697565,
                        "y": 847.6109590070619
                    },
                    {
                        "x": 1002.8509323687808,
                        "y": 851.5780166890304
                    },
                    {
                        "x": 1008.4048131235369,
                        "y": 855.8624389855564
                    },
                    {
                        "x": 1012.5305531127842,
                        "y": 859.9881789748038
                    },
                    {
                        "x": 1015.5455169510802,
                        "y": 862.5270958912637
                    },
                    {
                        "x": 1016.5134055614493,
                        "y": 864.7865510417363
                    },
                    {
                        "x": 1013.6666743544812,
                        "y": 866.2558316646877
                    },
                    {
                        "x": 1013.7585043934156,
                        "y": 868.9189027937869
                    },
                    {
                        "x": 1014.8604648606291,
                        "y": 870.0208632610004
                    },
                    {
                        "x": 1017.5235359897283,
                        "y": 869.929033222066
                    },
                    {
                        "x": 1019.1764766905486,
                        "y": 866.8068118982944
                    },
                    {
                        "x": 1020.5539272745655,
                        "y": 863.9600806913262
                    },
                    {
                        "x": 1027.5201540281334,
                        "y": 863.6400759631496
                    },
                    {
                        "x": 1029.7417063300359,
                        "y": 861.4185236612471
                    },
                    {
                        "x": 1035.7977137376856,
                        "y": 860.7460293286206
                    },
                    {
                        "x": 1036.9915042438336,
                        "y": 858.3584483163246
                    },
                    {
                        "x": 1041.0320259569496,
                        "y": 857.7156380437834
                    },
                    {
                        "x": 1042.6849666577698,
                        "y": 857.9911281605868
                    },
                    {
                        "x": 1038.1852947499815,
                        "y": 862.5826301073097
                    },
                    {
                        "x": 1035.705883698751,
                        "y": 865.245701236409
                    },
                    {
                        "x": 1032.4000022971106,
                        "y": 867.7251122876393
                    },
                    {
                        "x": 1030.7470615962905,
                        "y": 871.2146537671487
                    },
                    {
                        "x": 1031.849022063504,
                        "y": 872.9594245069034
                    },
                    {
                        "x": 1034.1447730368652,
                        "y": 874.0613849741169
                    },
                    {
                        "x": 1037.8179745942437,
                        "y": 874.1532150130513
                    },
                    {
                        "x": 1040.9401959180152,
                        "y": 870.6636735335419
                    },
                    {
                        "x": 1043.5114370081799,
                        "y": 866.9904719761637
                    },
                    {
                        "x": 1046.1745081372792,
                        "y": 864.4192308859988
                    },
                    {
                        "x": 1051.3169903176088,
                        "y": 859.3685787446037
                    },
                    {
                        "x": 1055.173851952856,
                        "y": 859.0930886278003
                    },
                    {
                        "x": 1058.0205831598244,
                        "y": 857.3483178880456
                    },
                    {
                        "x": 1069.3156779487624,
                        "y": 862.0316498737029
                    },
                    {
                        "x": 1076.1111008299124,
                        "y": 865.4293613142779
                    },
                    {
                        "x": 1083.8248241004069,
                        "y": 867.8169423265738
                    },
                    {
                        "x": 1085.0186146065548,
                        "y": 868.6434126769839
                    },
                    {
                        "x": 1082.3555434774555,
                        "y": 872.3166142343622
                    },
                    {
                        "x": 1077.4885514139291,
                        "y": 876.3571359474782
                    },
                    {
                        "x": 1073.5398597397475,
                        "y": 881.0404679331356
                    },
                    {
                        "x": 1066.9280969364665,
                        "y": 885.3564797630552
                    },
                    {
                        "x": 1060.6836542889234,
                        "y": 891.1417722159259
                    },
                    {
                        "x": 1056.000322303266,
                        "y": 895.5496140847799
                    },
                    {
                        "x": 1042.7767966967044,
                        "y": 904.8244480171601
                    },
                    {
                        "x": 1034.879413348341,
                        "y": 914.3747720663437
                    },
                    {
                        "x": 1026.7065398831742,
                        "y": 921.3538550253625
                    },
                    {
                        "x": 1019.1764766905487,
                        "y": 923.9250961155273
                    },
                    {
                        "x": 1013.2993541987435,
                        "y": 923.0067957261826
                    },
                    {
                        "x": 1010.2689629139064,
                        "y": 921.262024986428
                    },
                    {
                        "x": 1007.6977218237416,
                        "y": 921.262024986428
                    },
                    {
                        "x": 1007.1467415901349,
                        "y": 922.8231356483137
                    },
                    {
                        "x": 1011.4627534200544,
                        "y": 926.1290170499542
                    },
                    {
                        "x": 1016.7888956782529,
                        "y": 927.4146375950367
                    },
                    {
                        "x": 1021.7477177807135,
                        "y": 927.8737877897089
                    },
                    {
                        "x": 1026.0637296106331,
                        "y": 926.3126771278231
                    },
                    {
                        "x": 1036.0732038544888,
                        "y": 919.7009143245422
                    },
                    {
                        "x": 1044.7970575532624,
                        "y": 909.8751001585553
                    },
                    {
                        "x": 1055.5411721085939,
                        "y": 901.5185666155196
                    },
                    {
                        "x": 1065.183326196712,
                        "y": 893.8048433450252
                    },
                    {
                        "x": 1076.662081063519,
                        "y": 885.8156299577274
                    },
                    {
                        "x": 1086.1205750737684,
                        "y": 877.0917762589539
                    },
                    {
                        "x": 1093.0096645946312,
                        "y": 869.6972771613055
                    },
                    {
                        "x": 1093.803076131025,
                        "y": 864.8045726868776
                    },
                    {
                        "x": 1093.0096645946312,
                        "y": 863.3499848701558
                    },
                    {
                        "x": 1089.0701559243432,
                        "y": 861.5320944618996
                    },
                    {
                        "x": 1092.1005472091804,
                        "y": 859.8791537610794
                    },
                    {
                        "x": 1098.620479973527,
                        "y": 857.399742709849
                    },
                    {
                        "x": 1110.925705190744,
                        "y": 849.5023593614857
                    },
                    {
                        "x": 1119.3740687727143,
                        "y": 843.1660866750082
                    },
                    {
                        "x": 1122.4962900964858,
                        "y": 838.9419048840231
                    },
                    {
                        "x": 1123.5982505636994,
                        "y": 835.7278535213171
                    },
                    {
                        "x": 1122.771780213289,
                        "y": 834.9013831709069
                    },
                    {
                        "x": 1119.0985786559108,
                        "y": 835.9115135991859
                    },
                    {
                        "x": 1111.8440055800886,
                        "y": 842.155956246729
                    },
                    {
                        "x": 1107.7116538280382,
                        "y": 846.4719680766486
                    },
                    {
                        "x": 1100.1815906354127,
                        "y": 850.0533395950924
                    },
                    {
                        "x": 1094.3962981825418,
                        "y": 853.3592209967329
                    },
                    {
                        "x": 1087.9681954571297,
                        "y": 854.8285016196842
                    },
                    {
                        "x": 1082.8257132768001,
                        "y": 854.6448415418153
                    },
                    {
                        "x": 1078.0505512522084,
                        "y": 849.0432091668134
                    },
                    {
                        "x": 1074.3773496948302,
                        "y": 838.4827546893508
                    },
                    {
                        "x": 1063.3970482793595,
                        "y": 825.8905835579731
                    },
                    {
                        "x": 1054.8282036863072,
                        "y": 820.8127497250533
                    },
                    {
                        "x": 1067.364105961328,
                        "y": 817.6391035794785
                    },
                    {
                        "x": 1070.0617051850666,
                        "y": 816.2109628139698
                    },
                    {
                        "x": 1070.3790697996242,
                        "y": 813.8307282047887
                    },
                    {
                        "x": 1067.2054236540494,
                        "y": 811.6091759028862
                    },
                    {
                        "x": 1060.6994490556208,
                        "y": 813.5133635902312
                    },
                    {
                        "x": 1046.7354060150915,
                        "y": 814.6241397411824
                    },
                    {
                        "x": 1038.1665614220394,
                        "y": 811.7678582101651
                    },
                    {
                        "x": 1049.2743229315513,
                        "y": 805.2618836117366
                    },
                    {
                        "x": 1058.9539436755547,
                        "y": 800.6600967006531
                    },
                    {
                        "x": 1068.7922467268368,
                        "y": 801.4535082370468
                    },
                    {
                        "x": 1079.9000082363486,
                        "y": 799.3906382424232
                    },
                    {
                        "x": 1083.5497013037598,
                        "y": 798.279862091472
                    },
                    {
                        "x": 1086.8820297566133,
                        "y": 795.2648982531758
                    },
                    {
                        "x": 1087.199394371171,
                        "y": 793.0433459512734
                    },
                    {
                        "x": 1084.9778420692685,
                        "y": 790.6631113420923
                    },
                    {
                        "x": 1077.837138241725,
                        "y": 793.0433459512734
                    },
                    {
                        "x": 1064.983871352147,
                        "y": 792.2499344148797
                    },
                    {
                        "x": 1053.2413806135198,
                        "y": 794.7888513313396
                    },
                    {
                        "x": 1039.7533844948268,
                        "y": 800.3427320860956
                    },
                    {
                        "x": 1030.2324460581024,
                        "y": 806.3726597626878
                    },
                    {
                        "x": 1024.0245910840044,
                        "y": 797.645132862357
                    },
                    {
                        "x": 1014.9796995691161,
                        "y": 792.091252107601
                    },
                    {
                        "x": 1013.3928764963287,
                        "y": 784.3158190509425
                    },
                    {
                        "x": 1009.1084541998025,
                        "y": 776.8577506088417
                    },
                    {
                        "x": 1005.6174434396702,
                        "y": 771.6212344686431
                    },
                    {
                        "x": 996.7312342320606,
                        "y": 766.0673537138872
                    },
                    {
                        "x": 1029.8958364533178,
                        "y": 761.7829314173612
                    },
                    {
                        "x": 1065.9167202055924,
                        "y": 757.8158737353926
                    },
                    {
                        "x": 1093.844806286651,
                        "y": 753.2140868243091
                    },
                    {
                        "x": 1115.7429646911175,
                        "y": 747.660206069553
                    },
                    {
                        "x": 1136.3716646373541,
                        "y": 739.8847730128947
                    },
                    {
                        "x": 1139.280472950642,
                        "y": 744.5016889228929
                    },
                    {
                        "x": 1142.4026942744135,
                        "y": 745.4199893122375
                    },
                    {
                        "x": 1144.9739353645784,
                        "y": 745.6036493901064
                    },
                    {
                        "x": 1151.2183780121215,
                        "y": 746.154629623713
                    },
                    {
                        "x": 1156.2690301535167,
                        "y": 745.2363292343686
                    },
                    {
                        "x": 1161.4115123338463,
                        "y": 741.6549577159246
                    },
                    {
                        "x": 1163.982753424011,
                        "y": 737.5226059638741
                    },
                    {
                        "x": 1166.2785043973724,
                        "y": 735.8696652630539
                    },
                    {
                        "x": 1171.2373264998332,
                        "y": 735.8696652630539
                    },
                    {
                        "x": 1175.645168368687,
                        "y": 737.0634557692018
                    },
                    {
                        "x": 1179.410199965,
                        "y": 738.3490763142842
                    },
                    {
                        "x": 1182.3487612109025,
                        "y": 739.6346968593666
                    },
                    {
                        "x": 1184.9200023010674,
                        "y": 739.4510367814977
                    },
                    {
                        "x": 1186.848433118691,
                        "y": 739.3592067425633
                    },
                    {
                        "x": 1187.674903469101,
                        "y": 741.1958075212524
                    },
                    {
                        "x": 1187.2157532744288,
                        "y": 744.5935189618273
                    },
                    {
                        "x": 1185.654642612543,
                        "y": 749.3686809864191
                    },
                    {
                        "x": 1183.8180418338538,
                        "y": 753.0418825437974
                    },
                    {
                        "x": 1183.3588916391816,
                        "y": 756.5314240233067
                    },
                    {
                        "x": 1183.5425517170504,
                        "y": 759.5618153081439
                    },
                    {
                        "x": 1185.470982534674,
                        "y": 760.0209655028161
                    },
                    {
                        "x": 1188.1340536637733,
                        "y": 757.2660643347824
                    },
                    {
                        "x": 1190.6134647150036,
                        "y": 750.1951513368292
                    },
                    {
                        "x": 1192.5418955326272,
                        "y": 745.0526691564996
                    },
                    {
                        "x": 1191.8990852600862,
                        "y": 737.5226059638741
                    },
                    {
                        "x": 1185.5628125736087,
                        "y": 734.2167245622336
                    },
                    {
                        "x": 1172.4311170059812,
                        "y": 730.3598629269864
                    },
                    {
                        "x": 1165.9111842416346,
                        "y": 729.3497324987073
                    },
                    {
                        "x": 1161.962492567453,
                        "y": 730.6353530437898
                    },
                    {
                        "x": 1160.1258917887637,
                        "y": 726.5948313306736
                    },
                    {
                        "x": 1160.3095518666328,
                        "y": 720.7177088388684
                    },
                    {
                        "x": 1159.8504016719605,
                        "y": 718.1464677487036
                    },
                    {
                        "x": 1157.0036704649922,
                        "y": 717.8709776319002
                    },
                    {
                        "x": 1153.7896191022862,
                        "y": 715.2079065028009
                    },
                    {
                        "x": 1149.932757467039,
                        "y": 715.2079065028009
                    },
                    {
                        "x": 1147.4533464158087,
                        "y": 715.7588867364077
                    },
                    {
                        "x": 1144.4229551309716,
                        "y": 718.1464677487036
                    },
                    {
                        "x": 1144.2392950531028,
                        "y": 720.3503886831305
                    },
                    {
                        "x": 1145.4330855592507,
                        "y": 721.636009228213
                    },
                    {
                        "x": 1147.8206665715466,
                        "y": 722.4624795786231
                    },
                    {
                        "x": 1149.289947194498,
                        "y": 723.1971198900987
                    },
                    {
                        "x": 1148.5553068830222,
                        "y": 724.2990803573122
                    },
                    {
                        "x": 1145.6167456371195,
                        "y": 723.9317602015744
                    },
                    {
                        "x": 1142.4026942744135,
                        "y": 722.1869894618197
                    },
                    {
                        "x": 1133.5870105367057,
                        "y": 722.0951594228852
                    },
                    {
                        "x": 1119.3533545018647,
                        "y": 724.2990803573122
                    },
                    {
                        "x": 1095.325106514275,
                        "y": 731.2778189536849
                    },
                    {
                        "x": 1071.2582899103322,
                        "y": 734.4514650992598
                    },
                    {
                        "x": 1050.7618252201614,
                        "y": 737.3606407327034
                    },
                    {
                        "x": 1032.2488893709747,
                        "y": 737.7573465009002
                    },
                    {
                        "x": 1024.579244519169,
                        "y": 738.0218170130315
                    },
                    {
                        "x": 1030.2855631385562,
                        "y": 733.6363587161678
                    },
                    {
                        "x": 1042.5907883557734,
                        "y": 729.5958370030517
                    },
                    {
                        "x": 1046.0803298352828,
                        "y": 725.3716552120666
                    },
                    {
                        "x": 1050.3963416652023,
                        "y": 724.9125050173943
                    },
                    {
                        "x": 1053.7940531057773,
                        "y": 720.5964931874748
                    },
                    {
                        "x": 1061.1404562205337,
                        "y": 715.9131612018175
                    },
                    {
                        "x": 1068.4868593352903,
                        "y": 713.9847303841939
                    },
                    {
                        "x": 1075.5577723332435,
                        "y": 713.8929003452595
                    },
                    {
                        "x": 1080.2411043189009,
                        "y": 714.2602205009973
                    },
                    {
                        "x": 1084.9244363045582,
                        "y": 716.0968212796864
                    },
                    {
                        "x": 1088.3221477451332,
                        "y": 716.4641414354243
                    },
                    {
                        "x": 1090.6178987184946,
                        "y": 714.4438805788662
                    },
                    {
                        "x": 1090.5260686795602,
                        "y": 711.8726394887013
                    },
                    {
                        "x": 1088.3221477451332,
                        "y": 709.57688851534
                    },
                    {
                        "x": 1084.465286109886,
                        "y": 709.0259082817332
                    },
                    {
                        "x": 1065.8880692334453,
                        "y": 707.6701525444147
                    },
                    {
                        "x": 1051.3421910662273,
                        "y": 712.2983865067114
                    },
                    {
                        "x": 1039.9699590445841,
                        "y": 718.645678797861
                    },
                    {
                        "x": 1013.655143087526,
                        "y": 728.6955582588481
                    },
                    {
                        "x": 995.8033835186675,
                        "y": 736.6296736227852
                    },
                    {
                        "x": 991.0429143003053,
                        "y": 739.4066140001631
                    },
                    {
                        "x": 984.6956220091555,
                        "y": 730.9435576119636
                    },
                    {
                        "x": 972.7944489632498,
                        "y": 726.0508531375357
                    },
                    {
                        "x": 969.620802817675,
                        "y": 724.7285005768795
                    },
                    {
                        "x": 982.0509168878431,
                        "y": 721.8193249434358
                    },
                    {
                        "x": 993.9520899337488,
                        "y": 717.3233262372048
                    },
                    {
                        "x": 998.051382871783,
                        "y": 713.4885038113019
                    },
                    {
                        "x": 1011.4071437344105,
                        "y": 712.0339159945801
                    },
                    {
                        "x": 1019.4734943544132,
                        "y": 712.2983865067114
                    },
                    {
                        "x": 1026.6141981819567,
                        "y": 709.2569756172021
                    },
                    {
                        "x": 1030.7134911199907,
                        "y": 704.7609769109711
                    },
                    {
                        "x": 1031.9036084245813,
                        "y": 699.2070961562151
                    },
                    {
                        "x": 1031.5069026563845,
                        "y": 695.2400384742465
                    },
                    {
                        "x": 1030.1845500957284,
                        "y": 693.5209801453935
                    },
                    {
                        "x": 1027.4076097183504,
                        "y": 693.9176859135904
                    },
                    {
                        "x": 1024.366198828841,
                        "y": 697.8847435955589
                    },
                    {
                        "x": 1019.7379648665444,
                        "y": 703.1741538381837
                    },
                    {
                        "x": 1007.9690270767044,
                        "y": 703.8353301185117
                    },
                    {
                        "x": 995.4066777504706,
                        "y": 706.3477999837585
                    },
                    {
                        "x": 984.2989162409586,
                        "y": 709.3892108732678
                    },
                    {
                        "x": 964.7280983432471,
                        "y": 715.868738420483
                    },
                    {
                        "x": 962.6123342461972,
                        "y": 716.7943852129424
                    },
                    {
                        "x": 954.5459836261945,
                        "y": 711.5049749703177
                    },
                    {
                        "x": 967.7695092327563,
                        "y": 703.5708596063805
                    },
                    {
                        "x": 988.5304444350585,
                        "y": 695.6367442424433
                    },
                    {
                        "x": 1010.3492616858855,
                        "y": 685.8513352935876
                    },
                    {
                        "x": 1033.2259609852376,
                        "y": 671.3054571263696
                    },
                    {
                        "x": 1048.8297212009807,
                        "y": 661.1233424093169
                    },
                    {
                        "x": 1061.3920705272144,
                        "y": 652.9247565332486
                    },
                    {
                        "x": 1072.7643025488576,
                        "y": 645.6518174496396
                    },
                    {
                        "x": 1078.5826538157448,
                        "y": 639.8334661827523
                    },
                    {
                        "x": 1078.450418559679,
                        "y": 634.6762911961931
                    },
                    {
                        "x": 1072.8965378049231,
                        "y": 632.0315860748808
                    },
                    {
                        "x": 1068.2683038426264,
                        "y": 635.07299696439
                    },
                    {
                        "x": 1047.1106628721275,
                        "y": 644.8584059132457
                    },
                    {
                        "x": 1019.6057296104789,
                        "y": 658.8753430562014
                    },
                    {
                        "x": 996.33232454293,
                        "y": 669.8508693096477
                    },
                    {
                        "x": 985.7535040576804,
                        "y": 676.72710262506
                    },
                    {
                        "x": 992.1007963488302,
                        "y": 668.1318109807947
                    },
                    {
                        "x": 1011.1426732222792,
                        "y": 652.1313449968549
                    },
                    {
                        "x": 1016.0353776967071,
                        "y": 644.8584059132457
                    },
                    {
                        "x": 1014.9774956481822,
                        "y": 630.5769982581589
                    },
                    {
                        "x": 1016.4320834649039,
                        "y": 615.5021790666784
                    },
                    {
                        "x": 1027.0109039501535,
                        "y": 600.4273598751979
                    },
                    {
                        "x": 1038.912076996059,
                        "y": 590.6419509263421
                    },
                    {
                        "x": 1041.8212526295029,
                        "y": 586.1459522201111
                    },
                    {
                        "x": 1040.2344295567154,
                        "y": 582.707835562405
                    },
                    {
                        "x": 1035.0772545701561,
                        "y": 584.5591291473237
                    },
                    {
                        "x": 1028.3332565108096,
                        "y": 589.5840688778172
                    },
                    {
                        "x": 1018.8123180740852,
                        "y": 596.5925374492949
                    },
                    {
                        "x": 1012.5972610390011,
                        "y": 607.4358284466757
                    },
                    {
                        "x": 1008.8946738691637,
                        "y": 614.973238042416
                    },
                    {
                        "x": 1005.0598514432608,
                        "y": 624.361941223075
                    },
                    {
                        "x": 1004.5309104189984,
                        "y": 632.1638213309463
                    },
                    {
                        "x": 1004.5309104189984,
                        "y": 639.1722899024242
                    },
                    {
                        "x": 985.0923277773524,
                        "y": 657.288519983414
                    },
                    {
                        "x": 965.785980391772,
                        "y": 670.115339821779
                    },
                    {
                        "x": 955.3393951625882,
                        "y": 677.5205141614537
                    },
                    {
                        "x": 943.1737516045512,
                        "y": 682.4132186358815
                    },
                    {
                        "x": 942.2481048120919,
                        "y": 666.6772231640729
                    },
                    {
                        "x": 940.5290464832389,
                        "y": 657.949696263742
                    },
                    {
                        "x": 937.7521061058609,
                        "y": 652.2635802529204
                    },
                    {
                        "x": 935.5041067527453,
                        "y": 651.9991097407892
                    },
                    {
                        "x": 934.5784599602861,
                        "y": 655.3049911424297
                    },
                    {
                        "x": 935.9008125209422,
                        "y": 660.8588718971856
                    },
                    {
                        "x": 935.9008125209422,
                        "y": 672.2311039188289
                    },
                    {
                        "x": 935.5041067527453,
                        "y": 682.4132186358815
                    },
                    {
                        "x": 934.1817541920891,
                        "y": 688.3638051588343
                    },
                    {
                        "x": 923.8674042189709,
                        "y": 692.0663923286717
                    },
                    {
                        "x": 920.5347436960961,
                        "y": 674.4680756780064
                    },
                    {
                        "x": 917.4880433963443,
                        "y": 669.8980252283785
                    },
                    {
                        "x": 912.1563178717786,
                        "y": 670.850119072051
                    },
                    {
                        "x": 902.0641231288505,
                        "y": 679.7998012025721
                    },
                    {
                        "x": 903.7778920474609,
                        "y": 657.3303864919021
                    },
                    {
                        "x": 900.3503542102401,
                        "y": 635.8130656249047
                    },
                    {
                        "x": 900.1599354415056,
                        "y": 619.0562139762694
                    },
                    {
                        "x": 904.3491483536644,
                        "y": 582.3053916105127
                    },
                    {
                        "x": 901.1120292851781,
                        "y": 566.6910525742844
                    },
                    {
                        "x": 887.5922967050292,
                        "y": 551.2671323067907
                    },
                    {
                        "x": 884.1647588678084,
                        "y": 537.1761434204384
                    },
                    {
                        "x": 887.5922967050292,
                        "y": 527.8456237524483
                    },
                    {
                        "x": 885.6881090176843,
                        "y": 524.227667146493
                    },
                    {
                        "x": 880.1659647243841,
                        "y": 524.227667146493
                    },
                    {
                        "x": 876.3575893496943,
                        "y": 526.5126923713069
                    },
                    {
                        "x": 873.1204702812079,
                        "y": 533.5581868144831
                    },
                    {
                        "x": 871.0258638251286,
                        "y": 540.0324249514557
                    },
                    {
                        "x": 871.977957668801,
                        "y": 543.8408003261455
                    },
                    {
                        "x": 875.0246579685528,
                        "y": 549.5533633881803
                    },
                    {
                        "x": 866.6462321442352,
                        "y": 551.6479698442597
                    },
                    {
                        "x": 847.6043552707862,
                        "y": 546.8875006258974
                    },
                    {
                        "x": 829.7049910097439,
                        "y": 548.6012695445078
                    },
                    {
                        "x": 814.0906519735157,
                        "y": 549.5533633881803
                    },
                    {
                        "x": 799.0475692434909,
                        "y": 546.6970818571629
                    },
                    {
                        "x": 786.4799305070145,
                        "y": 550.6958760005872
                    },
                    {
                        "x": 771.2464290082553,
                        "y": 568.0239839554259
                    },
                    {
                        "x": 768.3901474772379,
                        "y": 574.3078033236641
                    },
                    {
                        "x": 758.6787902717789,
                        "y": 546.8875006258974
                    },
                    {
                        "x": 732.7818377238881,
                        "y": 511.0887721038131
                    },
                    {
                        "x": 723.2608992871635,
                        "y": 498.7115521360712
                    },
                    {
                        "x": 720.4046177561462,
                        "y": 497.94987706113324
                    },
                    {
                        "x": 718.3100113000668,
                        "y": 501.9486712045575
                    },
                    {
                        "x": 720.7854552936152,
                        "y": 511.0887721038131
                    },
                    {
                        "x": 721.9279679060221,
                        "y": 518.3246853157237
                    },
                    {
                        "x": 722.6896429809601,
                        "y": 520.8001293092722
                    },
                    {
                        "x": 725.7363432807119,
                        "y": 520.9905480780067
                    },
                    {
                        "x": 727.2596934305878,
                        "y": 517.5630102407858
                    },
                    {
                        "x": 733.3530940300916,
                        "y": 525.9414360651034
                    },
                    {
                        "x": 743.2548700042851,
                        "y": 542.8887064824731
                    },
                    {
                        "x": 749.9195269099923,
                        "y": 555.4563452189495
                    },
                    {
                        "x": 752.5853896722751,
                        "y": 563.4539335057981
                    },
                    {
                        "x": 755.8225087407615,
                        "y": 572.7844531737882
                    },
                    {
                        "x": 751.8237145973372,
                        "y": 570.8802654864432
                    },
                    {
                        "x": 739.8273321670642,
                        "y": 563.0730959683291
                    },
                    {
                        "x": 729.7351374241363,
                        "y": 545.7449880134905
                    },
                    {
                        "x": 719.6429426812082,
                        "y": 524.0372483777585
                    },
                    {
                        "x": 709.3603291695457,
                        "y": 508.2324905727957
                    },
                    {
                        "x": 706.6944664072629,
                        "y": 497.56903952366423
                    },
                    {
                        "x": 708.0273977884043,
                        "y": 492.99898907403644
                    },
                    {
                        "x": 709.3603291695457,
                        "y": 488.80977616187766
                    },
                    {
                        "x": 709.3603291695457,
                        "y": 485.19181955592234
                    },
                    {
                        "x": 708.9794916320767,
                        "y": 484.6205632497189
                    },
                    {
                        "x": 704.9806974886524,
                        "y": 485.38223832465684
                    },
                    {
                        "x": 702.3148347263696,
                        "y": 488.2385198556742
                    },
                    {
                        "x": 699.8393907328211,
                        "y": 495.09359553011586
                    },
                    {
                        "x": 699.2681344266177,
                        "y": 503.281602585699
                    },
                    {
                        "x": 703.266928570042,
                        "y": 513.754634866096
                    },
                    {
                        "x": 709.1699104008112,
                        "y": 526.5126923713069
                    },
                    {
                        "x": 715.4537297690495,
                        "y": 541.3653563325971
                    },
                    {
                        "x": 719.8333614499427,
                        "y": 549.7437821569148
                    },
                    {
                        "x": 727.2596934305878,
                        "y": 560.5976519747808
                    },
                    {
                        "x": 714.501635925377,
                        "y": 551.0767135380562
                    },
                    {
                        "x": 698.1256218142107,
                        "y": 533.3677680457486
                    },
                    {
                        "x": 681.940026471779,
                        "y": 519.2767791593963
                    },
                    {
                        "x": 670.8957378851785,
                        "y": 512.992959791158
                    },
                    {
                        "x": 662.517312060861,
                        "y": 510.8983533350786
                    },
                    {
                        "x": 666.5161062042856,
                        "y": 516.8013351658481
                    },
                    {
                        "x": 683.6537953903897,
                        "y": 535.8432120392972
                    },
                    {
                        "x": 699.8393907328215,
                        "y": 551.6479698442599
                    },
                    {
                        "x": 714.5016359253773,
                        "y": 568.7856590303641
                    },
                    {
                        "x": 724.0225743621019,
                        "y": 580.020366385699
                    },
                    {
                        "x": 728.5926248117296,
                        "y": 586.4946045226718
                    },
                    {
                        "x": 712.7878670067669,
                        "y": 584.9712543727959
                    },
                    {
                        "x": 690.5088710648315,
                        "y": 603.8227124775104
                    },
                    {
                        "x": 682.8921203154518,
                        "y": 619.8178890512077
                    },
                    {
                        "x": 681.5591889343103,
                        "y": 637.5268345435153
                    },
                    {
                        "x": 694.6980839769902,
                        "y": 676.181844596617
                    },
                    {
                        "x": 705.1711162573872,
                        "y": 684.3698516522002
                    },
                    {
                        "x": 712.9782857755014,
                        "y": 692.1770211703142
                    },
                    {
                        "x": 719.833361449943,
                        "y": 697.3183279261455
                    },
                    {
                        "x": 713.6354949981478,
                        "y": 703.0349406928972
                    },
                    {
                        "x": 704.9300073071612,
                        "y": 704.90827348716
                    },
                    {
                        "x": 696.7754998497813,
                        "y": 702.9247446461758
                    },
                    {
                        "x": 689.9433449530577,
                        "y": 701.9329802256837
                    },
                    {
                        "x": 697.2846055856342,
                        "y": 712.8463834577909
                    },
                    {
                        "x": 706.1708147932437,
                        "y": 726.334379576484
                    },
                    {
                        "x": 715.0570240008533,
                        "y": 733.9511303258637
                    },
                    {
                        "x": 720.4522224483305,
                        "y": 738.3942349296684
                    },
                    {
                        "x": 712.9941540062297,
                        "y": 740.4571049242921
                    },
                    {
                        "x": 700.9342986530452,
                        "y": 740.1397403097346
                    },
                    {
                        "x": 689.350490221697,
                        "y": 735.3792710913723
                    },
                    {
                        "x": 680.1469163995299,
                        "y": 729.3493434147802
                    },
                    {
                        "x": 672.2128010355929,
                        "y": 727.7625203419927
                    },
                    {
                        "x": 664.7547325934919,
                        "y": 726.8104264983202
                    },
                    {
                        "x": 659.0421695314571,
                        "y": 726.9691088055989
                    },
                    {
                        "x": 658.566122609621,
                        "y": 729.1906611075013
                    },
                    {
                        "x": 663.0092272134258,
                        "y": 732.3643072530763
                    },
                    {
                        "x": 667.2936495099518,
                        "y": 733.3164010967487
                    },
                    {
                        "x": 674.4343533374952,
                        "y": 733.7924480185849
                    },
                    {
                        "x": 683.796609466941,
                        "y": 740.4571049242921
                    },
                    {
                        "x": 693.7935948255018,
                        "y": 746.9630795227205
                    },
                    {
                        "x": 707.1229086369161,
                        "y": 750.1367256682954
                    },
                    {
                        "x": 715.6917532299683,
                        "y": 748.3912202882292
                    },
                    {
                        "x": 723.7845509011842,
                        "y": 745.6936210644906
                    },
                    {
                        "x": 727.6590439039068,
                        "y": 751.2284930011872
                    },
                    {
                        "x": 719.9893990521009,
                        "y": 754.5343744028276
                    },
                    {
                        "x": 704.5178740924234,
                        "y": 759.0303731090586
                    },
                    {
                        "x": 691.0298779737303,
                        "y": 761.675078230371
                    },
                    {
                        "x": 686.6661145235649,
                        "y": 764.8487243759458
                    },
                    {
                        "x": 690.1042311812711,
                        "y": 768.1546057775863
                    },
                    {
                        "x": 695.7903471920927,
                        "y": 768.286841033652
                    },
                    {
                        "x": 716.5512823943948,
                        "y": 764.5842538638146
                    },
                    {
                        "x": 729.5103374888254,
                        "y": 760.6171961818461
                    },
                    {
                        "x": 735.4609240117783,
                        "y": 759.2948436211899
                    },
                    {
                        "x": 734.4030419632533,
                        "y": 762.4684897667647
                    },
                    {
                        "x": 715.2289298337386,
                        "y": 770.9315461549643
                    },
                    {
                        "x": 689.9719959252054,
                        "y": 771.3282519231611
                    },
                    {
                        "x": 662.7315331756879,
                        "y": 767.3611942411926
                    },
                    {
                        "x": 641.1771864369921,
                        "y": 766.3033121926677
                    },
                    {
                        "x": 629.9371896714146,
                        "y": 767.8901352654551
                    },
                    {
                        "x": 622.0030743074774,
                        "y": 762.4684897667647
                    },
                    {
                        "x": 617.2426050891152,
                        "y": 759.1626083651242
                    },
                    {
                        "x": 611.6887243343591,
                        "y": 759.6915493893868
                    },
                    {
                        "x": 611.1597833100966,
                        "y": 765.6421359123395
                    },
                    {
                        "x": 617.5070756012464,
                        "y": 773.1795455080799
                    },
                    {
                        "x": 628.8793076228895,
                        "y": 778.6011910067703
                    },
                    {
                        "x": 638.796951827811,
                        "y": 776.617662165786
                    },
                    {
                        "x": 649.3757723130605,
                        "y": 777.0143679339828
                    },
                    {
                        "x": 662.4670626635567,
                        "y": 781.5103666402139
                    },
                    {
                        "x": 675.2938825019218,
                        "y": 784.1550717615262
                    },
                    {
                        "x": 687.7239965720898,
                        "y": 784.551777529723
                    },
                    {
                        "x": 677.8063523671685,
                        "y": 792.2214223815289
                    },
                    {
                        "x": 675.1616472458561,
                        "y": 795.3950685271038
                    },
                    {
                        "x": 668.285413930444,
                        "y": 797.2463621120224
                    },
                    {
                        "x": 663.6571799681473,
                        "y": 798.3042441605475
                    },
                    {
                        "x": 661.1447101029005,
                        "y": 800.5522435136629
                    },
                    {
                        "x": 661.8058863832287,
                        "y": 803.3291838910409
                    },
                    {
                        "x": 663.7894152242129,
                        "y": 804.7837717077628
                    },
                    {
                        "x": 673.1781184048718,
                        "y": 802.6680076107128
                    },
                    {
                        "x": 677.6741171111029,
                        "y": 800.9489492818598
                    },
                    {
                        "x": 686.6661145235649,
                        "y": 793.6760101982508
                    },
                    {
                        "x": 695.658111936027,
                        "y": 788.1221294434947
                    }
                ],
                "resin": 2,
                "browning": true
            }
        ],
        "object_id": "A_a02_B_1_2_22-09-29-10-04-1021"
    },
    "Metadata": {
        "Images": {
            "object_id": "A_a02_B_1_2_22-09-29-10-04-1021",
            "path": "1.Traning_원천데이터_꽃_미수정암꽃",
            "width": 2000,
            "height": 1500
        },
        "environment": {
            "area_id": "A",
            "hemp_id": "A_a02_B_1",
            "area_temp": 25.9,
            "area_hum": 80,
            "area_co2": 433,
            "area_Illum": 464,
            "water_temp": 23.3,
            "water_ec": 2.4,
            "water_ph": 5.1
        },
        "Growth Info": {
            "period": 90,
            "length": 63.7,
            "node_number": 29,
            "node_length": 2.1,
            "root_round": 19.4
        }
    }
}