{
    "annotations": {
        "label": {
            "category": 1
        },
        "polygon": [
            {
                "type": "POLYGON",
                "vertices": [
                    {
                        "x": 922.4538956554405,
                        "y": 773.7862241302179
                    },
                    {
                        "x": 922.4538956554405,
                        "y": 759.7224231391442
                    },
                    {
                        "x": 924.4644914010227,
                        "y": 746.6631793617188
                    },
                    {
                        "x": 924.4644914010227,
                        "y": 732.5993783706454
                    },
                    {
                        "x": 900.3373424540337,
                        "y": 726.5720350887566
                    },
                    {
                        "x": 882.2419807437917,
                        "y": 722.5538062341641
                    },
                    {
                        "x": 860.1254275423852,
                        "y": 713.5127913113311
                    },
                    {
                        "x": 843.0353637049345,
                        "y": 701.4581047475535
                    },
                    {
                        "x": 825.9452998674841,
                        "y": 688.3988609701282
                    },
                    {
                        "x": 823.9347041219016,
                        "y": 676.3441744063507
                    },
                    {
                        "x": 827.9558956130664,
                        "y": 662.2803734152773
                    },
                    {
                        "x": 835.9982785953961,
                        "y": 660.271258987981
                    },
                    {
                        "x": 847.0565551960996,
                        "y": 662.2803734152773
                    },
                    {
                        "x": 861.1307254151765,
                        "y": 662.2803734152773
                    },
                    {
                        "x": 877.2154913798357,
                        "y": 662.2803734152773
                    },
                    {
                        "x": 885.2578743621652,
                        "y": 662.2803734152773
                    },
                    {
                        "x": 893.3002573444951,
                        "y": 662.2803734152773
                    },
                    {
                        "x": 912.4009169275281,
                        "y": 656.2530301333885
                    },
                    {
                        "x": 930.4962786377697,
                        "y": 649.2211296378516
                    },
                    {
                        "x": 940.549257365682,
                        "y": 645.2029007832592
                    },
                    {
                        "x": 955.6287254575503,
                        "y": 641.1846719286668
                    },
                    {
                        "x": 968.6975978038357,
                        "y": 636.1618858604263
                    },
                    {
                        "x": 980.7611722773303,
                        "y": 630.1345425785375
                    },
                    {
                        "x": 970.7081935494184,
                        "y": 617.0752988011121
                    },
                    {
                        "x": 968.6975978038357,
                        "y": 622.0980848693528
                    },
                    {
                        "x": 960.6552148215062,
                        "y": 624.1071992966488
                    },
                    {
                        "x": 956.6340233303416,
                        "y": 616.0707415874639
                    },
                    {
                        "x": 940.549257365682,
                        "y": 604.0160550236866
                    },
                    {
                        "x": 925.469789273814,
                        "y": 587.9431396053168
                    },
                    {
                        "x": 920.4432999098577,
                        "y": 583.9249107507243
                    },
                    {
                        "x": 924.4644914010227,
                        "y": 575.8884530415393
                    },
                    {
                        "x": 932.5068743833525,
                        "y": 576.8930102551875
                    },
                    {
                        "x": 939.5439594928908,
                        "y": 584.9294679643724
                    },
                    {
                        "x": 948.5916403480117,
                        "y": 593.9704828872054
                    },
                    {
                        "x": 959.6499169487149,
                        "y": 599.9978261690942
                    },
                    {
                        "x": 948.088991411616,
                        "y": 552.6390285010436
                    },
                    {
                        "x": 939.9628336065537,
                        "y": 518.7291079081481
                    },
                    {
                        "x": 919.8568761507296,
                        "y": 480.2210813849704
                    },
                    {
                        "x": 906.4529045135134,
                        "y": 431.6674827253115
                    },
                    {
                        "x": 909.8038974228173,
                        "y": 424.970434634324
                    },
                    {
                        "x": 916.5058832414253,
                        "y": 418.27338654333676
                    },
                    {
                        "x": 924.8833655146854,
                        "y": 409.90207642960246
                    },
                    {
                        "x": 936.6118406972496,
                        "y": 413.25060047509623
                    },
                    {
                        "x": 933.2608477879454,
                        "y": 391.48519417938695
                    },
                    {
                        "x": 928.2343584239895,
                        "y": 355.4885606903296
                    },
                    {
                        "x": 926.5588619693375,
                        "y": 322.8404512467657
                    },
                    {
                        "x": 921.5323726053815,
                        "y": 280.14676966672107
                    },
                    {
                        "x": 923.2078690600333,
                        "y": 244.987267189037
                    },
                    {
                        "x": 931.5853513332936,
                        "y": 226.5703849388217
                    },
                    {
                        "x": 937.4495889245756,
                        "y": 223.22186089332791
                    },
                    {
                        "x": 941.6383300612057,
                        "y": 226.5703849388217
                    },
                    {
                        "x": 936.6118406972496,
                        "y": 236.61595707530276
                    },
                    {
                        "x": 934.0985960152714,
                        "y": 250.01005325727766
                    },
                    {
                        "x": 933.2608477879454,
                        "y": 271.7754595529868
                    },
                    {
                        "x": 933.2608477879454,
                        "y": 287.680948769082
                    },
                    {
                        "x": 936.6118406972496,
                        "y": 311.1206170875381
                    },
                    {
                        "x": 937.4495889245756,
                        "y": 335.39741641736737
                    },
                    {
                        "x": 941.6383300612057,
                        "y": 358.8370847358234
                    },
                    {
                        "x": 944.1515747431837,
                        "y": 392.3223251907604
                    },
                    {
                        "x": 945.8270711978356,
                        "y": 416.59912452058995
                    },
                    {
                        "x": 949.1780641071399,
                        "y": 433.34174474805855
                    },
                    {
                        "x": 950.0158123344657,
                        "y": 476.0354263281033
                    },
                    {
                        "x": 953.0991912267066,
                        "y": 501.2441708999076
                    },
                    {
                        "x": 958.3351176474944,
                        "y": 521.0097642240025
                    },
                    {
                        "x": 964.1528136705917,
                        "y": 537.8686526474952
                    },
                    {
                        "x": 967.6434312844499,
                        "y": 544.8447444089404
                    },
                    {
                        "x": 973.4611273075474,
                        "y": 528.5671969655683
                    },
                    {
                        "x": 978.1152841260252,
                        "y": 496.59344305894416
                    },
                    {
                        "x": 982.7694409445029,
                        "y": 462.29432523183846
                    },
                    {
                        "x": 985.6782889560515,
                        "y": 434.38995818605747
                    },
                    {
                        "x": 982.7694409445029,
                        "y": 410.55497800111954
                    },
                    {
                        "x": 987.4235977629808,
                        "y": 387.3013387963021
                    },
                    {
                        "x": 993.2412937860781,
                        "y": 356.4902668499192
                    },
                    {
                        "x": 997.8954506045559,
                        "y": 336.72467352582424
                    },
                    {
                        "x": 1004.2949162299626,
                        "y": 294.8681229571529
                    },
                    {
                        "x": 1013.0214602646088,
                        "y": 272.777165712576
                    },
                    {
                        "x": 1017.093847480777,
                        "y": 249.52352650775867
                    },
                    {
                        "x": 1018.2573866853965,
                        "y": 227.43256926318207
                    },
                    {
                        "x": 1013.0214602646088,
                        "y": 208.82965789932814
                    },
                    {
                        "x": 1005.4584554345823,
                        "y": 193.1334514360763
                    },
                    {
                        "x": 1001.3860682184143,
                        "y": 187.32004163487193
                    },
                    {
                        "x": 1006.6219946392018,
                        "y": 184.41333673426985
                    },
                    {
                        "x": 1012.4396906622989,
                        "y": 187.90138261499231
                    },
                    {
                        "x": 1018.2573866853965,
                        "y": 194.29613339631715
                    },
                    {
                        "x": 1027.565700322352,
                        "y": 226.26988730294124
                    },
                    {
                        "x": 1026.4021611177327,
                        "y": 247.77950356739737
                    },
                    {
                        "x": 1022.9115435038742,
                        "y": 269.2891198318535
                    },
                    {
                        "x": 1016.5120778784672,
                        "y": 286.72934923546666
                    },
                    {
                        "x": 1012.4396906622989,
                        "y": 303.00689667883887
                    },
                    {
                        "x": 1007.2037642415116,
                        "y": 337.30601450594463
                    },
                    {
                        "x": 1000.5134138149494,
                        "y": 372.7538896631109
                    },
                    {
                        "x": 995.9853070769726,
                        "y": 402.93163698735464
                    },
                    {
                        "x": 992.5916510634988,
                        "y": 421.3407680245017
                    },
                    {
                        "x": 993.5612670673486,
                        "y": 447.5011121299214
                    },
                    {
                        "x": 991.6220350596495,
                        "y": 470.2703005179719
                    },
                    {
                        "x": 991.1372270577244,
                        "y": 486.7416282880508
                    },
                    {
                        "x": 991.1372270577244,
                        "y": 499.82180034076066
                    },
                    {
                        "x": 989.1979950500257,
                        "y": 511.44861994316943
                    },
                    {
                        "x": 997.0751554652993,
                        "y": 508.8597147783661
                    },
                    {
                        "x": 1000.9536194806974,
                        "y": 511.2819688622013
                    },
                    {
                        "x": 1003.8624674922459,
                        "y": 508.8597147783661
                    },
                    {
                        "x": 1007.7409315076441,
                        "y": 508.8597147783661
                    },
                    {
                        "x": 1008.7105475114936,
                        "y": 513.2197721292694
                    },
                    {
                        "x": 1007.7409315076441,
                        "y": 515.6420262131046
                    },
                    {
                        "x": 1002.8928514883963,
                        "y": 518.5487311137067
                    },
                    {
                        "x": 996.5903474633745,
                        "y": 520.9709851975418
                    },
                    {
                        "x": 991.2574594422022,
                        "y": 530.1755507161155
                    },
                    {
                        "x": 987.3789954268041,
                        "y": 540.8334686849901
                    },
                    {
                        "x": 984.9549554171799,
                        "y": 555.851444004768
                    },
                    {
                        "x": 983.5005314114056,
                        "y": 566.9938127904098
                    },
                    {
                        "x": 988.3486114306535,
                        "y": 582.4962389269548
                    },
                    {
                        "x": 996.5903474633745,
                        "y": 577.1672799425174
                    },
                    {
                        "x": 1002.4080434864716,
                        "y": 559.7270505389043
                    },
                    {
                        "x": 1004.8320834960957,
                        "y": 550.0380342035637
                    },
                    {
                        "x": 1011.6193955230425,
                        "y": 542.7712719520582
                    },
                    {
                        "x": 1020.3459395576883,
                        "y": 535.9889605173198
                    },
                    {
                        "x": 1037.3142196250553,
                        "y": 519.5176327472408
                    },
                    {
                        "x": 1049.9192276750996,
                        "y": 512.2508704957354
                    },
                    {
                        "x": 1070.1861413875629,
                        "y": 501.39302174416054
                    },
                    {
                        "x": 1082.0542412746813,
                        "y": 496.50975751114885
                    },
                    {
                        "x": 1091.8279705934847,
                        "y": 495.1145391588599
                    },
                    {
                        "x": 1108.5829351400048,
                        "y": 491.62649327813733
                    },
                    {
                        "x": 1117.6585409360366,
                        "y": 484.6504015166919
                    },
                    {
                        "x": 1118.3566644588084,
                        "y": 475.5814822268133
                    },
                    {
                        "x": 1109.979182185548,
                        "y": 451.1651610617549
                    },
                    {
                        "x": 1103.696070480603,
                        "y": 444.18906930030954
                    },
                    {
                        "x": 1099.507329343973,
                        "y": 418.37752978296237
                    },
                    {
                        "x": 1096.0167117301148,
                        "y": 403.7277370839272
                    },
                    {
                        "x": 1092.5260941162564,
                        "y": 396.05403614633747
                    },
                    {
                        "x": 1092.5260941162564,
                        "y": 381.4042434473026
                    },
                    {
                        "x": 1092.5260941162564,
                        "y": 373.0329333335681
                    },
                    {
                        "x": 1100.9035763895165,
                        "y": 362.5687956914002
                    },
                    {
                        "x": 1111.3754292310916,
                        "y": 350.70943969694343
                    },
                    {
                        "x": 1127.43227025484,
                        "y": 343.03573875935353
                    },
                    {
                        "x": 1137.2059995736436,
                        "y": 325.59550935574066
                    },
                    {
                        "x": 1142.7909877558168,
                        "y": 319.31702677043984
                    },
                    {
                        "x": 1152.5647170746204,
                        "y": 315.8289808897171
                    },
                    {
                        "x": 1153.262840597392,
                        "y": 320.0146359465843
                    },
                    {
                        "x": 1151.1684700290768,
                        "y": 326.29311853188506
                    },
                    {
                        "x": 1145.5834818469036,
                        "y": 329.78116441260784
                    },
                    {
                        "x": 1139.9984936647302,
                        "y": 337.4548653501976
                    },
                    {
                        "x": 1135.1116290053285,
                        "y": 346.5237846400764
                    },
                    {
                        "x": 1129.526640823155,
                        "y": 352.1046580492325
                    },
                    {
                        "x": 1118.3566644588084,
                        "y": 360.4759681629668
                    },
                    {
                        "x": 1110.6773057083199,
                        "y": 366.0568415721231
                    },
                    {
                        "x": 1106.4885645716897,
                        "y": 375.82337003814627
                    },
                    {
                        "x": 1104.3941940033749,
                        "y": 381.4042434473026
                    },
                    {
                        "x": 1105.0923175261464,
                        "y": 391.86838108947046
                    },
                    {
                        "x": 1107.8848116172333,
                        "y": 405.12295543621644
                    },
                    {
                        "x": 1110.6773057083199,
                        "y": 417.67992060681775
                    },
                    {
                        "x": 1116.2622938904933,
                        "y": 434.4225408342864
                    },
                    {
                        "x": 1119.05478798158,
                        "y": 444.18906930030954
                    },
                    {
                        "x": 1126.0360232092967,
                        "y": 457.4436436470556
                    },
                    {
                        "x": 1130.9228878686984,
                        "y": 459.53647117548917
                    },
                    {
                        "x": 1142.0928642330452,
                        "y": 437.91058671500895
                    },
                    {
                        "x": 1146.979728892447,
                        "y": 424.65601236826296
                    },
                    {
                        "x": 1144.6661475379815,
                        "y": 402.58921135511645
                    },
                    {
                        "x": 1148.1567651518399,
                        "y": 383.9862999912624
                    },
                    {
                        "x": 1152.8109219703178,
                        "y": 371.1967984286128
                    },
                    {
                        "x": 1160.3739268003442,
                        "y": 367.7087525478902
                    },
                    {
                        "x": 1175.499936460397,
                        "y": 361.8953427466859
                    },
                    {
                        "x": 1184.226480495043,
                        "y": 350.2685231442772
                    },
                    {
                        "x": 1187.7170981089014,
                        "y": 340.38572648222964
                    },
                    {
                        "x": 1188.2988677112112,
                        "y": 331.66561178042315
                    },
                    {
                        "x": 1192.3712549273794,
                        "y": 332.24695276054365
                    },
                    {
                        "x": 1194.6983333366181,
                        "y": 339.8043855021094
                    },
                    {
                        "x": 1194.1165637343086,
                        "y": 345.03645432319337
                    },
                    {
                        "x": 1189.4624069158306,
                        "y": 350.84986412439747
                    },
                    {
                        "x": 1184.8082500973528,
                        "y": 360.1513198063246
                    },
                    {
                        "x": 1181.8994020858042,
                        "y": 364.2207066671677
                    },
                    {
                        "x": 1169.6822404373,
                        "y": 375.2661852894559
                    },
                    {
                        "x": 1160.3739268003442,
                        "y": 378.75423117017823
                    },
                    {
                        "x": 1155.7197699818664,
                        "y": 384.567640971383
                    },
                    {
                        "x": 1155.7197699818664,
                        "y": 393.28775567318945
                    },
                    {
                        "x": 1155.1380003795566,
                        "y": 407.8212801762003
                    },
                    {
                        "x": 1155.1380003795566,
                        "y": 421.19212271897055
                    },
                    {
                        "x": 1155.1380003795566,
                        "y": 431.07491938101776
                    },
                    {
                        "x": 1152.8109219703178,
                        "y": 440.37637506294493
                    },
                    {
                        "x": 1148.7385347541497,
                        "y": 448.51514878463104
                    },
                    {
                        "x": 1143.502608333362,
                        "y": 460.7233093671602
                    },
                    {
                        "x": 1140.5937603218135,
                        "y": 469.4434240689665
                    },
                    {
                        "x": 1140.5937603218135,
                        "y": 481.65158465149574
                    },
                    {
                        "x": 1149.3203043564595,
                        "y": 485.7209715123388
                    },
                    {
                        "x": 1159.7921571980346,
                        "y": 489.20901739306146
                    },
                    {
                        "x": 1173.1728580511583,
                        "y": 496.1851091545066
                    },
                    {
                        "x": 1188.880637313521,
                        "y": 470.02476504908697
                    },
                    {
                        "x": 1210.9878822012906,
                        "y": 432.8189423213792
                    },
                    {
                        "x": 1221.4597350428658,
                        "y": 392.70641469306906
                    },
                    {
                        "x": 1232.9205962083674,
                        "y": 355.7955087278321
                    },
                    {
                        "x": 1248.0000643002356,
                        "y": 330.6815783866293
                    },
                    {
                        "x": 1251.3510572095395,
                        "y": 313.93895815916073
                    },
                    {
                        "x": 1251.3510572095395,
                        "y": 308.07904107954676
                    },
                    {
                        "x": 1257.2152948008215,
                        "y": 309.75330310229356
                    },
                    {
                        "x": 1259.7285394827998,
                        "y": 323.98453029564183
                    },
                    {
                        "x": 1253.8643018915177,
                        "y": 337.3786264776168
                    },
                    {
                        "x": 1242.1358267089536,
                        "y": 358.30690176195236
                    },
                    {
                        "x": 1236.2715891176715,
                        "y": 375.8866530007944
                    },
                    {
                        "x": 1231.2450997537153,
                        "y": 396.8149282851301
                    },
                    {
                        "x": 1229.5696032990634,
                        "y": 410.20902446710494
                    },
                    {
                        "x": 1222.0298692531292,
                        "y": 430.3001687400672
                    },
                    {
                        "x": 1219.5166245711512,
                        "y": 442.02000289929526
                    },
                    {
                        "x": 1211.139142297891,
                        "y": 459.59975413813726
                    },
                    {
                        "x": 1201.923911797305,
                        "y": 476.34237436560574
                    },
                    {
                        "x": 1191.033184842067,
                        "y": 496.43351863856805
                    },
                    {
                        "x": 1187.6821919327629,
                        "y": 504.80482875230246
                    },
                    {
                        "x": 1195.221925978697,
                        "y": 506.47909077504926
                    },
                    {
                        "x": 1204.4371564792832,
                        "y": 501.4563047068087
                    },
                    {
                        "x": 1224.5431139351074,
                        "y": 487.22507751346035
                    },
                    {
                        "x": 1242.1358267089536,
                        "y": 478.01663638835277
                    },
                    {
                        "x": 1256.3775465734957,
                        "y": 468.8081952632451
                    },
                    {
                        "x": 1265.5927770740818,
                        "y": 463.7854091950044
                    },
                    {
                        "x": 1283.1854898479278,
                        "y": 452.9027060471499
                    },
                    {
                        "x": 1288.211979211884,
                        "y": 448.7170509902827
                    },
                    {
                        "x": 1293.23846857584,
                        "y": 434.4858237969344
                    },
                    {
                        "x": 1295.751713257818,
                        "y": 421.0917276149595
                    },
                    {
                        "x": 1299.102706167122,
                        "y": 417.7432035694659
                    },
                    {
                        "x": 1306.642440213056,
                        "y": 425.2773826718267
                    },
                    {
                        "x": 1304.129195531078,
                        "y": 437.8343478424281
                    },
                    {
                        "x": 1292.400720348514,
                        "y": 464.62254020637783
                    },
                    {
                        "x": 1278.9967487112979,
                        "y": 475.5052433542324
                    },
                    {
                        "x": 1258.890791255474,
                        "y": 487.22507751346035
                    },
                    {
                        "x": 1247.1623160729096,
                        "y": 493.0849945930744
                    },
                    {
                        "x": 1234.5960926630194,
                        "y": 502.29343571818214
                    },
                    {
                        "x": 1222.0298692531292,
                        "y": 511.5018768432899
                    },
                    {
                        "x": 1213.652386979869,
                        "y": 521.5474489797709
                    },
                    {
                        "x": 1209.4636458432392,
                        "y": 533.267283138999
                    },
                    {
                        "x": 1217.5925961423923,
                        "y": 541.8539819023154
                    },
                    {
                        "x": 1234.3475606889126,
                        "y": 553.0157287206276
                    },
                    {
                        "x": 1249.0081546671174,
                        "y": 561.387038834362
                    },
                    {
                        "x": 1265.0649956908665,
                        "y": 557.2013837774948
                    },
                    {
                        "x": 1267.1593662591813,
                        "y": 564.17747553894
                    },
                    {
                        "x": 1266.4612427364093,
                        "y": 569.7583489480963
                    },
                    {
                        "x": 1258.781883985921,
                        "y": 569.7583489480963
                    },
                    {
                        "x": 1241.3287959166291,
                        "y": 567.6655214196627
                    },
                    {
                        "x": 1222.4794608017942,
                        "y": 557.8989929536393
                    },
                    {
                        "x": 1203.630125686959,
                        "y": 544.6444186068934
                    },
                    {
                        "x": 1197.3470139820138,
                        "y": 540.4587635500263
                    },
                    {
                        "x": 1197.3470139820138,
                        "y": 554.4109470729168
                    },
                    {
                        "x": 1195.9507669364705,
                        "y": 569.0607397719517
                    },
                    {
                        "x": 1193.8563963681554,
                        "y": 581.6177049425532
                    },
                    {
                        "x": 1190.365778754297,
                        "y": 592.081842584721
                    },
                    {
                        "x": 1195.9507669364705,
                        "y": 592.081842584721
                    },
                    {
                        "x": 1201.535755118644,
                        "y": 599.0579343461662
                    },
                    {
                        "x": 1204.3282492097305,
                        "y": 616.4981637497793
                    },
                    {
                        "x": 1208.5169903463607,
                        "y": 623.4742555112246
                    },
                    {
                        "x": 1220.385090233479,
                        "y": 620.6838188066465
                    },
                    {
                        "x": 1246.215660576031,
                        "y": 603.2435894030334
                    },
                    {
                        "x": 1265.0649956908665,
                        "y": 585.1057508232758
                    },
                    {
                        "x": 1293.6880601245048,
                        "y": 569.7583489480963
                    },
                    {
                        "x": 1324.4054951264584,
                        "y": 562.0846480105065
                    },
                    {
                        "x": 1360.7079183105855,
                        "y": 543.9468094307489
                    },
                    {
                        "x": 1390.0291062669958,
                        "y": 540.4587635500263
                    },
                    {
                        "x": 1409.5765649046027,
                        "y": 538.3659360215928
                    },
                    {
                        "x": 1423.5390353600362,
                        "y": 539.0635451977372
                    },
                    {
                        "x": 1433.3127646788394,
                        "y": 537.6683268454482
                    },
                    {
                        "x": 1445.8789880887298,
                        "y": 527.9017983794248
                    },
                    {
                        "x": 1454.5248402141194,
                        "y": 534.0428409847489
                    },
                    {
                        "x": 1466.588414687614,
                        "y": 536.0519554120451
                    },
                    {
                        "x": 1488.7049678890203,
                        "y": 538.0610698393414
                    },
                    {
                        "x": 1502.7791381080974,
                        "y": 538.0610698393414
                    },
                    {
                        "x": 1504.7897338536798,
                        "y": 544.0884131212301
                    },
                    {
                        "x": 1496.7473508713501,
                        "y": 548.1066419758225
                    },
                    {
                        "x": 1476.641393415526,
                        "y": 550.1157564031188
                    },
                    {
                        "x": 1504.7897338536798,
                        "y": 555.1385424713593
                    },
                    {
                        "x": 1522.8850955639216,
                        "y": 554.1339852577113
                    },
                    {
                        "x": 1529.92218067346,
                        "y": 543.0838559075819
                    },
                    {
                        "x": 1536.9592657829983,
                        "y": 532.0337265574527
                    },
                    {
                        "x": 1541.9857551469545,
                        "y": 540.0701842666376
                    },
                    {
                        "x": 1538.9698615285809,
                        "y": 554.1339852577113
                    },
                    {
                        "x": 1532.9380742918338,
                        "y": 564.1795573941923
                    },
                    {
                        "x": 1506.8003295992626,
                        "y": 564.1795573941923
                    },
                    {
                        "x": 1492.7261593801852,
                        "y": 570.2069006760811
                    },
                    {
                        "x": 1479.6572870338996,
                        "y": 578.243358385266
                    },
                    {
                        "x": 1468.599010433196,
                        "y": 586.2798160944509
                    },
                    {
                        "x": 1460.5566274508665,
                        "y": 597.3299454445802
                    },
                    {
                        "x": 1449.4983508501632,
                        "y": 609.3846320083575
                    },
                    {
                        "x": 1436.4294785038774,
                        "y": 619.4302041448386
                    },
                    {
                        "x": 1422.3553082848007,
                        "y": 626.4621046403754
                    },
                    {
                        "x": 1440.4506699950423,
                        "y": 627.4666618540235
                    },
                    {
                        "x": 1438.44007424946,
                        "y": 637.5122339905047
                    },
                    {
                        "x": 1423.3606061575917,
                        "y": 638.5167912041529
                    },
                    {
                        "x": 1405.26524444735,
                        "y": 640.525905631449
                    },
                    {
                        "x": 1391.2748490510053,
                        "y": 644.7316121557755
                    },
                    {
                        "x": 1387.9238561417017,
                        "y": 638.8716950761616
                    },
                    {
                        "x": 1391.2748490510053,
                        "y": 630.5003849624272
                    },
                    {
                        "x": 1404.6788206882215,
                        "y": 622.129074848693
                    },
                    {
                        "x": 1434.8377568719582,
                        "y": 608.734978666718
                    },
                    {
                        "x": 1454.943714327782,
                        "y": 583.6210483255152
                    },
                    {
                        "x": 1471.698678874302,
                        "y": 571.9012141662871
                    },
                    {
                        "x": 1480.0761611475627,
                        "y": 565.2041660752998
                    },
                    {
                        "x": 1466.6721895103462,
                        "y": 560.1813800070591
                    },
                    {
                        "x": 1447.403980281848,
                        "y": 555.995724950192
                    },
                    {
                        "x": 1456.6192107824345,
                        "y": 566.8784280980466
                    },
                    {
                        "x": 1456.6192107824345,
                        "y": 570.2269521435404
                    },
                    {
                        "x": 1448.241728509174,
                        "y": 571.9012141662871
                    },
                    {
                        "x": 1434.8377568719582,
                        "y": 557.6699869729389
                    },
                    {
                        "x": 1408.8675618248517,
                        "y": 572.7383451776607
                    },
                    {
                        "x": 1384.5728632323974,
                        "y": 591.9923584392494
                    },
                    {
                        "x": 1377.8708774137895,
                        "y": 602.0379305757306
                    },
                    {
                        "x": 1377.8708774137895,
                        "y": 607.0607166439712
                    },
                    {
                        "x": 1377.0331291864634,
                        "y": 616.2691577690789
                    },
                    {
                        "x": 1370.3311433678552,
                        "y": 617.1062887804524
                    },
                    {
                        "x": 1362.7914093219215,
                        "y": 609.5721096780915
                    },
                    {
                        "x": 1352.738430594009,
                        "y": 620.454812825946
                    },
                    {
                        "x": 1340.172207184119,
                        "y": 640.5459570989084
                    },
                    {
                        "x": 1335.1457178201626,
                        "y": 649.754398224016
                    },
                    {
                        "x": 1330.1192284562069,
                        "y": 679.053983622086
                    },
                    {
                        "x": 1330.1192284562069,
                        "y": 708.3535690201561
                    },
                    {
                        "x": 1334.307969592837,
                        "y": 724.2590582362511
                    },
                    {
                        "x": 1341.847703638771,
                        "y": 737.6531544182262
                    },
                    {
                        "x": 1349.387437684705,
                        "y": 751.0472506002009
                    },
                    {
                        "x": 1349.387437684705,
                        "y": 761.9299537480554
                    },
                    {
                        "x": 1344.3609483207492,
                        "y": 783.6953600437647
                    },
                    {
                        "x": 1345.132346888471,
                        "y": 792.8408885936306
                    },
                    {
                        "x": 1379.312474563372,
                        "y": 794.8500030209269
                    },
                    {
                        "x": 1415.5031979838557,
                        "y": 814.9411472938891
                    },
                    {
                        "x": 1471.7998788601635,
                        "y": 844.0733064896845
                    },
                    {
                        "x": 1489.8952405704047,
                        "y": 852.1097641988692
                    },
                    {
                        "x": 1505.9800065350646,
                        "y": 858.1371074807581
                    },
                    {
                        "x": 1528.0965597364711,
                        "y": 861.1507791217025
                    },
                    {
                        "x": 1538.1495384643833,
                        "y": 868.1826796172392
                    },
                    {
                        "x": 1545.1866235739217,
                        "y": 877.2236945400721
                    },
                    {
                        "x": 1567.3031767753284,
                        "y": 885.2601522492571
                    },
                    {
                        "x": 1574.3402618848665,
                        "y": 895.3057243857386
                    },
                    {
                        "x": 1583.3879427399881,
                        "y": 907.3604109495159
                    },
                    {
                        "x": 1601.4833044502293,
                        "y": 913.3877542314042
                    },
                    {
                        "x": 1627.621049142801,
                        "y": 920.4196547269413
                    },
                    {
                        "x": 1649.7376023442075,
                        "y": 921.4242119405892
                    },
                    {
                        "x": 1668.8382619272409,
                        "y": 921.4242119405892
                    },
                    {
                        "x": 1688.9442193830648,
                        "y": 921.4242119405892
                    },
                    {
                        "x": 1698.9971981109766,
                        "y": 923.4333263678857
                    },
                    {
                        "x": 1698.9971981109766,
                        "y": 929.4606696497743
                    },
                    {
                        "x": 1696.9866023653944,
                        "y": 939.5062417862554
                    },
                    {
                        "x": 1692.96541087423,
                        "y": 939.5062417862554
                    },
                    {
                        "x": 1692.96541087423,
                        "y": 952.5654855636807
                    },
                    {
                        "x": 1690.9548151286474,
                        "y": 957.5882716319214
                    },
                    {
                        "x": 1684.9230278919,
                        "y": 956.5837144182727
                    },
                    {
                        "x": 1675.875347036779,
                        "y": 945.533585068144
                    },
                    {
                        "x": 1662.8064746904934,
                        "y": 941.5153562135515
                    },
                    {
                        "x": 1628.6263470155923,
                        "y": 936.4925701453109
                    },
                    {
                        "x": 1597.4621129590648,
                        "y": 933.4788985043667
                    },
                    {
                        "x": 1588.4144321039437,
                        "y": 936.4925701453109
                    },
                    {
                        "x": 1568.3084746481195,
                        "y": 941.5153562135515
                    },
                    {
                        "x": 1545.1866235739217,
                        "y": 954.574599990977
                    },
                    {
                        "x": 1524.0753682453067,
                        "y": 956.5837144182727
                    },
                    {
                        "x": 1489.8952405704047,
                        "y": 962.6110577001621
                    },
                    {
                        "x": 1474.815772478537,
                        "y": 965.6247293411063
                    },
                    {
                        "x": 1451.6939214043389,
                        "y": 967.6338437684025
                    },
                    {
                        "x": 1410.4767086198995,
                        "y": 967.6338437684025
                    },
                    {
                        "x": 1416.5084958566467,
                        "y": 977.6794159048837
                    },
                    {
                        "x": 1419.5243894750204,
                        "y": 983.7067591867723
                    },
                    {
                        "x": 1415.5031979838557,
                        "y": 992.7477741096054
                    },
                    {
                        "x": 1403.4396235103611,
                        "y": 995.7614457505498
                    },
                    {
                        "x": 1415.5031979838557,
                        "y": 1001.7887890324382
                    },
                    {
                        "x": 1420.5296873478117,
                        "y": 1012.8389183825675
                    },
                    {
                        "x": 1421.534985220603,
                        "y": 1021.8799333054009
                    },
                    {
                        "x": 1416.1103978990216,
                        "y": 1028.1725273038687
                    },
                    {
                        "x": 1408.8722532149247,
                        "y": 1030.5834646166243
                    },
                    {
                        "x": 1404.046823425527,
                        "y": 1016.1178407400911
                    },
                    {
                        "x": 1385.9514617152852,
                        "y": 1020.9397153656022
                    },
                    {
                        "x": 1379.919674478538,
                        "y": 1022.1451840219801
                    },
                    {
                        "x": 1395.6023212940809,
                        "y": 1039.0217452112684
                    },
                    {
                        "x": 1389.5705340573336,
                        "y": 1070.3639302770896
                    },
                    {
                        "x": 1382.3323893732368,
                        "y": 1090.856897435511
                    },
                    {
                        "x": 1373.4690131281275,
                        "y": 1100.3438484722142
                    },
                    {
                        "x": 1355.0385521269554,
                        "y": 1109.552289597322
                    },
                    {
                        "x": 1345.8233216263693,
                        "y": 1114.5750756655625
                    },
                    {
                        "x": 1333.257098216479,
                        "y": 1117.0864686996827
                    },
                    {
                        "x": 1323.2041194885671,
                        "y": 1117.9235997110563
                    },
                    {
                        "x": 1301.4226655780908,
                        "y": 1117.9235997110563
                    },
                    {
                        "x": 1281.3167081222664,
                        "y": 1117.9235997110563
                    },
                    {
                        "x": 1344.9855733990432,
                        "y": 1157.2687572456075
                    },
                    {
                        "x": 1373.4690131281275,
                        "y": 1172.337115450329
                    },
                    {
                        "x": 1389.3862294473217,
                        "y": 1182.3826875868103
                    },
                    {
                        "x": 1412.84317981245,
                        "y": 1202.4738318597726
                    },
                    {
                        "x": 1440.8206196122294,
                        "y": 1213.155663241711
                    },
                    {
                        "x": 1470.9795557959658,
                        "y": 1234.2513647283215
                    },
                    {
                        "x": 1498.122598361328,
                        "y": 1257.356180642228
                    },
                    {
                        "x": 1519.2338536899438,
                        "y": 1279.4564393424866
                    },
                    {
                        "x": 1536.3239175273945,
                        "y": 1276.442767701542
                    },
                    {
                        "x": 1550.3980877464712,
                        "y": 1267.4017527787091
                    },
                    {
                        "x": 1564.4722579655481,
                        "y": 1261.3744094968204
                    },
                    {
                        "x": 1576.5358324390427,
                        "y": 1255.3470662149318
                    },
                    {
                        "x": 1595.636492022076,
                        "y": 1247.3106085057468
                    },
                    {
                        "x": 1607.7000664955706,
                        "y": 1252.3333945739873
                    },
                    {
                        "x": 1607.7000664955706,
                        "y": 1259.3652950695239
                    },
                    {
                        "x": 1592.6205984037022,
                        "y": 1260.3698522831723
                    },
                    {
                        "x": 1552.4086834920536,
                        "y": 1280.4609965561344
                    },
                    {
                        "x": 1508.1755770892405,
                        "y": 1297.5384691881525
                    },
                    {
                        "x": 1460.9265770680536,
                        "y": 1304.5703696836893
                    },
                    {
                        "x": 1431.7729387571085,
                        "y": 1302.5612552563932
                    },
                    {
                        "x": 1406.6404919373285,
                        "y": 1294.5247975472082
                    },
                    {
                        "x": 1414.682874919658,
                        "y": 1308.5885985382818
                    },
                    {
                        "x": 1421.7199600291965,
                        "y": 1328.6797428112443
                    },
                    {
                        "x": 1441.8259174850207,
                        "y": 1356.8073447933912
                    },
                    {
                        "x": 1457.9106834496802,
                        "y": 1378.9076034936497
                    },
                    {
                        "x": 1463.9424706864272,
                        "y": 1403.016976621205
                    },
                    {
                        "x": 1461.9318749408446,
                        "y": 1413.0625487576856
                    },
                    {
                        "x": 1457.9106834496802,
                        "y": 1413.0625487576856
                    },
                    {
                        "x": 1453.8894919585152,
                        "y": 1405.0260910485006
                    },
                    {
                        "x": 1442.8312153578117,
                        "y": 1376.8984890663535
                    },
                    {
                        "x": 1425.7411515203614,
                        "y": 1351.7845587251506
                    },
                    {
                        "x": 1400.6087047005813,
                        "y": 1320.6432851020593
                    },
                    {
                        "x": 1385.5292366087128,
                        "y": 1302.5612552563932
                    },
                    {
                        "x": 1369.4444706440534,
                        "y": 1276.442767701542
                    },
                    {
                        "x": 1357.380896170559,
                        "y": 1263.3835239241166
                    },
                    {
                        "x": 1313.1477897677455,
                        "y": 1236.2604791556175
                    },
                    {
                        "x": 1266.90408761935,
                        "y": 1198.0873050369892
                    },
                    {
                        "x": 1263.9719688237085,
                        "y": 1211.6688788886975
                    },
                    {
                        "x": 1259.7832276870786,
                        "y": 1224.225844059299
                    },
                    {
                        "x": 1250.5679971864924,
                        "y": 1234.2714161957801
                    },
                    {
                        "x": 1253.9189900957965,
                        "y": 1244.3169883322614
                    },
                    {
                        "x": 1282.4024298248808,
                        "y": 1279.4764908099453
                    },
                    {
                        "x": 1295.806401462097,
                        "y": 1300.404766094281
                    },
                    {
                        "x": 1310.885869553965,
                        "y": 1327.1929584582308
                    },
                    {
                        "x": 1341.0448057377014,
                        "y": 1354.8182818335538
                    },
                    {
                        "x": 1368.6904972394598,
                        "y": 1373.2351640837694
                    },
                    {
                        "x": 1384.6077135586538,
                        "y": 1388.3035222884912
                    },
                    {
                        "x": 1398.0116851958699,
                        "y": 1427.6486798230421
                    },
                    {
                        "x": 1421.468635560998,
                        "y": 1500
                    },
                    {
                        "x": 1413.091153287738,
                        "y": 1500
                    },
                    {
                        "x": 1396.336188741218,
                        "y": 1450.2512171301248
                    },
                    {
                        "x": 1382.0944688766758,
                        "y": 1417.6031076865609
                    },
                    {
                        "x": 1377.9057277400457,
                        "y": 1400.0233564477194
                    },
                    {
                        "x": 1364.5017561028296,
                        "y": 1381.6064741975038
                    },
                    {
                        "x": 1318.4256035998992,
                        "y": 1358.1668058790476
                    },
                    {
                        "x": 1289.1044156434887,
                        "y": 1326.3558274468573
                    },
                    {
                        "x": 1271.5117028696427,
                        "y": 1292.8705869919204
                    },
                    {
                        "x": 1256.4322347777745,
                        "y": 1271.1051806962112
                    },
                    {
                        "x": 1240.5150184585805,
                        "y": 1251.851167434622
                    },
                    {
                        "x": 1232.9752844126463,
                        "y": 1245.9912503550083
                    },
                    {
                        "x": 1232.1375361853202,
                        "y": 1262.7338705824766
                    },
                    {
                        "x": 1231.2997879579943,
                        "y": 1279.4764908099453
                    },
                    {
                        "x": 1228.7865432760163,
                        "y": 1292.8705869919204
                    },
                    {
                        "x": 1226.2732985940381,
                        "y": 1303.7532901397747
                    },
                    {
                        "x": 1225.4355503667123,
                        "y": 1311.2874692421356
                    },
                    {
                        "x": 1220.409061002756,
                        "y": 1323.0073034013635
                    },
                    {
                        "x": 1227.1110468213642,
                        "y": 1327.1929584582308
                    },
                    {
                        "x": 1233.8130326399723,
                        "y": 1331.3786135150979
                    },
                    {
                        "x": 1237.1640255492764,
                        "y": 1340.5870546402055
                    },
                    {
                        "x": 1235.4885290946243,
                        "y": 1344.7727096970727
                    },
                    {
                        "x": 1230.4620397306683,
                        "y": 1344.7727096970727
                    },
                    {
                        "x": 1220.409061002756,
                        "y": 1338.0756616060853
                    },
                    {
                        "x": 1202.81634822891,
                        "y": 1341.424185651579
                    },
                    {
                        "x": 1202.81634822891,
                        "y": 1332.2157445264716
                    },
                    {
                        "x": 1206.167341138214,
                        "y": 1319.65877935587
                    },
                    {
                        "x": 1210.356082274844,
                        "y": 1307.1018141852687
                    },
                    {
                        "x": 1214.544823411474,
                        "y": 1276.965097775825
                    },
                    {
                        "x": 1220.409061002756,
                        "y": 1247.6655123777548
                    },
                    {
                        "x": 1222.9223056847343,
                        "y": 1232.5971541730332
                    },
                    {
                        "x": 1207.2497118479193,
                        "y": 1205.7493685637135
                    },
                    {
                        "x": 1199.9009843978156,
                        "y": 1208.6619042958446
                    },
                    {
                        "x": 1201.5764808524677,
                        "y": 1215.358952386832
                    },
                    {
                        "x": 1208.2784666710756,
                        "y": 1221.2188694664458
                    },
                    {
                        "x": 1213.3049560350319,
                        "y": 1228.753048568807
                    },
                    {
                        "x": 1207.4407184437498,
                        "y": 1237.124358682541
                    },
                    {
                        "x": 1199.9009843978156,
                        "y": 1230.4273105915536
                    },
                    {
                        "x": 1193.1989985792077,
                        "y": 1217.8703454209522
                    },
                    {
                        "x": 1191.5235021245555,
                        "y": 1202.8019872162306
                    },
                    {
                        "x": 1194.8744950338596,
                        "y": 1195.2678081138695
                    },
                    {
                        "x": 1194.8744950338596,
                        "y": 1181.0365809205214
                    },
                    {
                        "x": 1180.6327751693175,
                        "y": 1164.2939606930527
                    },
                    {
                        "x": 1180.6327751693175,
                        "y": 1156.759781590692
                    },
                    {
                        "x": 1187.3347609879256,
                        "y": 1146.7142094542107
                    },
                    {
                        "x": 1193.1989985792077,
                        "y": 1139.1800303518498
                    },
                    {
                        "x": 1189.8480056699036,
                        "y": 1122.4374101243814
                    },
                    {
                        "x": 1173.9307893507093,
                        "y": 1109.0433139424065
                    },
                    {
                        "x": 1157.9297982087828,
                        "y": 1095.4617400906977
                    },
                    {
                        "x": 1153.9086067176179,
                        "y": 1083.4070535269204
                    },
                    {
                        "x": 1153.9086067176179,
                        "y": 1074.3660386040874
                    },
                    {
                        "x": 1153.9086067176179,
                        "y": 1070.347809749495
                    },
                    {
                        "x": 1172.0039684278597,
                        "y": 1077.3797102450317
                    },
                    {
                        "x": 1168.988074809486,
                        "y": 1064.3204664676061
                    },
                    {
                        "x": 1170.9986705550684,
                        "y": 1053.2703371174769
                    },
                    {
                        "x": 1150.8927130992442,
                        "y": 1049.2521082628843
                    },
                    {
                        "x": 1129.7814577706288,
                        "y": 1054.274894331125
                    },
                    {
                        "x": 1116.7125854243432,
                        "y": 1057.2885659720694
                    },
                    {
                        "x": 1102.6384152052663,
                        "y": 1062.3113520403099
                    },
                    {
                        "x": 1088.5642449861894,
                        "y": 1063.3159092539581
                    },
                    {
                        "x": 1075.4953726399035,
                        "y": 1063.3159092539581
                    },
                    {
                        "x": 1064.4370960392002,
                        "y": 1066.3295808949024
                    },
                    {
                        "x": 1051.3682236929144,
                        "y": 1075.3705958177354
                    },
                    {
                        "x": 1040.3099470922111,
                        "y": 1084.4116107405684
                    },
                    {
                        "x": 1035.2834577282551,
                        "y": 1092.4480684497535
                    },
                    {
                        "x": 1030.2569683642992,
                        "y": 1099.4799689452902
                    },
                    {
                        "x": 1021.2092875091781,
                        "y": 1102.4936405862345
                    },
                    {
                        "x": 1011.1563087812661,
                        "y": 1094.4571828770495
                    },
                    {
                        "x": 1011.1563087812661,
                        "y": 1081.3979390996242
                    },
                    {
                        "x": 1028.2463726187166,
                        "y": 1063.3159092539581
                    },
                    {
                        "x": 1046.3417343289584,
                        "y": 1048.2475510492366
                    },
                    {
                        "x": 1091.580138604563,
                        "y": 1039.2065361264033
                    },
                    {
                        "x": 1115.8078173388312,
                        "y": 1032.4833403536868
                    },
                    {
                        "x": 1089.750496476083,
                        "y": 1022.3574036401138
                    },
                    {
                        "x": 1065.1408045501541,
                        "y": 1016.5711540895009
                    },
                    {
                        "x": 1044.8739994346834,
                        "y": 1003.5520926006212
                    },
                    {
                        "x": 1028.9500811296705,
                        "y": 993.4261558870479
                    },
                    {
                        "x": 1011.5785338878383,
                        "y": 973.1742824599022
                    },
                    {
                        "x": 997.1022445196448,
                        "y": 989.0864687240884
                    },
                    {
                        "x": 981.1783262146322,
                        "y": 1000.6589678253146
                    },
                    {
                        "x": 971.0449236568968,
                        "y": 1002.1055302129679
                    },
                    {
                        "x": 966.702036846439,
                        "y": 1028.143653190727
                    },
                    {
                        "x": 968.149665783258,
                        "y": 1044.0558394549132
                    },
                    {
                        "x": 963.8067789728002,
                        "y": 1065.7542752697125
                    },
                    {
                        "x": 962.3591500359809,
                        "y": 1088.899273472165
                    },
                    {
                        "x": 943.9057414353655,
                        "y": 1090.0333212494738
                    },
                    {
                        "x": 942.6993839880159,
                        "y": 1103.293476469629
                    },
                    {
                        "x": 936.6675967512689,
                        "y": 1123.7864436280504
                    },
                    {
                        "x": 930.6358095145216,
                        "y": 1126.1973809408057
                    },
                    {
                        "x": 919.7785924883766,
                        "y": 1131.0192555663168
                    },
                    {
                        "x": 907.7150180148822,
                        "y": 1112.9372257206508
                    },
                    {
                        "x": 907.7150180148822,
                        "y": 1122.5809749716727
                    },
                    {
                        "x": 911.3340903569305,
                        "y": 1143.073942130094
                    },
                    {
                        "x": 906.5086605675323,
                        "y": 1155.1286286938716
                    },
                    {
                        "x": 896.857800988737,
                        "y": 1173.2106585395377
                    },
                    {
                        "x": 908.9213754622314,
                        "y": 1174.4161271959154
                    },
                    {
                        "x": 920.9849499357257,
                        "y": 1172.0051898831598
                    },
                    {
                        "x": 937.8739541986182,
                        "y": 1165.977846601271
                    },
                    {
                        "x": 948.7311712247634,
                        "y": 1165.977846601271
                    },
                    {
                        "x": 943.9057414353655,
                        "y": 1176.827064508671
                    },
                    {
                        "x": 974.0646776191019,
                        "y": 1233.4840913584244
                    },
                    {
                        "x": 982.5091797505478,
                        "y": 1249.1551838913351
                    },
                    {
                        "x": 978.8901074084996,
                        "y": 1279.2919003007785
                    },
                    {
                        "x": 969.2392478297041,
                        "y": 1339.5653331196654
                    },
                    {
                        "x": 977.6837499611503,
                        "y": 1349.2090823706872
                    },
                    {
                        "x": 990.9536818819944,
                        "y": 1348.0036137143095
                    },
                    {
                        "x": 1000.6045414607898,
                        "y": 1340.7708017760433
                    },
                    {
                        "x": 1015.0808308289833,
                        "y": 1337.15439580691
                    },
                    {
                        "x": 1023.5253329604294,
                        "y": 1344.3872077451763
                    },
                    {
                        "x": 1023.5253329604294,
                        "y": 1355.236425652576
                    },
                    {
                        "x": 1012.6681159342844,
                        "y": 1362.4692375908423
                    },
                    {
                        "x": 993.3663967766933,
                        "y": 1369.7020495291088
                    },
                    {
                        "x": 965.6201754876557,
                        "y": 1376.9348614673754
                    },
                    {
                        "x": 964.4138180403064,
                        "y": 1408.2770465331962
                    },
                    {
                        "x": 957.1756733562097,
                        "y": 1431.1809510043734
                    },
                    {
                        "x": 962.0011031456073,
                        "y": 1450.468449506417
                    },
                    {
                        "x": 963.2074605929569,
                        "y": 1464.9340733829501
                    },
                    {
                        "x": 960.794745698258,
                        "y": 1484.2215718849939
                    },
                    {
                        "x": 953.5566010141612,
                        "y": 1490.2489151668829
                    },
                    {
                        "x": 942.6993839880159,
                        "y": 1489.0434465105047
                    },
                    {
                        "x": 949.937528672113,
                        "y": 1475.7832912903498
                    },
                    {
                        "x": 948.7311712247634,
                        "y": 1433.5918883171287
                    },
                    {
                        "x": 952.3502435668119,
                        "y": 1364.880174903598
                    },
                    {
                        "x": 952.3502435668119,
                        "y": 1337.15439580691
                    },
                    {
                        "x": 942.6993839880159,
                        "y": 1349.2090823706872
                    },
                    {
                        "x": 933.0485244092202,
                        "y": 1350.4145510270648
                    },
                    {
                        "x": 939.0803116459675,
                        "y": 1332.332521181399
                    },
                    {
                        "x": 935.4612393039193,
                        "y": 1315.4559599921106
                    },
                    {
                        "x": 916.1595201463282,
                        "y": 1269.6481510497567
                    },
                    {
                        "x": 913.7468052516293,
                        "y": 1245.538777922202
                    },
                    {
                        "x": 918.572235041027,
                        "y": 1240.716903296691
                    },
                    {
                        "x": 922.1913073830755,
                        "y": 1252.7715898604683
                    },
                    {
                        "x": 931.8421669618713,
                        "y": 1282.908306269912
                    },
                    {
                        "x": 937.8739541986182,
                        "y": 1303.4012734283333
                    },
                    {
                        "x": 957.1756733562097,
                        "y": 1319.0723659612438
                    },
                    {
                        "x": 958.3820308035591,
                        "y": 1279.2919003007785
                    },
                    {
                        "x": 959.5883882509085,
                        "y": 1245.538777922202
                    },
                    {
                        "x": 958.3820308035591,
                        "y": 1223.8403421074026
                    },
                    {
                        "x": 935.4612393039193,
                        "y": 1180.4434704778039
                    },
                    {
                        "x": 910.1277329095809,
                        "y": 1188.8817510724482
                    },
                    {
                        "x": 892.0323711993389,
                        "y": 1187.6762824160705
                    },
                    {
                        "x": 887.2069414099415,
                        "y": 1202.1419062926034
                    },
                    {
                        "x": 877.5560818311457,
                        "y": 1216.6075301691362
                    },
                    {
                        "x": 889.6196563046402,
                        "y": 1217.812998825514
                    },
                    {
                        "x": 900.4768733307855,
                        "y": 1231.073154045669
                    },
                    {
                        "x": 901.6832307781348,
                        "y": 1245.538777922202
                    },
                    {
                        "x": 901.6832307781348,
                        "y": 1262.4153391114903
                    },
                    {
                        "x": 901.6832307781348,
                        "y": 1285.3192435826672
                    },
                    {
                        "x": 904.0959456728336,
                        "y": 1304.606742084711
                    },
                    {
                        "x": 900.4768733307855,
                        "y": 1308.2231480538442
                    },
                    {
                        "x": 887.2069414099415,
                        "y": 1302.1958047719556
                    },
                    {
                        "x": 878.7624392784952,
                        "y": 1284.1137749262894
                    },
                    {
                        "x": 855.8416477788556,
                        "y": 1281.702837613534
                    },
                    {
                        "x": 843.7780733053611,
                        "y": 1280.4973689571561
                    },
                    {
                        "x": 778.6347711484906,
                        "y": 1366.0856435599753
                    },
                    {
                        "x": 748.4758349647543,
                        "y": 1415.509858471463
                    },
                    {
                        "x": 733.9995455965609,
                        "y": 1432.3864196607512
                    },
                    {
                        "x": 727.9677583598136,
                        "y": 1451.6739181627952
                    },
                    {
                        "x": 710.6096150896186,
                        "y": 1500
                    },
                    {
                        "x": 702.6342519654751,
                        "y": 1500
                    },
                    {
                        "x": 714.6978264389696,
                        "y": 1460.1121987574393
                    },
                    {
                        "x": 726.7614009124642,
                        "y": 1422.7426704097293
                    },
                    {
                        "x": 767.7775541223456,
                        "y": 1360.0583002780868
                    },
                    {
                        "x": 802.7619200954797,
                        "y": 1308.2231480538442
                    },
                    {
                        "x": 814.8254945689741,
                        "y": 1293.7575241773113
                    },
                    {
                        "x": 806.380992437528,
                        "y": 1278.0864316444008
                    },
                    {
                        "x": 817.2382094636731,
                        "y": 1274.4700256752674
                    },
                    {
                        "x": 825.6827115951193,
                        "y": 1280.4973689571561
                    },
                    {
                        "x": 843.7780733053611,
                        "y": 1253.9770585168458
                    },
                    {
                        "x": 855.8416477788556,
                        "y": 1229.8676853892914
                    },
                    {
                        "x": 848.6035030947586,
                        "y": 1220.2239361382694
                    },
                    {
                        "x": 852.2225754368072,
                        "y": 1205.7583122617366
                    },
                    {
                        "x": 860.6670775682531,
                        "y": 1198.5255003234702
                    },
                    {
                        "x": 865.4925073576513,
                        "y": 1191.2926883852037
                    },
                    {
                        "x": 872.730652041748,
                        "y": 1180.4434704778039
                    },
                    {
                        "x": 867.8859205331928,
                        "y": 1167.8390902067179
                    },
                    {
                        "x": 881.1558524540367,
                        "y": 1155.7844036429406
                    },
                    {
                        "x": 888.3939971381335,
                        "y": 1137.7023737972743
                    },
                    {
                        "x": 892.0130694801815,
                        "y": 1118.4148752952306
                    },
                    {
                        "x": 883.5685673487355,
                        "y": 1088.2781588857872
                    },
                    {
                        "x": 853.4096311649994,
                        "y": 1088.2781588857872
                    },
                    {
                        "x": 836.5206269021069,
                        "y": 1088.2781588857872
                    },
                    {
                        "x": 812.3934779551178,
                        "y": 1111.1820633569641
                    },
                    {
                        "x": 796.7108311395749,
                        "y": 1141.3187797664077
                    },
                    {
                        "x": 779.8218268766826,
                        "y": 1155.7844036429406
                    },
                    {
                        "x": 752.0756055876452,
                        "y": 1171.455496175851
                    },
                    {
                        "x": 721.9166694039088,
                        "y": 1189.5375260215171
                    },
                    {
                        "x": 709.8530949304144,
                        "y": 1194.3594006470282
                    },
                    {
                        "x": 689.3450183254737,
                        "y": 1199.181275272539
                    },
                    {
                        "x": 680.9005161940274,
                        "y": 1205.2086185544276
                    },
                    {
                        "x": 674.8687289572802,
                        "y": 1205.2086185544276
                    },
                    {
                        "x": 668.8369417205329,
                        "y": 1199.181275272539
                    },
                    {
                        "x": 662.8051544837858,
                        "y": 1177.4828394577398
                    },
                    {
                        "x": 643.5034353261946,
                        "y": 1167.8390902067179
                    },
                    {
                        "x": 629.0271459580011,
                        "y": 1166.63362155034
                    },
                    {
                        "x": 616.9635714845066,
                        "y": 1166.63362155034
                    },
                    {
                        "x": 602.4872821163132,
                        "y": 1170.2500275194734
                    },
                    {
                        "x": 591.2794191081391,
                        "y": 1171.5646061324599
                    },
                    {
                        "x": 579.2576516141479,
                        "y": 1180.506896180977
                    },
                    {
                        "x": 568.7092735905285,
                        "y": 1184.7156513960063
                    },
                    {
                        "x": 566.2965586958296,
                        "y": 1171.455496175851
                    },
                    {
                        "x": 590.4237076428186,
                        "y": 1158.1953409556959
                    },
                    {
                        "x": 614.5508565898077,
                        "y": 1152.1679976738073
                    },
                    {
                        "x": 638.6780055367967,
                        "y": 1150.9625290174295
                    },
                    {
                        "x": 645.9161502208934,
                        "y": 1152.1679976738073
                    },
                    {
                        "x": 655.5670097996891,
                        "y": 1161.5051872195884
                    },
                    {
                        "x": 661.6896606361311,
                        "y": 1163.2315577366985
                    },
                    {
                        "x": 662.5253140440132,
                        "y": 1158.9409700542126
                    },
                    {
                        "x": 669.4755232153358,
                        "y": 1156.4527354234367
                    },
                    {
                        "x": 672.9349501836832,
                        "y": 1158.0938554628792
                    },
                    {
                        "x": 688.9235668011887,
                        "y": 1168.6288892012458
                    },
                    {
                        "x": 697.40262627145,
                        "y": 1173.0402867060536
                    },
                    {
                        "x": 701.4503997784715,
                        "y": 1169.0887287591072
                    },
                    {
                        "x": 709.8530949304144,
                        "y": 1165.4281528939625
                    },
                    {
                        "x": 731.5675289827044,
                        "y": 1143.7297170791633
                    },
                    {
                        "x": 756.9010353770431,
                        "y": 1101.5383141059424
                    },
                    {
                        "x": 770.170967297887,
                        "y": 1070.1961290401211
                    },
                    {
                        "x": 795.5044736922255,
                        "y": 1028.0047260669005
                    },
                    {
                        "x": 824.4570524286125,
                        "y": 1003.8953529393455
                    },
                    {
                        "x": 812.3934779551178,
                        "y": 1001.4844156265902
                    },
                    {
                        "x": 797.9171885869245,
                        "y": 1001.4844156265902
                    },
                    {
                        "x": 765.3455375084893,
                        "y": 1024.388320097767
                    },
                    {
                        "x": 726.7420991933068,
                        "y": 1044.8812872561887
                    },
                    {
                        "x": 686.9323034307747,
                        "y": 1059.3469111327215
                    },
                    {
                        "x": 626.6144310633022,
                        "y": 1071.4015976964988
                    },
                    {
                        "x": 560.2647714590823,
                        "y": 1077.4289409783876
                    },
                    {
                        "x": 528.8994778279966,
                        "y": 1081.0453469475208
                    },
                    {
                        "x": 511.77244010483486,
                        "y": 1083.9602937141492
                    },
                    {
                        "x": 512.4737320688927,
                        "y": 1095.1160713267896
                    },
                    {
                        "x": 505.97868632835707,
                        "y": 1101.5383141059424
                    },
                    {
                        "x": 493.9151118548625,
                        "y": 1101.5383141059424
                    },
                    {
                        "x": 500.33935205314185,
                        "y": 1081.6584663580027
                    },
                    {
                        "x": 481.8515373813681,
                        "y": 1076.22347232201
                    },
                    {
                        "x": 468.5816054605241,
                        "y": 1056.9359738199662
                    },
                    {
                        "x": 448.1217831534771,
                        "y": 1066.8690355485185
                    },
                    {
                        "x": 440.8836384693804,
                        "y": 1086.1565340505624
                    },
                    {
                        "x": 432.43913633793414,
                        "y": 1089.7729400196956
                    },
                    {
                        "x": 422.78827675913857,
                        "y": 1092.183877332451
                    },
                    {
                        "x": 423.9946342064881,
                        "y": 1084.9510653941848
                    },
                    {
                        "x": 431.5198689710456,
                        "y": 1077.0661566905715
                    },
                    {
                        "x": 437.51444102649265,
                        "y": 1068.6973679540943
                    },
                    {
                        "x": 438.6671500554475,
                        "y": 1055.1650785859936
                    },
                    {
                        "x": 443.44352322465386,
                        "y": 1052.9678260370194
                    },
                    {
                        "x": 449.8309709577896,
                        "y": 1054.1257234353081
                    },
                    {
                        "x": 457.7726427322727,
                        "y": 1046.376068390097
                    },
                    {
                        "x": 444.39009828966925,
                        "y": 1013.6101947546807
                    },
                    {
                        "x": 448.63325284514394,
                        "y": 1007.4834692067659
                    },
                    {
                        "x": 456.4536727631636,
                        "y": 1006.990502226896
                    },
                    {
                        "x": 460.18535762697155,
                        "y": 1007.8010713860092
                    },
                    {
                        "x": 467.42350231106826,
                        "y": 1025.8831012316755
                    },
                    {
                        "x": 478.16810681545394,
                        "y": 1039.3848760964745
                    },
                    {
                        "x": 499.2230558831896,
                        "y": 1027.9874788391903
                    },
                    {
                        "x": 532.5668044679387,
                        "y": 1002.9791967604984
                    },
                    {
                        "x": 586.8528895986641,
                        "y": 968.0206057255441
                    },
                    {
                        "x": 621.8372555717982,
                        "y": 946.3221699107446
                    },
                    {
                        "x": 664.059766229029,
                        "y": 923.4182654395679
                    },
                    {
                        "x": 690.5996300707169,
                        "y": 912.5690475321682
                    },
                    {
                        "x": 697.8377747548135,
                        "y": 908.952641563035
                    },
                    {
                        "x": 711.1077066756577,
                        "y": 875.1995191844583
                    },
                    {
                        "x": 730.4094258332489,
                        "y": 859.5284266515478
                    },
                    {
                        "x": 745.6577839677462,
                        "y": 840.6266781195447
                    },
                    {
                        "x": 756.5150009938911,
                        "y": 828.5719915557675
                    },
                    {
                        "x": 763.7531456779878,
                        "y": 832.1883975249007
                    },
                    {
                        "x": 763.7531456779878,
                        "y": 841.8321467759225
                    },
                    {
                        "x": 775.8167201514824,
                        "y": 829.7774602121452
                    },
                    {
                        "x": 785.467579730278,
                        "y": 832.1883975249007
                    },
                    {
                        "x": 786.6739371776274,
                        "y": 841.8321467759225
                    },
                    {
                        "x": 775.8167201514824,
                        "y": 863.5305825907217
                    },
                    {
                        "x": 768.5785754673857,
                        "y": 875.5852691544992
                    },
                    {
                        "x": 807.1820137825682,
                        "y": 861.119645277966
                    },
                    {
                        "x": 834.9282350716056,
                        "y": 863.5305825907217
                    },
                    {
                        "x": 853.0235967818473,
                        "y": 864.7360512470996
                    },
                    {
                        "x": 884.3888904129329,
                        "y": 863.5305825907217
                    },
                    {
                        "x": 914.9716387954672,
                        "y": 861.8336202234152
                    },
                    {
                        "x": 931.7304847602715,
                        "y": 835.2667785412153
                    },
                    {
                        "x": 936.2622606489596,
                        "y": 797.2298064899462
                    },
                    {
                        "x": 925.4050436228144,
                        "y": 780.3532453006579
                    }
                ],
                "resin": 2,
                "browning": true
            }
        ],
        "object_id": "A_a02_A_3_1_22-09-29-09-12-1021"
    },
    "Metadata": {
        "Images": {
            "object_id": "A_a02_A_3_1_22-09-29-09-12-1021",
            "path": "1.Traning_원천데이터_꽃_미수정암꽃",
            "width": 2000,
            "height": 1500
        },
        "environment": {
            "area_id": "A",
            "hemp_id": "A_a02_A_3",
            "area_temp": 26.5,
            "area_hum": 80,
            "area_co2": 229,
            "area_Illum": 460,
            "water_temp": 23.2,
            "water_ec": 2.4,
            "water_ph": 5.1
        },
        "Growth Info": {
            "period": 90,
            "length": 79.4,
            "node_number": 21,
            "node_length": 3.7,
            "root_round": 19
        }
    }
}