{
    "annotations": {
        "label": {
            "category": 1
        },
        "polygon": [
            {
                "type": "POLYGON",
                "vertices": [
                    {
                        "x": 921.2266953622826,
                        "y": 961.833265941449
                    },
                    {
                        "x": 932.9737010466667,
                        "y": 978.0705428902995
                    },
                    {
                        "x": 920.1079329161507,
                        "y": 1017.2639700082149
                    },
                    {
                        "x": 884.3075346399321,
                        "y": 1066.5357069564511
                    },
                    {
                        "x": 839.5570367946586,
                        "y": 1120.2866927181633
                    },
                    {
                        "x": 816.06302542589,
                        "y": 1134.8442513619607
                    },
                    {
                        "x": 798.7222075108466,
                        "y": 1143.242842887228
                    },
                    {
                        "x": 790.3314891648578,
                        "y": 1155.0008710226025
                    },
                    {
                        "x": 795.365920172451,
                        "y": 1161.1598381411322
                    },
                    {
                        "x": 812.7067380874946,
                        "y": 1149.4018100057576
                    },
                    {
                        "x": 845.1508490253178,
                        "y": 1135.9640635653295
                    },
                    {
                        "x": 871.4417665094159,
                        "y": 1102.3696974642594
                    },
                    {
                        "x": 919.5485516930847,
                        "y": 1051.978148312654
                    },
                    {
                        "x": 941.9238006157216,
                        "y": 1021.7432188216909
                    },
                    {
                        "x": 963.1802870922264,
                        "y": 983.1096978054601
                    },
                    {
                        "x": 978.8429613380722,
                        "y": 966.8724208566094
                    },
                    {
                        "x": 978.2835801150062,
                        "y": 983.1096978054601
                    },
                    {
                        "x": 965.977193207556,
                        "y": 1051.4182422109695
                    },
                    {
                        "x": 977.1648176688743,
                        "y": 1069.895143566558
                    },
                    {
                        "x": 998.9806853684452,
                        "y": 1086.1324205154087
                    },
                    {
                        "x": 991.1493482455223,
                        "y": 1102.9296035659438
                    },
                    {
                        "x": 955.3489499693036,
                        "y": 1140.4433123788056
                    },
                    {
                        "x": 928.4986512621396,
                        "y": 1157.2404954293409
                    },
                    {
                        "x": 917.8704080238871,
                        "y": 1166.198993056293
                    },
                    {
                        "x": 921.7860765853485,
                        "y": 1172.9178662765069
                    },
                    {
                        "x": 930.1767949313373,
                        "y": 1174.0376784798757
                    },
                    {
                        "x": 945.839469177183,
                        "y": 1158.920213734394
                    },
                    {
                        "x": 978.8429613380722,
                        "y": 1134.8442513619607
                    },
                    {
                        "x": 996.1837792531156,
                        "y": 1121.966411023217
                    },
                    {
                        "x": 1007.9307849375,
                        "y": 1089.4918571255157
                    },
                    {
                        "x": 1030.3060338601365,
                        "y": 1102.9296035659438
                    },
                    {
                        "x": 1049.3249954443777,
                        "y": 1106.2890401760508
                    },
                    {
                        "x": 1067.2251945824871,
                        "y": 1104.0494157693129
                    },
                    {
                        "x": 1076.175294151542,
                        "y": 1096.2107303457299
                    },
                    {
                        "x": 1101.906830412574,
                        "y": 1134.8442513619607
                    },
                    {
                        "x": 1125.4008417813425,
                        "y": 1158.3603076327097
                    },
                    {
                        "x": 1168.270843508227,
                        "y": 1180.1406178970622
                    },
                    {
                        "x": 1192.5106965077503,
                        "y": 1190.4055630946114
                    },
                    {
                        "x": 1198.570659757631,
                        "y": 1199.7373314560198
                    },
                    {
                        "x": 1207.4275291228412,
                        "y": 1199.2707430379492
                    },
                    {
                        "x": 1209.7582842189493,
                        "y": 1187.1394441681184
                    },
                    {
                        "x": 1201.833716892182,
                        "y": 1175.4747337163578
                    },
                    {
                        "x": 1178.9923169503238,
                        "y": 1166.60955377302
                    },
                    {
                        "x": 1191.1122434500855,
                        "y": 1140.947190779147
                    },
                    {
                        "x": 1192.0445454885285,
                        "y": 1132.082010835809
                    },
                    {
                        "x": 1187.849186315534,
                        "y": 1127.4161266551048
                    },
                    {
                        "x": 1178.0600149118804,
                        "y": 1122.7502424744005
                    },
                    {
                        "x": 1173.3985047196645,
                        "y": 1111.5521204407105
                    },
                    {
                        "x": 1171.5339006427782,
                        "y": 1106.8862362600062
                    },
                    {
                        "x": 1164.0754843352327,
                        "y": 1112.9518856949217
                    },
                    {
                        "x": 1162.6770312775677,
                        "y": 1123.2168308924709
                    },
                    {
                        "x": 1167.3385414697839,
                        "y": 1137.6810718526538
                    },
                    {
                        "x": 1177.1277128734375,
                        "y": 1139.5474255249355
                    },
                    {
                        "x": 1169.6692965658917,
                        "y": 1161.4770811742453
                    },
                    {
                        "x": 1134.7079701242722,
                        "y": 1137.2144834345836
                    },
                    {
                        "x": 1095.085133490436,
                        "y": 1087.2895227010486
                    },
                    {
                        "x": 1076.9052437407938,
                        "y": 1039.697504057866
                    },
                    {
                        "x": 1075.506790683129,
                        "y": 1019.6342020808377
                    },
                    {
                        "x": 1083.431358009896,
                        "y": 1005.6365495387253
                    },
                    {
                        "x": 1089.0251702405553,
                        "y": 993.5052506688944
                    },
                    {
                        "x": 1096.4835865481007,
                        "y": 976.7080676183591
                    },
                    {
                        "x": 1110.9342681439705,
                        "y": 976.7080676183591
                    },
                    {
                        "x": 1115.1296273169648,
                        "y": 990.7057201604717
                    },
                    {
                        "x": 1138.4371782780447,
                        "y": 1021.5005557531194
                    },
                    {
                        "x": 1154.7524639508008,
                        "y": 1052.7619797638374
                    },
                    {
                        "x": 1159.4139741430167,
                        "y": 1064.8932786336686
                    },
                    {
                        "x": 1163.609333316011,
                        "y": 1065.8264554698094
                    },
                    {
                        "x": 1170.601598604335,
                        "y": 1057.8944523626121
                    },
                    {
                        "x": 1196.2399046615228,
                        "y": 1077.9577543396401
                    },
                    {
                        "x": 1224.2089658148188,
                        "y": 1088.2226995371893
                    },
                    {
                        "x": 1238.6596474106882,
                        "y": 1093.8217605540344
                    },
                    {
                        "x": 1236.795043333802,
                        "y": 1105.4864710057948
                    },
                    {
                        "x": 1227.47202294937,
                        "y": 1113.418474112992
                    },
                    {
                        "x": 1227.9381739685916,
                        "y": 1118.5509467117668
                    },
                    {
                        "x": 1237.2611943530235,
                        "y": 1116.2180046214146
                    },
                    {
                        "x": 1244.2534596413475,
                        "y": 1110.6189436045695
                    },
                    {
                        "x": 1249.8472718720068,
                        "y": 1100.3539984070203
                    },
                    {
                        "x": 1283.4101452559617,
                        "y": 1120.4173003840483
                    },
                    {
                        "x": 1308.5823002939283,
                        "y": 1147.9460170502032
                    },
                    {
                        "x": 1328.626794120457,
                        "y": 1160.5439043381045
                    },
                    {
                        "x": 1337.0175124664456,
                        "y": 1175.9413221344282
                    },
                    {
                        "x": 1337.483663485667,
                        "y": 1193.2050936030337
                    },
                    {
                        "x": 1340.7467206202184,
                        "y": 1198.8041546198788
                    },
                    {
                        "x": 1348.6712879469856,
                        "y": 1196.9378009475972
                    },
                    {
                        "x": 1350.0697410046503,
                        "y": 1184.3399136596956
                    },
                    {
                        "x": 1347.2728348893206,
                        "y": 1161.0104927561747
                    },
                    {
                        "x": 1330.4913981973432,
                        "y": 1144.6798981237102
                    },
                    {
                        "x": 1308.1161492747065,
                        "y": 1123.2168308924709
                    },
                    {
                        "x": 1283.8762962751834,
                        "y": 1102.220352079302
                    },
                    {
                        "x": 1257.771839198774,
                        "y": 1090.089053209471
                    },
                    {
                        "x": 1249.8472718720068,
                        "y": 1081.6904616842037
                    },
                    {
                        "x": 1256.8395371603308,
                        "y": 1053.6951565999784
                    },
                    {
                        "x": 1266.1625575447626,
                        "y": 1035.0316198771616
                    },
                    {
                        "x": 1269.8917656985354,
                        "y": 1022.9003210073307
                    },
                    {
                        "x": 1290.4024105442857,
                        "y": 1034.5650314590912
                    },
                    {
                        "x": 1318.3714716975817,
                        "y": 1055.56151027226
                    },
                    {
                        "x": 1335.619059408781,
                        "y": 1062.093748125246
                    },
                    {
                        "x": 1365.452724638963,
                        "y": 1085.8897574468372
                    },
                    {
                        "x": 1385.9633694847134,
                        "y": 1102.220352079302
                    },
                    {
                        "x": 1391.5571817153727,
                        "y": 1097.0878794805274
                    },
                    {
                        "x": 1388.2941245808213,
                        "y": 1084.9565806106964
                    },
                    {
                        "x": 1371.0465368696223,
                        "y": 1073.7584585770064
                    },
                    {
                        "x": 1330.957549216565,
                        "y": 1045.296565074711
                    },
                    {
                        "x": 1291.8008636019506,
                        "y": 1015.4349063182041
                    },
                    {
                        "x": 1251.711875948893,
                        "y": 964.110180330458
                    },
                    {
                        "x": 1233.9981372184723,
                        "y": 928.649460557106
                    },
                    {
                        "x": 1260.156006623568,
                        "y": 941.3561618088177
                    },
                    {
                        "x": 1277.3129538588073,
                        "y": 945.2443986260712
                    },
                    {
                        "x": 1308.7134044591512,
                        "y": 941.0321420740466
                    },
                    {
                        "x": 1316.806304098415,
                        "y": 930.0154710918283
                    },
                    {
                        "x": 1321.985759867544,
                        "y": 911.8703659446454
                    },
                    {
                        "x": 1329.7549435212372,
                        "y": 894.6973200017758
                    },
                    {
                        "x": 1336.8766952037895,
                        "y": 884.976727958642
                    },
                    {
                        "x": 1343.9984468863415,
                        "y": 872.3399583025682
                    },
                    {
                        "x": 1352.0913465256053,
                        "y": 877.5242740589061
                    },
                    {
                        "x": 1356.9470863091638,
                        "y": 872.3399583025682
                    },
                    {
                        "x": 1351.1201985688938,
                        "y": 864.8875044028324
                    },
                    {
                        "x": 1317.1300200839855,
                        "y": 850.3066163381317
                    },
                    {
                        "x": 1303.8576646755928,
                        "y": 839.9379848254557
                    },
                    {
                        "x": 1319.3960319829794,
                        "y": 838.9659256211423
                    },
                    {
                        "x": 1330.7260914779488,
                        "y": 837.3458269472867
                    },
                    {
                        "x": 1318.4248840262678,
                        "y": 831.5134717214065
                    },
                    {
                        "x": 1326.5177836655316,
                        "y": 818.2286625957903
                    },
                    {
                        "x": 1329.107511550096,
                        "y": 799.111498244294
                    },
                    {
                        "x": 1325.54663570882,
                        "y": 792.6311035488715
                    },
                    {
                        "x": 1321.3383278964027,
                        "y": 783.8825707100513
                    },
                    {
                        "x": 1332.668387391372,
                        "y": 778.0502154841708
                    },
                    {
                        "x": 1344.3221628719123,
                        "y": 780.3183536275689
                    },
                    {
                        "x": 1353.7099264534581,
                        "y": 781.9384523014244
                    },
                    {
                        "x": 1360.1842461648694,
                        "y": 777.4021760146286
                    },
                    {
                        "x": 1349.8253346266117,
                        "y": 769.9497221148928
                    },
                    {
                        "x": 1335.2581152759367,
                        "y": 769.6257023801217
                    },
                    {
                        "x": 1317.7774520551266,
                        "y": 774.4859984016886
                    },
                    {
                        "x": 1294.7936170796174,
                        "y": 791.3350246097871
                    },
                    {
                        "x": 1309.0371204447217,
                        "y": 762.821287949928
                    },
                    {
                        "x": 1319.3960319829794,
                        "y": 741.7600051898049
                    },
                    {
                        "x": 1324.8992037376788,
                        "y": 724.5869592469353
                    },
                    {
                        "x": 1361.802826092722,
                        "y": 724.2629395121643
                    },
                    {
                        "x": 1388.9949688806485,
                        "y": 726.5310776555621
                    },
                    {
                        "x": 1413.9210997695814,
                        "y": 725.8830381860199
                    },
                    {
                        "x": 1442.0843905142194,
                        "y": 713.8943079994883
                    },
                    {
                        "x": 1450.8247221246245,
                        "y": 709.0340119779214
                    },
                    {
                        "x": 1469.923965273287,
                        "y": 720.0506829601395
                    },
                    {
                        "x": 1481.2540247682566,
                        "y": 718.7546040210551
                    },
                    {
                        "x": 1492.9078002487968,
                        "y": 709.3580317126925
                    },
                    {
                        "x": 1486.1097645518148,
                        "y": 706.1178343649813
                    },
                    {
                        "x": 1469.2765333021462,
                        "y": 702.2295975477277
                    },
                    {
                        "x": 1454.06188198033,
                        "y": 694.4531239132207
                    },
                    {
                        "x": 1416.8345436397162,
                        "y": 685.7045910744005
                    },
                    {
                        "x": 1393.2032766930656,
                        "y": 687.324689748256
                    },
                    {
                        "x": 1362.1265420782925,
                        "y": 689.5928278916539
                    },
                    {
                        "x": 1333.9632513336544,
                        "y": 693.8050844436784
                    },
                    {
                        "x": 1343.3510149152003,
                        "y": 683.1124331962314
                    },
                    {
                        "x": 1347.2356067420471,
                        "y": 674.363900357411
                    },
                    {
                        "x": 1340.761287030636,
                        "y": 672.4197819487842
                    },
                    {
                        "x": 1332.668387391372,
                        "y": 676.3080187660378
                    },
                    {
                        "x": 1326.194067679961,
                        "y": 685.3805713396292
                    },
                    {
                        "x": 1319.0723159974089,
                        "y": 697.6933212609321
                    },
                    {
                        "x": 1282.1686936423657,
                        "y": 706.7658738345235
                    },
                    {
                        "x": 1230.3741359510768,
                        "y": 705.469794895439
                    },
                    {
                        "x": 1191.851933668181,
                        "y": 713.5702882647171
                    },
                    {
                        "x": 1198.3262533795921,
                        "y": 701.5815580781855
                    },
                    {
                        "x": 1243.9702073450403,
                        "y": 679.548216113749
                    },
                    {
                        "x": 1287.024433425924,
                        "y": 651.3584991886612
                    },
                    {
                        "x": 1315.8351561417032,
                        "y": 628.3530980199114
                    },
                    {
                        "x": 1343.3510149152003,
                        "y": 604.051617912077
                    },
                    {
                        "x": 1360.8316781360102,
                        "y": 596.9231837471123
                    },
                    {
                        "x": 1374.7514655155442,
                        "y": 602.7555389729924
                    },
                    {
                        "x": 1384.1392290970903,
                        "y": 605.9957363207038
                    },
                    {
                        "x": 1392.8795607074953,
                        "y": 605.9957363207038
                    },
                    {
                        "x": 1403.5621882313235,
                        "y": 596.9231837471123
                    },
                    {
                        "x": 1400.6487443611884,
                        "y": 589.1467101126053
                    },
                    {
                        "x": 1391.9084127507836,
                        "y": 589.7947495821476
                    },
                    {
                        "x": 1378.9597733279613,
                        "y": 589.1467101126053
                    },
                    {
                        "x": 1360.8316781360102,
                        "y": 582.0182759476405
                    },
                    {
                        "x": 1346.2644587853354,
                        "y": 585.906512764894
                    },
                    {
                        "x": 1309.0371204447215,
                        "y": 610.2079928727284
                    },
                    {
                        "x": 1258.2137107101446,
                        "y": 646.4982031670944
                    },
                    {
                        "x": 1184.4064660000581,
                        "y": 683.4364529310026
                    },
                    {
                        "x": 1207.066584989997,
                        "y": 658.8109530883971
                    },
                    {
                        "x": 1233.6112958067824,
                        "y": 631.5932953676227
                    },
                    {
                        "x": 1246.5599352296047,
                        "y": 613.1241704856685
                    },
                    {
                        "x": 1249.79709508531,
                        "y": 603.4035784425348
                    },
                    {
                        "x": 1249.79709508531,
                        "y": 594.6550456037144
                    },
                    {
                        "x": 1250.1208110708808,
                        "y": 586.2305324996652
                    },
                    {
                        "x": 1243.6464913594696,
                        "y": 590.4427890516897
                    },
                    {
                        "x": 1237.8196036191996,
                        "y": 602.4315192382214
                    },
                    {
                        "x": 1230.0504199655063,
                        "y": 610.5320126074995
                    },
                    {
                        "x": 1214.5120526581197,
                        "y": 615.0682888942952
                    },
                    {
                        "x": 1202.5345611920093,
                        "y": 623.1687822635733
                    },
                    {
                        "x": 1194.4416615527452,
                        "y": 635.4815321848762
                    },
                    {
                        "x": 1184.0827500144876,
                        "y": 635.157512450105
                    },
                    {
                        "x": 1169.191814678242,
                        "y": 625.1129006722
                    },
                    {
                        "x": 1148.797707587297,
                        "y": 607.9398547293305
                    },
                    {
                        "x": 1125.8138726117877,
                        "y": 594.3310258689432
                    },
                    {
                        "x": 1101.8588896795668,
                        "y": 588.498670643063
                    },
                    {
                        "x": 1077.2564747762046,
                        "y": 588.1746509082918
                    },
                    {
                        "x": 1057.8335156419714,
                        "y": 604.6996573816192
                    },
                    {
                        "x": 1047.150888118143,
                        "y": 581.6942562128694
                    },
                    {
                        "x": 1034.849680666462,
                        "y": 575.2138615174468
                    },
                    {
                        "x": 1020.9298932869282,
                        "y": 581.3702364780983
                    },
                    {
                        "x": 1014.4555735755171,
                        "y": 597.8952429514256
                    },
                    {
                        "x": 1012.5132776620939,
                        "y": 612.8001507508973
                    },
                    {
                        "x": 1008.9524018208177,
                        "y": 621.2246638549466
                    },
                    {
                        "x": 1011.5421297053821,
                        "y": 633.2133940414782
                    },
                    {
                        "x": 1016.3978694889405,
                        "y": 641.9619268802986
                    },
                    {
                        "x": 1023.5196211714925,
                        "y": 651.6825189234323
                    },
                    {
                        "x": 998.9172062681305,
                        "y": 653.626637332059
                    },
                    {
                        "x": 977.5519512204739,
                        "y": 662.0511504361082
                    },
                    {
                        "x": 966.8693236966457,
                        "y": 669.8276240706152
                    },
                    {
                        "x": 956.8341281439583,
                        "y": 650.710459719119
                    },
                    {
                        "x": 937.7348849952957,
                        "y": 614.4202494247529
                    },
                    {
                        "x": 923.1676656446207,
                        "y": 577.4819996608447
                    },
                    {
                        "x": 923.1676656446207,
                        "y": 544.7560064489611
                    },
                    {
                        "x": 917.9882098754917,
                        "y": 517.5383487281866
                    },
                    {
                        "x": 904.3921384815286,
                        "y": 486.4324541901587
                    },
                    {
                        "x": 890.1486351164242,
                        "y": 483.8402963119897
                    },
                    {
                        "x": 883.9980313905836,
                        "y": 487.4045133944721
                    },
                    {
                        "x": 893.3857949721297,
                        "y": 502.957460663486
                    },
                    {
                        "x": 903.420990524817,
                        "y": 526.286881567007
                    },
                    {
                        "x": 906.981866366093,
                        "y": 570.0295457611088
                    },
                    {
                        "x": 908.6004462939458,
                        "y": 597.5712232166545
                    },
                    {
                        "x": 917.6644938899212,
                        "y": 624.4648612026577
                    },
                    {
                        "x": 924.4625295869029,
                        "y": 642.6099663498408
                    },
                    {
                        "x": 915.0747660053569,
                        "y": 652.3305583929745
                    },
                    {
                        "x": 914.1036180486452,
                        "y": 667.5594859272175
                    },
                    {
                        "x": 919.6067898033446,
                        "y": 686.0286108091715
                    },
                    {
                        "x": 940.0008968942896,
                        "y": 719.7266632253685
                    },
                    {
                        "x": 965.5744597543634,
                        "y": 743.0560841288896
                    },
                    {
                        "x": 983.7025549463143,
                        "y": 755.3688340501922
                    },
                    {
                        "x": 930.936849298314,
                        "y": 750.1845182938541
                    },
                    {
                        "x": 910.5427422073691,
                        "y": 742.0840249245762
                    },
                    {
                        "x": 891.1197830731359,
                        "y": 724.9109789817065
                    },
                    {
                        "x": 880.4371555493075,
                        "y": 716.1624461428861
                    },
                    {
                        "x": 849.824954182761,
                        "y": 703.4298233123925
                    },
                    {
                        "x": 829.7804603562323,
                        "y": 683.8331097534349
                    },
                    {
                        "x": 810.6682685681468,
                        "y": 669.8354572113224
                    },
                    {
                        "x": 795.7514359530556,
                        "y": 663.7698077764069
                    },
                    {
                        "x": 787.3607176070669,
                        "y": 669.8354572113224
                    },
                    {
                        "x": 808.3375134720387,
                        "y": 692.6982896967729
                    },
                    {
                        "x": 852.155709278869,
                        "y": 720.2270063629277
                    },
                    {
                        "x": 874.9971092207273,
                        "y": 736.5576009953922
                    },
                    {
                        "x": 891.3123948934832,
                        "y": 751.4884303736458
                    },
                    {
                        "x": 906.695378527796,
                        "y": 759.8870218989132
                    },
                    {
                        "x": 937.927496815643,
                        "y": 789.7486806554201
                    },
                    {
                        "x": 912.2759473905365,
                        "y": 786.2803425051175
                    },
                    {
                        "x": 850.1224781609901,
                        "y": 769.9497478726528
                    },
                    {
                        "x": 756.8922743166705,
                        "y": 778.1150451888851
                    },
                    {
                        "x": 743.2962029227072,
                        "y": 773.449161008181
                    },
                    {
                        "x": 733.9731825382752,
                        "y": 757.1185663757163
                    },
                    {
                        "x": 726.203998884582,
                        "y": 758.2850374208924
                    },
                    {
                        "x": 729.7001315287439,
                        "y": 774.615632053357
                    },
                    {
                        "x": 728.9232131633745,
                        "y": 782.0032820061388
                    },
                    {
                        "x": 686.1927030680614,
                        "y": 782.0032820061388
                    },
                    {
                        "x": 632.196876674893,
                        "y": 770.7273952361036
                    },
                    {
                        "x": 603.0624379735431,
                        "y": 754.0079769219135
                    },
                    {
                        "x": 585.9702339354178,
                        "y": 733.7891454721954
                    },
                    {
                        "x": 582.270161191066,
                        "y": 701.2462266069978
                    },
                    {
                        "x": 567.7262493913522,
                        "y": 692.2877289800457
                    },
                    {
                        "x": 563.2511996068248,
                        "y": 696.7669777935217
                    },
                    {
                        "x": 568.845011837484,
                        "y": 719.7231279625863
                    },
                    {
                        "x": 578.9138738526706,
                        "y": 753.877400165341
                    },
                    {
                        "x": 597.9328354369118,
                        "y": 773.4741137242987
                    },
                    {
                        "x": 628.1394214824713,
                        "y": 787.4717662664112
                    },
                    {
                        "x": 678.4235194143681,
                        "y": 796.3897582299765
                    },
                    {
                        "x": 716.1040601347806,
                        "y": 796.3897582299765
                    },
                    {
                        "x": 697.0695601832319,
                        "y": 814.6644712710679
                    },
                    {
                        "x": 688.911917346854,
                        "y": 828.6621238131804
                    },
                    {
                        "x": 638.4122235978476,
                        "y": 824.773886995927
                    },
                    {
                        "x": 615.1046726367676,
                        "y": 828.6621238131804
                    },
                    {
                        "x": 602.2855196081737,
                        "y": 834.883302720786
                    },
                    {
                        "x": 596.4586318679038,
                        "y": 839.9380105832155
                    },
                    {
                        "x": 598.7893869640118,
                        "y": 844.9927184456451
                    },
                    {
                        "x": 605.393193069651,
                        "y": 843.0486000370183
                    },
                    {
                        "x": 624.8161522038844,
                        "y": 835.6609500842368
                    },
                    {
                        "x": 652.3967541744955,
                        "y": 839.1603632197649
                    },
                    {
                        "x": 695.904182635178,
                        "y": 845.7703658090959
                    },
                    {
                        "x": 718.8232744135732,
                        "y": 850.4362499898
                    },
                    {
                        "x": 724.6501621538432,
                        "y": 855.879781533955
                    },
                    {
                        "x": 746.7923355668693,
                        "y": 853.5468394436028
                    },
                    {
                        "x": 772.4306416240571,
                        "y": 850.8250736715254
                    },
                    {
                        "x": 799.6227844119837,
                        "y": 861.3233130781098
                    },
                    {
                        "x": 812.053478257893,
                        "y": 871.0439051212436
                    },
                    {
                        "x": 813.9957741713163,
                        "y": 883.0974392547294
                    },
                    {
                        "x": 808.557345613731,
                        "y": 888.5409707988844
                    },
                    {
                        "x": 804.6727537868843,
                        "y": 895.5397970699406
                    },
                    {
                        "x": 781.753662008489,
                        "y": 897.8727391602927
                    },
                    {
                        "x": 749.9000090283465,
                        "y": 904.4827417496235
                    },
                    {
                        "x": 720.7655703269966,
                        "y": 921.5909837455391
                    },
                    {
                        "x": 678.8119785970528,
                        "y": 948.0309941028628
                    },
                    {
                        "x": 673.7620092221521,
                        "y": 952.6968782835669
                    },
                    {
                        "x": 675.3158459528909,
                        "y": 958.1404098277219
                    },
                    {
                        "x": 680.7542745104761,
                        "y": 958.5292335094473
                    },
                    {
                        "x": 682.6965704238994,
                        "y": 953.0857019652923
                    },
                    {
                        "x": 703.6733662888714,
                        "y": 945.3092283307852
                    },
                    {
                        "x": 731.6424274421672,
                        "y": 928.9786336983206
                    },
                    {
                        "x": 755.7268967686165,
                        "y": 919.6468653369124
                    },
                    {
                        "x": 748.3461722976078,
                        "y": 934.0333415607503
                    },
                    {
                        "x": 755.3384375859317,
                        "y": 943.753933603884
                    },
                    {
                        "x": 774.3729375374804,
                        "y": 948.8086414663135
                    },
                    {
                        "x": 784.4728762872818,
                        "y": 947.253346739412
                    },
                    {
                        "x": 801.1766211427223,
                        "y": 939.0880494231797
                    },
                    {
                        "x": 824.4841721038022,
                        "y": 919.258041655187
                    },
                    {
                        "x": 834.5841108536035,
                        "y": 915.3698048379334
                    },
                    {
                        "x": 852.453233257098,
                        "y": 916.9250995648348
                    },
                    {
                        "x": 866.0493046510613,
                        "y": 916.9250995648348
                    },
                    {
                        "x": 880.8107535930786,
                        "y": 911.0927443389546
                    },
                    {
                        "x": 895.1837433524113,
                        "y": 902.1497996592716
                    },
                    {
                        "x": 915.3836208520139,
                        "y": 897.8727391602927
                    },
                    {
                        "x": 930.1450697940311,
                        "y": 893.9845023430393
                    },
                    {
                        "x": 938.3027126304091,
                        "y": 887.3744997537083
                    },
                    {
                        "x": 946.0718962841024,
                        "y": 871.8215524846943
                    },
                    {
                        "x": 950.7334064763184,
                        "y": 859.3791946694832
                    },
                    {
                        "x": 969.3794472451823,
                        "y": 851.9915447167015
                    },
                    {
                        "x": 979.4793859949837,
                        "y": 862.8786078050113
                    },
                    {
                        "x": 989.9677839274696,
                        "y": 866.7668446222647
                    },
                    {
                        "x": 1007.4484471482795,
                        "y": 859.3791946694832
                    },
                    {
                        "x": 1005.5061512348561,
                        "y": 896.7062681151167
                    },
                    {
                        "x": 1004.7292328694867,
                        "y": 907.9821548851518
                    },
                    {
                        "x": 995.7946716677395,
                        "y": 917.7027469282856
                    },
                    {
                        "x": 970.9332839759209,
                        "y": 918.4803942917363
                    },
                    {
                        "x": 949.5680289282644,
                        "y": 898.2615628420182
                    },
                    {
                        "x": 937.5257942650397,
                        "y": 894.3733260247645
                    },
                    {
                        "x": 925.4835596018153,
                        "y": 899.4280338871943
                    },
                    {
                        "x": 928.9796922459772,
                        "y": 908.3709785668772
                    },
                    {
                        "x": 944.1296003706791,
                        "y": 915.7586285196588
                    },
                    {
                        "x": 947.6257330148411,
                        "y": 929.367457380046
                    },
                    {
                        "x": 947.2372738321563,
                        "y": 960.8621755997995
                    },
                    {
                        "x": 944.5180595533636,
                        "y": 968.2498255525809
                    },
                    {
                        "x": 928.9796922459772,
                        "y": 941.4209915135318
                    },
                    {
                        "x": 921.987426957653,
                        "y": 920.0356890186375
                    },
                    {
                        "x": 915.7720800346985,
                        "y": 918.4803942917363
                    },
                    {
                        "x": 912.2759473905364,
                        "y": 925.0903968810671
                    },
                    {
                        "x": 920.8220494095991,
                        "y": 946.4756993759615
                    },
                    {
                        "x": 913.0528657559058,
                        "y": 955.029820373919
                    },
                    {
                        "x": 876.1492434008627,
                        "y": 963.5839413718768
                    },
                    {
                        "x": 786.2578472024372,
                        "y": 994.6992356787532
                    },
                    {
                        "x": 758.8481672722073,
                        "y": 991.8997051703307
                    },
                    {
                        "x": 733.6760122342409,
                        "y": 988.5402685602236
                    },
                    {
                        "x": 721.3696253267908,
                        "y": 994.1393295770687
                    },
                    {
                        "x": 717.4539567653294,
                        "y": 1001.4181088989673
                    },
                    {
                        "x": 718.5727192114612,
                        "y": 1008.6968882208658
                    },
                    {
                        "x": 727.5228187805159,
                        "y": 1008.6968882208658
                    },
                    {
                        "x": 734.2353934573069,
                        "y": 1002.5379211023363
                    },
                    {
                        "x": 762.2044546106027,
                        "y": 1002.5379211023363
                    },
                    {
                        "x": 787.935990871635,
                        "y": 1004.7775455090742
                    },
                    {
                        "x": 817.0238144710627,
                        "y": 996.3789539838067
                    },
                    {
                        "x": 852.8242127472815,
                        "y": 984.6209258484322
                    },
                    {
                        "x": 895.9606617177803,
                        "y": 970.582767642933
                    }
                ],
                "resin": 1,
                "browning": false
            }
        ],
        "object_id": "A_a11_A_1_1_22-09-06-10-06-1010"
    },
    "Metadata": {
        "Images": {
            "object_id": "A_a11_A_1_1_22-09-06-10-06-1010",
            "path": "1.Traning_원천데이터_마디_미수정암꽃",
            "width": 2000,
            "height": 1500
        },
        "environment": {
            "area_id": "A",
            "hemp_id": "A_a11_A_1",
            "area_temp": 25.5,
            "area_hum": 78.1,
            "area_co2": 307,
            "area_Illum": 365,
            "water_temp": 24.8,
            "water_ec": 2.7,
            "water_ph": 4.8
        },
        "Growth Info": {
            "period": 67,
            "length": 57.2,
            "node_number": 19,
            "node_length": 3,
            "root_round": 21.4
        }
    }
}