{
    "annotations": {
        "label": {
            "category": 1
        },
        "polygon": [
            {
                "type": "POLYGON",
                "vertices": [
                    {
                        "x": 1018.1045462549924,
                        "y": 467.85687546498093
                    },
                    {
                        "x": 1017.3980020347899,
                        "y": 474.20985660294485
                    },
                    {
                        "x": 1020.2242759483846,
                        "y": 485.50402644344746
                    },
                    {
                        "x": 1023.0505498619788,
                        "y": 498.9158970544377
                    },
                    {
                        "x": 1025.8768237755733,
                        "y": 515.151279832179
                    },
                    {
                        "x": 1030.1162346459648,
                        "y": 526.4454739073813
                    },
                    {
                        "x": 1035.768830989546,
                        "y": 539.151436183309
                    },
                    {
                        "x": 1040.0082418599372,
                        "y": 546.2103014216356
                    },
                    {
                        "x": 1050.6067932941125,
                        "y": 570.2104577727657
                    },
                    {
                        "x": 1059.7923048042749,
                        "y": 587.8576087512322
                    },
                    {
                        "x": 1068.9776707652604,
                        "y": 572.3281100738537
                    },
                    {
                        "x": 1078.869677979233,
                        "y": 554.6809348606874
                    },
                    {
                        "x": 1093.0010960635973,
                        "y": 539.8573202836717
                    },
                    {
                        "x": 1103.5996474977724,
                        "y": 527.8572421081066
                    },
                    {
                        "x": 1115.611384405137,
                        "y": 517.9748162336296
                    },
                    {
                        "x": 1125.5033431027175,
                        "y": 517.2689321332668
                    },
                    {
                        "x": 1130.449395226096,
                        "y": 517.2689321332668
                    },
                    {
                        "x": 1132.5690764030956,
                        "y": 526.4454739073813
                    },
                    {
                        "x": 1136.8084872734873,
                        "y": 515.8571639325415
                    },
                    {
                        "x": 1136.8084872734873,
                        "y": 506.680646393127
                    },
                    {
                        "x": 1139.6347611870815,
                        "y": 498.9158970544377
                    },
                    {
                        "x": 1141.7544908804737,
                        "y": 495.3864765526243
                    },
                    {
                        "x": 1146.70049448746,
                        "y": 498.9158970544377
                    },
                    {
                        "x": 1146.70049448746,
                        "y": 507.3865304934896
                    },
                    {
                        "x": 1143.8742205738654,
                        "y": 516.563072267604
                    },
                    {
                        "x": 1143.8742205738654,
                        "y": 521.5042609701427
                    },
                    {
                        "x": 1137.5151285264742,
                        "y": 530.6808027442571
                    },
                    {
                        "x": 1136.8084872734873,
                        "y": 539.151436183309
                    },
                    {
                        "x": 1164.364779222013,
                        "y": 528.5631262084693
                    },
                    {
                        "x": 1185.5619306067556,
                        "y": 525.033705706656
                    },
                    {
                        "x": 1197.5736675141202,
                        "y": 530.6808027442571
                    },
                    {
                        "x": 1188.38820452035,
                        "y": 532.7984550453451
                    },
                    {
                        "x": 1177.7896045697828,
                        "y": 533.5043391457078
                    },
                    {
                        "x": 1172.1370567425938,
                        "y": 542.6808566851224
                    },
                    {
                        "x": 1165.0713234422155,
                        "y": 543.3867407854851
                    },
                    {
                        "x": 1159.4187756150268,
                        "y": 543.3867407854851
                    },
                    {
                        "x": 1146.70049448746,
                        "y": 551.1515143588741
                    },
                    {
                        "x": 1140.3413539236765,
                        "y": 559.6221477979259
                    },
                    {
                        "x": 1130.449395226096,
                        "y": 567.3868971366152
                    },
                    {
                        "x": 1119.1442025389338,
                        "y": 573.7398782745792
                    },
                    {
                        "x": 1110.6653807981506,
                        "y": 586.445840550507
                    },
                    {
                        "x": 1102.1865590573677,
                        "y": 594.9164982242586
                    },
                    {
                        "x": 1097.9470996705836,
                        "y": 602.6812475629478
                    },
                    {
                        "x": 1095.1208257569892,
                        "y": 610.445996901637
                    },
                    {
                        "x": 1099.8894957330492,
                        "y": 624.932677375669
                    },
                    {
                        "x": 1100.6602240665345,
                        "y": 638.4158406754674
                    },
                    {
                        "x": 1102.129935782153,
                        "y": 649.931391829411
                    },
                    {
                        "x": 1107.9315541190542,
                        "y": 659.7744682053755
                    },
                    {
                        "x": 1119.1442025389338,
                        "y": 648.5638837294205
                    },
                    {
                        "x": 1145.9939017508652,
                        "y": 609.7401128012744
                    },
                    {
                        "x": 1160.1253683516215,
                        "y": 589.9752852870198
                    },
                    {
                        "x": 1177.7896045697828,
                        "y": 571.6222259734911
                    },
                    {
                        "x": 1190.507934213742,
                        "y": 563.8574766348019
                    },
                    {
                        "x": 1197.5736675141202,
                        "y": 562.4457084340764
                    },
                    {
                        "x": 1197.5736675141202,
                        "y": 566.6810130362525
                    },
                    {
                        "x": 1193.3342081273365,
                        "y": 571.6222259734911
                    },
                    {
                        "x": 1186.9751160799449,
                        "y": 577.9752071114549
                    },
                    {
                        "x": 1183.4422494297557,
                        "y": 583.622328383756
                    },
                    {
                        "x": 1178.4961973063773,
                        "y": 590.6811936220824
                    },
                    {
                        "x": 1185.5619306067556,
                        "y": 587.1517488855693
                    },
                    {
                        "x": 1196.1604820409307,
                        "y": 580.7987435129057
                    },
                    {
                        "x": 1205.3458965183088,
                        "y": 582.9164200486935
                    },
                    {
                        "x": 1208.8787631684977,
                        "y": 587.8576087512322
                    },
                    {
                        "x": 1203.2261668249166,
                        "y": 591.3870534877453
                    },
                    {
                        "x": 1192.6276153907415,
                        "y": 596.328266424984
                    },
                    {
                        "x": 1178.4961973063773,
                        "y": 607.6224605001863
                    },
                    {
                        "x": 1166.484508915405,
                        "y": 620.328422776114
                    },
                    {
                        "x": 1153.0596350512433,
                        "y": 635.8579214534926
                    },
                    {
                        "x": 1149.526768401054,
                        "y": 649.9756519301455
                    },
                    {
                        "x": 1154.4727720080405,
                        "y": 651.3874686002704
                    },
                    {
                        "x": 1150.233361137649,
                        "y": 656.3286330681095
                    },
                    {
                        "x": 1143.1676278372706,
                        "y": 661.2698702400479
                    },
                    {
                        "x": 1135.39535031669,
                        "y": 673.9758325159755
                    },
                    {
                        "x": 1125.5033431027175,
                        "y": 687.3876546575661
                    },
                    {
                        "x": 1119.1442025389338,
                        "y": 694.4465441305925
                    },
                    {
                        "x": 1112.7851104915426,
                        "y": 702.9171533349447
                    },
                    {
                        "x": 1109.958788061556,
                        "y": 707.1525064065203
                    },
                    {
                        "x": 1113.491654711745,
                        "y": 714.2113474101473
                    },
                    {
                        "x": 1121.9705249689205,
                        "y": 719.8584686824481
                    },
                    {
                        "x": 1126.2099358393123,
                        "y": 727.6232180211373
                    },
                    {
                        "x": 1133.982261876285,
                        "y": 718.4467004817227
                    },
                    {
                        "x": 1145.2873575306626,
                        "y": 720.564328548111
                    },
                    {
                        "x": 1148.820224180852,
                        "y": 724.7996816196865
                    },
                    {
                        "x": 1150.939905357851,
                        "y": 730.4467544225881
                    },
                    {
                        "x": 1153.7662277878383,
                        "y": 735.3879673598265
                    },
                    {
                        "x": 1165.0713234422155,
                        "y": 733.2702908240387
                    },
                    {
                        "x": 1196.1604820409307,
                        "y": 700.093616933494
                    },
                    {
                        "x": 1221.5970442960647,
                        "y": 666.9169430429491
                    },
                    {
                        "x": 1234.3153254236317,
                        "y": 654.9169133367836
                    },
                    {
                        "x": 1256.2190210285767,
                        "y": 641.5050184910938
                    },
                    {
                        "x": 1279.5358535903188,
                        "y": 628.7990562151659
                    },
                    {
                        "x": 1295.787001368075,
                        "y": 621.7401909768394
                    },
                    {
                        "x": 1314.1578788392228,
                        "y": 612.5636492027251
                    },
                    {
                        "x": 1326.87615996679,
                        "y": 604.0930157636732
                    },
                    {
                        "x": 1342.4207150079512,
                        "y": 597.740058860409
                    },
                    {
                        "x": 1367.0995754107557,
                        "y": 594.9164982242586
                    },
                    {
                        "x": 1384.7638601453089,
                        "y": 600.56357102716
                    },
                    {
                        "x": 1395.3624115794842,
                        "y": 606.9165521651239
                    },
                    {
                        "x": 1397.4820927564836,
                        "y": 613.9754416381501
                    },
                    {
                        "x": 1398.8952782296735,
                        "y": 620.328422776114
                    },
                    {
                        "x": 1393.2426818860922,
                        "y": 627.3872880144406
                    },
                    {
                        "x": 1389.709815235903,
                        "y": 625.9754955790155
                    },
                    {
                        "x": 1385.4704043655115,
                        "y": 620.328422776114
                    },
                    {
                        "x": 1380.5244007585252,
                        "y": 618.2107462403263
                    },
                    {
                        "x": 1376.9915341083358,
                        "y": 614.6813257385129
                    },
                    {
                        "x": 1373.458667458147,
                        "y": 611.1518810019998
                    },
                    {
                        "x": 1364.273252980769,
                        "y": 609.7401128012744
                    },
                    {
                        "x": 1357.9141124169857,
                        "y": 609.0342287009116
                    },
                    {
                        "x": 1349.4352906762024,
                        "y": 609.0342287009116
                    },
                    {
                        "x": 1340.9564204190265,
                        "y": 611.1518810019998
                    },
                    {
                        "x": 1335.3038725918384,
                        "y": 616.7989780396009
                    },
                    {
                        "x": 1331.771005941649,
                        "y": 624.5637273782901
                    },
                    {
                        "x": 1330.3578204684597,
                        "y": 628.0931721148033
                    },
                    {
                        "x": 1339.54328346223,
                        "y": 628.0931721148033
                    },
                    {
                        "x": 1349.4352906762024,
                        "y": 629.5049403155286
                    },
                    {
                        "x": 1354.3812457667962,
                        "y": 635.1520373531299
                    },
                    {
                        "x": 1362.153523287377,
                        "y": 642.2109025914563
                    },
                    {
                        "x": 1367.806119630958,
                        "y": 649.269767829783
                    },
                    {
                        "x": 1371.3389862811473,
                        "y": 654.9169133367836
                    },
                    {
                        "x": 1374.1653087111342,
                        "y": 661.9757785751102
                    },
                    {
                        "x": 1374.8718044149439,
                        "y": 666.9169430429491
                    },
                    {
                        "x": 1373.458667458147,
                        "y": 671.1522476451253
                    },
                    {
                        "x": 1369.9258493243497,
                        "y": 674.6816923816384
                    },
                    {
                        "x": 1368.5126638511606,
                        "y": 671.1522476451253
                    },
                    {
                        "x": 1368.5126638511606,
                        "y": 664.7992665071614
                    },
                    {
                        "x": 1367.806119630958,
                        "y": 659.8580778046229
                    },
                    {
                        "x": 1364.9798457173636,
                        "y": 655.6227489677468
                    },
                    {
                        "x": 1359.3272493737832,
                        "y": 647.8580480984572
                    },
                    {
                        "x": 1351.554971853202,
                        "y": 644.328603361944
                    },
                    {
                        "x": 1343.0761015960265,
                        "y": 640.7991343907311
                    },
                    {
                        "x": 1334.5972798552439,
                        "y": 639.3873661900057
                    },
                    {
                        "x": 1325.4118653778653,
                        "y": 640.7991343907311
                    },
                    {
                        "x": 1317.6395878572848,
                        "y": 651.3874686002704
                    },
                    {
                        "x": 1306.3344436865148,
                        "y": 670.4463877794625
                    },
                    {
                        "x": 1297.8555734293395,
                        "y": 684.5641182561155
                    },
                    {
                        "x": 1288.6701589519619,
                        "y": 700.7995737379562
                    },
                    {
                        "x": 1280.1912886947864,
                        "y": 717.7407921466603
                    },
                    {
                        "x": 1267.4730075672192,
                        "y": 736.093875694889
                    },
                    {
                        "x": 1260.4072742668411,
                        "y": 748.7997895014172
                    },
                    {
                        "x": 1253.3415894828552,
                        "y": 757.2704956445684
                    },
                    {
                        "x": 1248.3955858758688,
                        "y": 764.3293851175946
                    },
                    {
                        "x": 1239.261329030618,
                        "y": 767.9615851633721
                    },
                    {
                        "x": 1226.5430479030508,
                        "y": 773.6086822009734
                    },
                    {
                        "x": 1218.0641776458756,
                        "y": 779.2557792385745
                    },
                    {
                        "x": 1212.4116298186868,
                        "y": 786.314644476901
                    },
                    {
                        "x": 1215.2379522486735,
                        "y": 792.667625614865
                    },
                    {
                        "x": 1218.0641776458756,
                        "y": 803.9617954553676
                    },
                    {
                        "x": 1221.5970442960647,
                        "y": 813.1383372294819
                    },
                    {
                        "x": 1224.423318209659,
                        "y": 823.0207631039589
                    },
                    {
                        "x": 1225.1299109462539,
                        "y": 831.4914207777107
                    },
                    {
                        "x": 1222.3036370326597,
                        "y": 841.3737981827882
                    },
                    {
                        "x": 1220.1839073392675,
                        "y": 850.5503157222026
                    },
                    {
                        "x": 1218.7708188988624,
                        "y": 857.609205195229
                    },
                    {
                        "x": 1216.6510406890784,
                        "y": 863.2563264675298
                    },
                    {
                        "x": 1216.6510406890784,
                        "y": 869.6092591360944
                    },
                    {
                        "x": 1215.9444479524836,
                        "y": 876.6681486091206
                    },
                    {
                        "x": 1219.4773146026728,
                        "y": 881.6093615463592
                    },
                    {
                        "x": 1246.275856182477,
                        "y": 907.4257027418272
                    },
                    {
                        "x": 1261.113915519828,
                        "y": 917.308031677505
                    },
                    {
                        "x": 1281.6044256515834,
                        "y": 931.4258106235579
                    },
                    {
                        "x": 1298.562117649542,
                        "y": 943.4258645644233
                    },
                    {
                        "x": 1315.5198581638926,
                        "y": 951.8965222381748
                    },
                    {
                        "x": 1358.9483741894214,
                        "y": 972.7716262617047
                    },
                    {
                        "x": 1378.7323886173672,
                        "y": 977.7127907295436
                    },
                    {
                        "x": 1394.983536395123,
                        "y": 983.3599362365443
                    },
                    {
                        "x": 1416.1806392634733,
                        "y": 989.0069605700462
                    },
                    {
                        "x": 1433.1383797778242,
                        "y": 992.5364053065595
                    },
                    {
                        "x": 1444.4435239485938,
                        "y": 1000.3011546452486
                    },
                    {
                        "x": 1452.2158014691747,
                        "y": 1007.360044118275
                    },
                    {
                        "x": 1462.1078086831471,
                        "y": 1011.5953971898504
                    },
                    {
                        "x": 1473.4129043375249,
                        "y": 1010.1835805197256
                    },
                    {
                        "x": 1476.2392267675114,
                        "y": 1017.9483298584148
                    },
                    {
                        "x": 1469.1734934671333,
                        "y": 1020.0660063942025
                    },
                    {
                        "x": 1459.2814862531607,
                        "y": 1017.9483298584148
                    },
                    {
                        "x": 1446.563253641986,
                        "y": 1014.4188851219018
                    },
                    {
                        "x": 1434.5515167346214,
                        "y": 1007.360044118275
                    },
                    {
                        "x": 1419.7135059136624,
                        "y": 1002.4188311810362
                    },
                    {
                        "x": 1398.516403045312,
                        "y": 998.8893864445231
                    },
                    {
                        "x": 1375.199521967178,
                        "y": 992.5364053065595
                    },
                    {
                        "x": 1353.295826362233,
                        "y": 986.1834241685954
                    },
                    {
                        "x": 1336.3381343642745,
                        "y": 978.4186748299062
                    },
                    {
                        "x": 1323.6198532367075,
                        "y": 970.653925491217
                    },
                    {
                        "x": 1309.488435152343,
                        "y": 965.0068284536159
                    },
                    {
                        "x": 1300.3029721585729,
                        "y": 960.77149961674
                    },
                    {
                        "x": 1292.5306946379922,
                        "y": 959.3597314160145
                    },
                    {
                        "x": 1291.8241504177897,
                        "y": 965.712761023378
                    },
                    {
                        "x": 1294.6504728477762,
                        "y": 972.0656936919421
                    },
                    {
                        "x": 1298.8898352017757,
                        "y": 974.1833459930303
                    },
                    {
                        "x": 1302.4227018519648,
                        "y": 977.7127907295436
                    },
                    {
                        "x": 1296.0635612881813,
                        "y": 981.242211231357
                    },
                    {
                        "x": 1291.1176061975875,
                        "y": 975.5951141937558
                    },
                    {
                        "x": 1286.1715540742089,
                        "y": 971.3598095915796
                    },
                    {
                        "x": 1282.6386874240197,
                        "y": 962.1833162868649
                    },
                    {
                        "x": 1276.986188113223,
                        "y": 954.418518478776
                    },
                    {
                        "x": 1267.8007251194533,
                        "y": 946.6537691400869
                    },
                    {
                        "x": 1254.375851255291,
                        "y": 937.4772273659723
                    },
                    {
                        "x": 1243.0707070845215,
                        "y": 929.712502261983
                    },
                    {
                        "x": 1233.8852926071434,
                        "y": 922.6536370236565
                    },
                    {
                        "x": 1227.5262005597522,
                        "y": 917.0065157513556
                    },
                    {
                        "x": 1218.340737565982,
                        "y": 912.0653270488167
                    },
                    {
                        "x": 1214.807870915793,
                        "y": 913.4770952495419
                    },
                    {
                        "x": 1216.2210078725905,
                        "y": 924.7712650900448
                    },
                    {
                        "x": 1221.1670114795766,
                        "y": 928.300709826558
                    },
                    {
                        "x": 1228.9392890001568,
                        "y": 929.0065939269205
                    },
                    {
                        "x": 1235.2984295639408,
                        "y": 930.4183621276461
                    },
                    {
                        "x": 1236.0050223005353,
                        "y": 935.3595750648844
                    },
                    {
                        "x": 1231.0590672099413,
                        "y": 938.8890198013977
                    },
                    {
                        "x": 1226.1130150865629,
                        "y": 940.300788002123
                    },
                    {
                        "x": 1221.873604216171,
                        "y": 947.3596532404496
                    },
                    {
                        "x": 1221.1670114795766,
                        "y": 959.3597314160145
                    },
                    {
                        "x": 1219.7538745227794,
                        "y": 978.4186748299062
                    },
                    {
                        "x": 1216.927649125577,
                        "y": 996.0658500430725
                    },
                    {
                        "x": 1216.2210078725905,
                        "y": 1013.7130252562387
                    },
                    {
                        "x": 1213.3947339589956,
                        "y": 1026.4189875321665
                    },
                    {
                        "x": 1210.5684600454015,
                        "y": 1042.6543945446076
                    },
                    {
                        "x": 1209.155323088604,
                        "y": 1051.8309120840222
                    },
                    {
                        "x": 1204.209319481618,
                        "y": 1065.2427342256126
                    },
                    {
                        "x": 1199.969860094834,
                        "y": 1075.8310684351522
                    },
                    {
                        "x": 1194.3173122676453,
                        "y": 1087.1252625103548
                    },
                    {
                        "x": 1190.0779013972538,
                        "y": 1094.1841035139814
                    },
                    {
                        "x": 1187.251578967267,
                        "y": 1096.3018285191688
                    },
                    {
                        "x": 1182.3056238766728,
                        "y": 1090.6546587774683
                    },
                    {
                        "x": 1185.1318977902674,
                        "y": 1082.1840980425156
                    },
                    {
                        "x": 1191.491038354051,
                        "y": 1066.6545024263382
                    },
                    {
                        "x": 1198.556723138037,
                        "y": 1049.7132355482343
                    },
                    {
                        "x": 1203.5027267450232,
                        "y": 1029.9484322686797
                    },
                    {
                        "x": 1204.209319481618,
                        "y": 1011.5953971898504
                    },
                    {
                        "x": 1205.6224564384152,
                        "y": 996.0658500430725
                    },
                    {
                        "x": 1207.0355933952123,
                        "y": 968.5362489554293
                    },
                    {
                        "x": 1204.9158637018202,
                        "y": 953.0067502780507
                    },
                    {
                        "x": 1204.209319481618,
                        "y": 938.8890198013977
                    },
                    {
                        "x": 1202.7961825248208,
                        "y": 934.6536909645217
                    },
                    {
                        "x": 1193.6107195310506,
                        "y": 929.0065939269205
                    },
                    {
                        "x": 1185.8384420104699,
                        "y": 922.6536370236565
                    },
                    {
                        "x": 1184.4253050536727,
                        "y": 918.4182839520807
                    },
                    {
                        "x": 1183.7187608334702,
                        "y": 904.3005534754278
                    },
                    {
                        "x": 1183.7187608334702,
                        "y": 893.0063594002254
                    },
                    {
                        "x": 1183.7187608334702,
                        "y": 881.7121895597226
                    },
                    {
                        "x": 1182.3056238766728,
                        "y": 873.2415561206708
                    },
                    {
                        "x": 1174.825973216037,
                        "y": 864.8633984394663
                    },
                    {
                        "x": 1168.2998501628997,
                        "y": 842.6906676237703
                    },
                    {
                        "x": 1163.8651451655473,
                        "y": 833.6764829153279
                    },
                    {
                        "x": 1158.3333562104633,
                        "y": 826.2486434449229
                    },
                    {
                        "x": 1153.3874011198693,
                        "y": 824.8368752441976
                    },
                    {
                        "x": 1150.5610786898826,
                        "y": 820.6015706420214
                    },
                    {
                        "x": 1145.6150750828965,
                        "y": 818.4839183409334
                    },
                    {
                        "x": 1139.9624787393152,
                        "y": 819.1897782065963
                    },
                    {
                        "x": 1132.8967939553293,
                        "y": 823.4251070434723
                    },
                    {
                        "x": 1129.3639273051404,
                        "y": 832.6016488175865
                    },
                    {
                        "x": 1127.950790348343,
                        "y": 838.2487216204879
                    },
                    {
                        "x": 1123.0047867413566,
                        "y": 846.013495193877
                    },
                    {
                        "x": 1121.591698300952,
                        "y": 851.6605679967782
                    },
                    {
                        "x": 1126.0606360153736,
                        "y": 854.5526377597354
                    },
                    {
                        "x": 1128.9532734840316,
                        "y": 858.9017155312611
                    },
                    {
                        "x": 1124.94338945767,
                        "y": 861.4977298287121
                    },
                    {
                        "x": 1119.1097146534025,
                        "y": 859.2662801235741
                    },
                    {
                        "x": 1116.5428478015026,
                        "y": 868.6978098539679
                    },
                    {
                        "x": 1115.0551755898493,
                        "y": 880.2502632698288
                    },
                    {
                        "x": 1107.3788994595204,
                        "y": 879.8665975948148
                    },
                    {
                        "x": 1093.5455738781875,
                        "y": 864.1698312495424
                    },
                    {
                        "x": 1083.7563650402858,
                        "y": 873.2750561001487
                    },
                    {
                        "x": 1063.5459383991354,
                        "y": 874.7777917389388
                    },
                    {
                        "x": 1047.8626639898353,
                        "y": 870.71951141067
                    },
                    {
                        "x": 1020.2242759483846,
                        "y": 892.6020154607119
                    },
                    {
                        "x": 1016.6914092981953,
                        "y": 904.6020694015775
                    },
                    {
                        "x": 1011.745405691209,
                        "y": 920.8374764140184
                    },
                    {
                        "x": 1008.2125390410199,
                        "y": 932.1317189586202
                    },
                    {
                        "x": 1007.5059948208174,
                        "y": 939.89641982791
                    },
                    {
                        "x": 1006.0928093476278,
                        "y": 951.1906139031124
                    },
                    {
                        "x": 1006.0928093476278,
                        "y": 964.6024845141023
                    },
                    {
                        "x": 1006.0928093476278,
                        "y": 975.1907702542424
                    },
                    {
                        "x": 1005.3862651274255,
                        "y": 981.5437998616061
                    },
                    {
                        "x": 1005.3862651274255,
                        "y": 986.4849643294449
                    },
                    {
                        "x": 1001.146854257034,
                        "y": 997.0732500695848
                    },
                    {
                        "x": 1008.2125390410199,
                        "y": 996.367390203922
                    },
                    {
                        "x": 1019.5176832117896,
                        "y": 990.7202689316211
                    },
                    {
                        "x": 1027.2899607323704,
                        "y": 981.5437998616061
                    },
                    {
                        "x": 1030.8228273825596,
                        "y": 970.9555141214662
                    },
                    {
                        "x": 1038.5951534195326,
                        "y": 963.8966246484398
                    },
                    {
                        "x": 1044.247652730329,
                        "y": 972.3672338527919
                    },
                    {
                        "x": 1047.7805193805182,
                        "y": 977.3084467900306
                    },
                    {
                        "x": 1044.9542454669238,
                        "y": 987.1908241951079
                    },
                    {
                        "x": 1043.5411085101264,
                        "y": 994.9556220031967
                    },
                    {
                        "x": 1038.5951534195326,
                        "y": 1015.830653322627
                    },
                    {
                        "x": 1029.4096904257624,
                        "y": 1029.9484322686797
                    },
                    {
                        "x": 1023.0505498619788,
                        "y": 1041.948486209545
                    },
                    {
                        "x": 1023.0505498619788,
                        "y": 1052.536771949685
                    },
                    {
                        "x": 1023.0505498619788,
                        "y": 1073.4119002079144
                    },
                    {
                        "x": 1025.1702310389785,
                        "y": 1085.4119541487796
                    },
                    {
                        "x": 1032.2359643393568,
                        "y": 1095.294331553857
                    },
                    {
                        "x": 1038.5951534195326,
                        "y": 1106.5885256290596
                    },
                    {
                        "x": 1043.5411085101264,
                        "y": 1115.0591833028113
                    },
                    {
                        "x": 1049.1937048537077,
                        "y": 1122.1180727758378
                    },
                    {
                        "x": 1054.8462526808964,
                        "y": 1125.6474690429511
                    },
                    {
                        "x": 1057.6725265944908,
                        "y": 1130.58868198019
                    },
                    {
                        "x": 1054.8462526808964,
                        "y": 1135.5298949174285
                    },
                    {
                        "x": 1047.7805193805182,
                        "y": 1134.8240350517653
                    },
                    {
                        "x": 1042.8345157735318,
                        "y": 1129.8828705839264
                    },
                    {
                        "x": 1035.0622867693432,
                        "y": 1120.00039624005
                    },
                    {
                        "x": 1027.9966019853573,
                        "y": 1112.2356953707604
                    },
                    {
                        "x": 1021.6374129051817,
                        "y": 1101.6473611612205
                    },
                    {
                        "x": 1013.865135384601,
                        "y": 1090.3531670860184
                    },
                    {
                        "x": 1009.6256759978171,
                        "y": 1077.6472048100904
                    },
                    {
                        "x": 1006.7994506006149,
                        "y": 1062.1176576633125
                    },
                    {
                        "x": 1008.2125390410199,
                        "y": 1048.7058597564217
                    },
                    {
                        "x": 1012.4519499114115,
                        "y": 1035.9998490110943
                    },
                    {
                        "x": 1016.6914092981953,
                        "y": 1026.82333147168
                    },
                    {
                        "x": 1018.8110904751952,
                        "y": 1019.7644662333533
                    },
                    {
                        "x": 1023.0505498619788,
                        "y": 1012.7056009950267
                    },
                    {
                        "x": 1026.583416512168,
                        "y": 1004.9408516563374
                    },
                    {
                        "x": 1023.0505498619788,
                        "y": 1004.234943321275
                    },
                    {
                        "x": 1015.2782723413984,
                        "y": 1008.4702721581508
                    },
                    {
                        "x": 1003.2665839504258,
                        "y": 1010.5879244592388
                    },
                    {
                        "x": 994.0811209566557,
                        "y": 1012.7056009950267
                    },
                    {
                        "x": 990.5482543064664,
                        "y": 1016.2350214968401
                    },
                    {
                        "x": 986.3088434360749,
                        "y": 1025.4115632709545
                    },
                    {
                        "x": 983.4825695224805,
                        "y": 1030.3527762081928
                    },
                    {
                        "x": 987.7219803928722,
                        "y": 1035.2939649107316
                    },
                    {
                        "x": 987.0153876562774,
                        "y": 1038.823409647245
                    },
                    {
                        "x": 983.4825695224805,
                        "y": 1045.176439254608
                    },
                    {
                        "x": 978.5366144318866,
                        "y": 1043.7646225844833
                    },
                    {
                        "x": 973.590562308508,
                        "y": 1037.4116414465195
                    },
                    {
                        "x": 973.590562308508,
                        "y": 1031.0586603085555
                    },
                    {
                        "x": 975.003699265305,
                        "y": 1022.588002634804
                    },
                    {
                        "x": 977.8299731788995,
                        "y": 1016.2350214968401
                    },
                    {
                        "x": 973.590562308508,
                        "y": 1016.9409055972026
                    },
                    {
                        "x": 967.2314217447245,
                        "y": 1022.588002634804
                    },
                    {
                        "x": 963.6985550945354,
                        "y": 1028.235099672405
                    },
                    {
                        "x": 962.9920108743328,
                        "y": 1032.4704285092807
                    },
                    {
                        "x": 959.4591442241438,
                        "y": 1038.823409647245
                    },
                    {
                        "x": 956.6328703105494,
                        "y": 1032.4704285092807
                    },
                    {
                        "x": 956.6328703105494,
                        "y": 1025.4115632709545
                    },
                    {
                        "x": 962.2854181377381,
                        "y": 1018.3526980326278
                    },
                    {
                        "x": 967.2314217447245,
                        "y": 1016.2350214968401
                    },
                    {
                        "x": 973.590562308508,
                        "y": 1009.1761804932133
                    },
                    {
                        "x": 979.9497028722915,
                        "y": 1004.234943321275
                    },
                    {
                        "x": 972.1774253517109,
                        "y": 1003.529059220912
                    },
                    {
                        "x": 967.937965964927,
                        "y": 999.9996387190988
                    },
                    {
                        "x": 970.7642883949135,
                        "y": 993.6466575811351
                    },
                    {
                        "x": 978.5366144318866,
                        "y": 993.6466575811351
                    },
                    {
                        "x": 984.8957064792778,
                        "y": 992.2348893804096
                    },
                    {
                        "x": 989.1351658660617,
                        "y": 984.4701400417202
                    },
                    {
                        "x": 986.3088434360749,
                        "y": 974.5877141672435
                    },
                    {
                        "x": 987.7219803928722,
                        "y": 967.5288489289168
                    },
                    {
                        "x": 987.0153876562774,
                        "y": 959.7640995902276
                    },
                    {
                        "x": 976.4168362221025,
                        "y": 973.8818543015802
                    },
                    {
                        "x": 965.8182847879272,
                        "y": 987.9995847782335
                    },
                    {
                        "x": 954.5131406171573,
                        "y": 1000.7055228194617
                    },
                    {
                        "x": 941.0882667529957,
                        "y": 1014.1173691957518
                    },
                    {
                        "x": 926.9568486686316,
                        "y": 1026.117447371317
                    },
                    {
                        "x": 911.4122936274703,
                        "y": 1035.9998490110943
                    },
                    {
                        "x": 895.1611458497139,
                        "y": 1045.8822748855714
                    },
                    {
                        "x": 881.0297277653497,
                        "y": 1058.588261396199
                    },
                    {
                        "x": 869.0180151161812,
                        "y": 1069.8824554714013
                    },
                    {
                        "x": 860.5391691172022,
                        "y": 1081.8825094122665
                    },
                    {
                        "x": 854.8865970318171,
                        "y": 1092.4707951524065
                    },
                    {
                        "x": 852.0603231182226,
                        "y": 1102.3532210268836
                    },
                    {
                        "x": 849.2340249464322,
                        "y": 1108.000293829785
                    },
                    {
                        "x": 847.1143437694326,
                        "y": 1111.5297385662982
                    },
                    {
                        "x": 843.5814771192435,
                        "y": 1112.9415067670236
                    },
                    {
                        "x": 840.7551789474529,
                        "y": 1107.2944339641222
                    },
                    {
                        "x": 842.1683159042502,
                        "y": 1097.412008089645
                    },
                    {
                        "x": 846.4077510328378,
                        "y": 1088.9413504158933
                    },
                    {
                        "x": 860.5391691172022,
                        "y": 1064.9412425341627
                    },
                    {
                        "x": 876.7902926367619,
                        "y": 1049.4117196220845
                    },
                    {
                        "x": 901.5202864134974,
                        "y": 1024.7056791705916
                    },
                    {
                        "x": 917.0648657128548,
                        "y": 1011.9997168946641
                    },
                    {
                        "x": 932.6094450122125,
                        "y": 999.2937546187362
                    },
                    {
                        "x": 950.2737297467659,
                        "y": 980.940719539907
                    },
                    {
                        "x": 965.8182847879272,
                        "y": 961.8817518913156
                    },
                    {
                        "x": 977.1234289586972,
                        "y": 944.9404607785119
                    },
                    {
                        "x": 982.0694325656835,
                        "y": 934.3521508036722
                    },
                    {
                        "x": 986.3088434360749,
                        "y": 924.4697733985945
                    },
                    {
                        "x": 990.5482543064664,
                        "y": 911.7637868879672
                    },
                    {
                        "x": 994.0811209566557,
                        "y": 905.4108057500034
                    },
                    {
                        "x": 997.6139876068448,
                        "y": 895.7270920230122
                    },
                    {
                        "x": 997.2810999364254,
                        "y": 871.9468615630518
                    },
                    {
                        "x": 997.8016238629524,
                        "y": 860.8666424930735
                    },
                    {
                        "x": 1004.6796723908308,
                        "y": 844.1973345842389
                    },
                    {
                        "x": 1003.9731281706282,
                        "y": 835.7267253798866
                    },
                    {
                        "x": 1008.9191317776144,
                        "y": 825.8442995054096
                    },
                    {
                        "x": 1016.6914092981953,
                        "y": 816.6677577312951
                    },
                    {
                        "x": 1020.2242759483846,
                        "y": 810.314825062731
                    },
                    {
                        "x": 1020.2242759483846,
                        "y": 804.66770379043
                    },
                    {
                        "x": 1021.6374129051817,
                        "y": 794.785277915953
                    },
                    {
                        "x": 1016.3943941034518,
                        "y": 789.8440649787144
                    },
                    {
                        "x": 998.7872227818641,
                        "y": 786.7445538812981
                    },
                    {
                        "x": 955.21968483736,
                        "y": 806.7854045609176
                    },
                    {
                        "x": 939.6751297961986,
                        "y": 811.0206849283937
                    },
                    {
                        "x": 924.1305747550371,
                        "y": 813.1383372294819
                    },
                    {
                        "x": 912.8254305842672,
                        "y": 811.7265690287566
                    },
                    {
                        "x": 907.1728584988824,
                        "y": 812.4324531291193
                    },
                    {
                        "x": 900.1071494567003,
                        "y": 818.0795501667204
                    },
                    {
                        "x": 893.7480088929169,
                        "y": 826.5502078404721
                    },
                    {
                        "x": 887.3888683291333,
                        "y": 839.9620299820627
                    },
                    {
                        "x": 880.3231592869512,
                        "y": 855.4915286594413
                    },
                    {
                        "x": 873.9640187231676,
                        "y": 868.1974909353689
                    },
                    {
                        "x": 868.311470895979,
                        "y": 879.4916850105714
                    },
                    {
                        "x": 864.072011509195,
                        "y": 888.668202549986
                    },
                    {
                        "x": 859.1260321604047,
                        "y": 895.7270920230122
                    },
                    {
                        "x": 853.47346007502,
                        "y": 901.3741648259137
                    },
                    {
                        "x": 852.0603231182226,
                        "y": 907.7271459638778
                    },
                    {
                        "x": 852.0603231182226,
                        "y": 921.1390165748678
                    },
                    {
                        "x": 852.0603231182226,
                        "y": 931.7273023150078
                    },
                    {
                        "x": 853.47346007502,
                        "y": 943.0214963902102
                    },
                    {
                        "x": 852.7668915966212,
                        "y": 953.6098305997498
                    },
                    {
                        "x": 853.47346007502,
                        "y": 959.9628117377135
                    },
                    {
                        "x": 853.47346007502,
                        "y": 966.3157928756775
                    },
                    {
                        "x": 853.47346007502,
                        "y": 971.962865678579
                    },
                    {
                        "x": 849.9405934248309,
                        "y": 970.5510974778535
                    },
                    {
                        "x": 846.4077510328378,
                        "y": 962.7863481391643
                    },
                    {
                        "x": 844.9945898178444,
                        "y": 952.1980139296248
                    },
                    {
                        "x": 844.288021339446,
                        "y": 938.7861917880342
                    },
                    {
                        "x": 844.288021339446,
                        "y": 921.1390165748678
                    },
                    {
                        "x": 843.5814771192435,
                        "y": 909.1389626340025
                    },
                    {
                        "x": 842.8748843826487,
                        "y": 895.0212321573496
                    },
                    {
                        "x": 849.2340249464322,
                        "y": 880.9035016806964
                    },
                    {
                        "x": 854.8865970318171,
                        "y": 868.1974909353689
                    },
                    {
                        "x": 857.7128952036078,
                        "y": 860.4327415966798
                    },
                    {
                        "x": 861.9523060739991,
                        "y": 854.7856687937783
                    },
                    {
                        "x": 868.311470895979,
                        "y": 847.020919455089
                    },
                    {
                        "x": 869.0692455228971,
                        "y": 838.2487216204879
                    },
                    {
                        "x": 860.5903267493289,
                        "y": 837.5428375201252
                    },
                    {
                        "x": 854.9377789221404,
                        "y": 838.550310250737
                    },
                    {
                        "x": 845.7523159283703,
                        "y": 836.4325852455496
                    },
                    {
                        "x": 839.3931753645869,
                        "y": 831.4914207777107
                    },
                    {
                        "x": 825.9683500168173,
                        "y": 832.1972806433735
                    },
                    {
                        "x": 804.0646544118723,
                        "y": 835.0208655142237
                    },
                    {
                        "x": 784.987232720522,
                        "y": 837.8443534462749
                    },
                    {
                        "x": 765.2032182925767,
                        "y": 841.3737981827882
                    },
                    {
                        "x": 750.3652317298138,
                        "y": 842.07975498725
                    },
                    {
                        "x": 739.7666560374427,
                        "y": 841.3737981827882
                    },
                    {
                        "x": 732.7009469952606,
                        "y": 837.1384935806121
                    },
                    {
                        "x": 725.6352379530784,
                        "y": 834.3149571791614
                    },
                    {
                        "x": 722.1023713028893,
                        "y": 829.3737442419229
                    },
                    {
                        "x": 718.5695289108961,
                        "y": 825.1383911703474
                    },
                    {
                        "x": 720.6892343460921,
                        "y": 821.6089949032337
                    },
                    {
                        "x": 727.0483991680717,
                        "y": 822.3148547688967
                    },
                    {
                        "x": 733.407515473659,
                        "y": 826.5502078404721
                    },
                    {
                        "x": 741.1797929942398,
                        "y": 829.3737442419229
                    },
                    {
                        "x": 754.6046426002054,
                        "y": 827.9620245105973
                    },
                    {
                        "x": 770.1492218995629,
                        "y": 825.8442995054096
                    },
                    {
                        "x": 789.2266435909136,
                        "y": 823.0207631039589
                    },
                    {
                        "x": 812.5434761526557,
                        "y": 818.0795501667204
                    },
                    {
                        "x": 839.3931753645869,
                        "y": 799.0206067528288
                    },
                    {
                        "x": 854.2311861855459,
                        "y": 791.9617415145023
                    },
                    {
                        "x": 857.7640528357349,
                        "y": 789.1381808783519
                    },
                    {
                        "x": 855.644323142343,
                        "y": 782.7851997403878
                    },
                    {
                        "x": 837.9800384077896,
                        "y": 777.1381027027868
                    },
                    {
                        "x": 821.7288906300334,
                        "y": 767.2557252977092
                    },
                    {
                        "x": 804.7711986320751,
                        "y": 764.4321404268591
                    },
                    {
                        "x": 787.1069138975216,
                        "y": 758.0791592888952
                    },
                    {
                        "x": 775.0952255065492,
                        "y": 748.9026417494805
                    },
                    {
                        "x": 765.2032182925767,
                        "y": 741.8437765111539
                    },
                    {
                        "x": 760.963783163989,
                        "y": 729.1378142352262
                    },
                    {
                        "x": 759.5506462071919,
                        "y": 720.6671565614746
                    },
                    {
                        "x": 762.376920120786,
                        "y": 714.3141996582104
                    },
                    {
                        "x": 763.7900813357794,
                        "y": 710.0788708213346
                    },
                    {
                        "x": 770.1492218995629,
                        "y": 707.2553344198839
                    },
                    {
                        "x": 773.6820885497522,
                        "y": 710.784779156397
                    },
                    {
                        "x": 769.4426534211644,
                        "y": 715.0200595238733
                    },
                    {
                        "x": 769.4426534211644,
                        "y": 723.4907171976249
                    },
                    {
                        "x": 772.9754958131574,
                        "y": 731.9613748713766
                    },
                    {
                        "x": 783.5740472473326,
                        "y": 739.7260999753662
                    },
                    {
                        "x": 796.9989211114942,
                        "y": 747.4908735487551
                    },
                    {
                        "x": 813.2500688892504,
                        "y": 754.5497387870815
                    },
                    {
                        "x": 833.7406760537901,
                        "y": 763.0203722261335
                    },
                    {
                        "x": 854.9377789221404,
                        "y": 770.0792374644601
                    },
                    {
                        "x": 871.895470920099,
                        "y": 775.0204504016986
                    },
                    {
                        "x": 885.3202962678686,
                        "y": 777.8439868031494
                    },
                    {
                        "x": 899.4517628686251,
                        "y": 780.6675474392997
                    },
                    {
                        "x": 917.115999086786,
                        "y": 779.9616633389372
                    },
                    {
                        "x": 928.4211432575561,
                        "y": 779.9616633389372
                    },
                    {
                        "x": 960.0216004659048,
                        "y": 765.6889578701291
                    },
                    {
                        "x": 987.0486818251554,
                        "y": 751.9598521401113
                    },
                    {
                        "x": 1007.3901214471988,
                        "y": 752.5432092431545
                    },
                    {
                        "x": 1018.8622481073222,
                        "y": 748.7997895014172
                    },
                    {
                        "x": 1025.2213886711056,
                        "y": 743.8586250335783
                    },
                    {
                        "x": 1023.101707494106,
                        "y": 737.5056438956144
                    },
                    {
                        "x": 1030.873985014687,
                        "y": 728.3290778868003
                    },
                    {
                        "x": 1037.9396697986729,
                        "y": 719.8584686824481
                    },
                    {
                        "x": 1037.3925472297553,
                        "y": 698.1702648883737
                    },
                    {
                        "x": 1034.6690231758394,
                        "y": 677.3503022603339
                    },
                    {
                        "x": 1044.6997012415584,
                        "y": 663.6014733116601
                    },
                    {
                        "x": 1050.4447448196372,
                        "y": 645.4427384887987
                    },
                    {
                        "x": 1054.8974103130238,
                        "y": 635.1520373531299
                    },
                    {
                        "x": 1047.8316770126453,
                        "y": 618.2107462403263
                    },
                    {
                        "x": 1041.472536448862,
                        "y": 596.328266424984
                    },
                    {
                        "x": 1035.819988621673,
                        "y": 573.7398782745792
                    },
                    {
                        "x": 1028.0477596174846,
                        "y": 555.38684319575
                    },
                    {
                        "x": 1019.5688408439171,
                        "y": 537.7396679825837
                    },
                    {
                        "x": 1014.6228372369305,
                        "y": 517.2689321332668
                    },
                    {
                        "x": 1014.6228372369305,
                        "y": 500.327665255163
                    },
                    {
                        "x": 1013.9162930167281,
                        "y": 488.3276113142978
                    },
                    {
                        "x": 1011.0899705867415,
                        "y": 477.739301339458
                    },
                    {
                        "x": 1008.2636966731471,
                        "y": 471.3862959667943
                    },
                    {
                        "x": 1008.2636966731471,
                        "y": 460.7979859919546
                    },
                    {
                        "x": 1011.0899705867415,
                        "y": 452.32735255290277
                    },
                    {
                        "x": 1014.6228372369305,
                        "y": 452.32735255290277
                    },
                    {
                        "x": 1017.4491596669171,
                        "y": 458.6803336908667
                    }
                ],
                "resin": 2,
                "browning": false
            }
        ],
        "object_id": "A_b02_A_1_1_22-09-22-10-03-1020"
    },
    "Metadata": {
        "Images": {
            "object_id": "A_b02_A_1_1_22-09-22-10-03-1020",
            "path": "1.Traning_원천데이터_꽃_미수정암꽃",
            "width": 2000,
            "height": 1500
        },
        "environment": {
            "area_id": "A",
            "hemp_id": "A_b02_A_1",
            "area_temp": 26.5,
            "area_hum": 80,
            "area_co2": 360,
            "area_Illum": 190,
            "water_temp": 22.9,
            "water_ec": 2.3,
            "water_ph": 5.8
        },
        "Growth Info": {
            "period": 83,
            "length": 61,
            "node_number": 23,
            "node_length": 2.6,
            "root_round": 24.8
        }
    }
}