{
    "annotations": {
        "label": {
            "category": 1
        },
        "polygon": [
            {
                "type": "POLYGON",
                "vertices": [
                    {
                        "x": 690.2380404174241,
                        "y": 687.8644420396107
                    },
                    {
                        "x": 690.9425252015556,
                        "y": 674.4792311411142
                    },
                    {
                        "x": 688.8290708491613,
                        "y": 661.0940202426176
                    },
                    {
                        "x": 685.3066469285043,
                        "y": 647.7088093441209
                    },
                    {
                        "x": 682.4887077919788,
                        "y": 636.4370527980186
                    },
                    {
                        "x": 680.3752534395845,
                        "y": 619.529417978865
                    },
                    {
                        "x": 676.1483447347962,
                        "y": 603.3262679438429
                    },
                    {
                        "x": 674.034890382402,
                        "y": 585.7141483405579
                    },
                    {
                        "x": 672.6259208141391,
                        "y": 568.8065135214043
                    },
                    {
                        "x": 671.9214360300077,
                        "y": 551.8988787022508
                    },
                    {
                        "x": 671.2169512458763,
                        "y": 540.6271221561484
                    },
                    {
                        "x": 665.5810729728252,
                        "y": 527.9463960417833
                    },
                    {
                        "x": 663.4676186204309,
                        "y": 521.6060329846007
                    },
                    {
                        "x": 673.3304055982705,
                        "y": 524.4239721211262
                    },
                    {
                        "x": 681.0797382237159,
                        "y": 534.9912438830972
                    },
                    {
                        "x": 683.1931925761102,
                        "y": 547.6719699974624
                    },
                    {
                        "x": 684.6021621443729,
                        "y": 558.9437265435648
                    },
                    {
                        "x": 689.5335556332927,
                        "y": 574.4423917944555
                    },
                    {
                        "x": 693.0559795539497,
                        "y": 587.1231179088207
                    },
                    {
                        "x": 696.5784034746067,
                        "y": 599.0993592390545
                    },
                    {
                        "x": 698.691857827001,
                        "y": 609.6666310010255
                    },
                    {
                        "x": 699.3963426111322,
                        "y": 620.9383875471278
                    },
                    {
                        "x": 701.5097969635265,
                        "y": 630.096689740836
                    },
                    {
                        "x": 704.3277361000521,
                        "y": 644.186385423464
                    },
                    {
                        "x": 709.9636143731033,
                        "y": 655.4581419695663
                    },
                    {
                        "x": 711.3725839413661,
                        "y": 647.7088093441209
                    },
                    {
                        "x": 707.850160020709,
                        "y": 627.2787506043104
                    },
                    {
                        "x": 705.7367056683149,
                        "y": 611.0756005692882
                    },
                    {
                        "x": 702.9187665317893,
                        "y": 596.9859048866603
                    },
                    {
                        "x": 702.2142817476579,
                        "y": 581.4872396357696
                    },
                    {
                        "x": 702.2142817476579,
                        "y": 565.2840896007474
                    },
                    {
                        "x": 702.9187665317893,
                        "y": 552.6033634863822
                    },
                    {
                        "x": 705.0322208841835,
                        "y": 540.6271221561484
                    },
                    {
                        "x": 709.2591295889719,
                        "y": 525.832941689389
                    },
                    {
                        "x": 712.0770687254975,
                        "y": 517.3791242798122
                    },
                    {
                        "x": 713.4860382937603,
                        "y": 506.1073677337099
                    },
                    {
                        "x": 714.895007862023,
                        "y": 495.54009597173894
                    },
                    {
                        "x": 722.6443404874684,
                        "y": 489.9042176986877
                    },
                    {
                        "x": 724.7577948398626,
                        "y": 497.6535503241331
                    },
                    {
                        "x": 724.0533100557312,
                        "y": 505.4028829495785
                    },
                    {
                        "x": 721.2353709192056,
                        "y": 520.1970634163379
                    },
                    {
                        "x": 719.1219165668115,
                        "y": 531.4688199624402
                    },
                    {
                        "x": 717.0084622144172,
                        "y": 540.6271221561484
                    },
                    {
                        "x": 714.895007862023,
                        "y": 554.7168178387764
                    },
                    {
                        "x": 714.1905230778916,
                        "y": 566.6930591690102
                    },
                    {
                        "x": 714.1905230778916,
                        "y": 576.5558461468497
                    },
                    {
                        "x": 718.2902331411008,
                        "y": 597.4359923876331
                    },
                    {
                        "x": 721.7148119528506,
                        "y": 613.0912098127752
                    },
                    {
                        "x": 723.1824885864577,
                        "y": 623.8541717925605
                    },
                    {
                        "x": 726.6070673982075,
                        "y": 611.1343076346325
                    },
                    {
                        "x": 729.5424206654217,
                        "y": 598.4144434767045
                    },
                    {
                        "x": 731.9885483881002,
                        "y": 585.2053537742407
                    },
                    {
                        "x": 732.9669994771715,
                        "y": 573.9531662499198
                    },
                    {
                        "x": 735.9023527443857,
                        "y": 563.1902042701346
                    },
                    {
                        "x": 738.3484804670642,
                        "y": 552.916467834885
                    },
                    {
                        "x": 741.2838337342783,
                        "y": 543.1319569441711
                    },
                    {
                        "x": 742.7515103678854,
                        "y": 534.8151226870643
                    },
                    {
                        "x": 747.1545402687067,
                        "y": 528.944416152636
                    },
                    {
                        "x": 752.5360212585992,
                        "y": 521.6060329846006
                    },
                    {
                        "x": 756.4498256148848,
                        "y": 517.2030030837793
                    },
                    {
                        "x": 758.8959533375632,
                        "y": 508.8861688266726
                    },
                    {
                        "x": 761.3420810602418,
                        "y": 503.01546229224425
                    },
                    {
                        "x": 763.7882087829203,
                        "y": 506.9292666485298
                    },
                    {
                        "x": 764.2774343274559,
                        "y": 513.7784242720295
                    },
                    {
                        "x": 763.7882087829203,
                        "y": 517.6922286283151
                    },
                    {
                        "x": 761.3420810602418,
                        "y": 523.5629351627434
                    },
                    {
                        "x": 755.9606000703492,
                        "y": 529.4336416971717
                    },
                    {
                        "x": 753.5144723476707,
                        "y": 533.8366715979929
                    },
                    {
                        "x": 751.0683446249922,
                        "y": 541.1750547660283
                    },
                    {
                        "x": 750.0898935359209,
                        "y": 547.5349868449923
                    },
                    {
                        "x": 749.1114424468494,
                        "y": 554.3841444684921
                    },
                    {
                        "x": 747.6437658132423,
                        "y": 563.6794298146702
                    },
                    {
                        "x": 746.6653147241709,
                        "y": 571.996264071777
                    },
                    {
                        "x": 744.2191870014925,
                        "y": 582.7592260515622
                    },
                    {
                        "x": 742.2622848233498,
                        "y": 590.5868347641334
                    },
                    {
                        "x": 740.7946081897427,
                        "y": 600.3713456548472
                    },
                    {
                        "x": 742.7515103678854,
                        "y": 604.2851500111328
                    },
                    {
                        "x": 746.1760891796353,
                        "y": 607.2205032783469
                    },
                    {
                        "x": 748.6222169023138,
                        "y": 615.0481119909181
                    },
                    {
                        "x": 748.6222169023138,
                        "y": 622.3864951589534
                    },
                    {
                        "x": 748.132991357778,
                        "y": 631.6817805051317
                    },
                    {
                        "x": 747.6437658132423,
                        "y": 638.0417125840956
                    },
                    {
                        "x": 747.1545402687067,
                        "y": 649.2939001084166
                    },
                    {
                        "x": 745.1976380905638,
                        "y": 657.1215088209876
                    },
                    {
                        "x": 748.6222169023138,
                        "y": 663.9706664444874
                    },
                    {
                        "x": 753.025246803135,
                        "y": 666.4167941671658
                    },
                    {
                        "x": 755.9606000703492,
                        "y": 655.1646066428449
                    },
                    {
                        "x": 759.8744044266347,
                        "y": 640.9770658513098
                    },
                    {
                        "x": 763.7882087829203,
                        "y": 622.8757207034892
                    },
                    {
                        "x": 768.6804642282772,
                        "y": 607.7097288228827
                    },
                    {
                        "x": 770.1481408618843,
                        "y": 598.4144434767045
                    },
                    {
                        "x": 773.0834941290984,
                        "y": 588.6299325859906
                    },
                    {
                        "x": 774.0619452181697,
                        "y": 578.8454216952767
                    },
                    {
                        "x": 776.5080729408483,
                        "y": 569.0609108045628
                    },
                    {
                        "x": 780.4218772971338,
                        "y": 560.7440765474561
                    },
                    {
                        "x": 784.3356816534193,
                        "y": 554.3841444684921
                    },
                    {
                        "x": 788.2494860097049,
                        "y": 556.8302721911705
                    },
                    {
                        "x": 790.2063881878477,
                        "y": 564.1686553592059
                    },
                    {
                        "x": 789.2279370987762,
                        "y": 569.5501363490986
                    },
                    {
                        "x": 785.8033582870264,
                        "y": 576.888519517134
                    },
                    {
                        "x": 783.8464561088837,
                        "y": 585.2053537742407
                    },
                    {
                        "x": 782.8680050198122,
                        "y": 592.5437369422762
                    },
                    {
                        "x": 782.3787794752766,
                        "y": 600.8605711993829
                    },
                    {
                        "x": 782.3787794752766,
                        "y": 609.1774054564897
                    },
                    {
                        "x": 781.8895539307409,
                        "y": 617.9834652581322
                    },
                    {
                        "x": 778.9542006635268,
                        "y": 628.7464272379175
                    },
                    {
                        "x": 776.5080729408483,
                        "y": 637.5524870395599
                    },
                    {
                        "x": 773.5727196736341,
                        "y": 649.7831256529522
                    },
                    {
                        "x": 773.5727196736341,
                        "y": 657.6107343655234
                    },
                    {
                        "x": 776.0188473963126,
                        "y": 661.5245387218089
                    },
                    {
                        "x": 781.4003283862052,
                        "y": 652.2292533756307
                    },
                    {
                        "x": 784.8249071979551,
                        "y": 652.2292533756307
                    },
                    {
                        "x": 787.2710349206335,
                        "y": 657.6107343655234
                    },
                    {
                        "x": 791.6740648214547,
                        "y": 656.1430577319163
                    },
                    {
                        "x": 797.5447713558831,
                        "y": 649.7831256529522
                    },
                    {
                        "x": 799.0124479894902,
                        "y": 643.912419118524
                    },
                    {
                        "x": 799.5016735340258,
                        "y": 635.5955848614171
                    },
                    {
                        "x": 803.4154778903114,
                        "y": 627.7679761488461
                    },
                    {
                        "x": 808.3077333356683,
                        "y": 624.8326228816319
                    },
                    {
                        "x": 811.2430866028825,
                        "y": 628.7464272379175
                    },
                    {
                        "x": 815.156890959168,
                        "y": 629.2356527824531
                    },
                    {
                        "x": 822.4952741272034,
                        "y": 627.2787506043104
                    },
                    {
                        "x": 827.8767551170961,
                        "y": 627.7679761488461
                    },
                    {
                        "x": 832.769010562453,
                        "y": 629.7248783269888
                    },
                    {
                        "x": 831.7905594733816,
                        "y": 634.6171337723457
                    },
                    {
                        "x": 825.4306273944176,
                        "y": 639.020163673167
                    },
                    {
                        "x": 818.0922442263821,
                        "y": 645.8693212966667
                    },
                    {
                        "x": 813.1999887810252,
                        "y": 652.2292533756307
                    },
                    {
                        "x": 808.3077333356683,
                        "y": 657.6107343655234
                    },
                    {
                        "x": 805.8616056129898,
                        "y": 666.4167941671658
                    },
                    {
                        "x": 804.3939289793827,
                        "y": 675.712079513344
                    },
                    {
                        "x": 804.3939289793827,
                        "y": 684.5181393149865
                    },
                    {
                        "x": 800.4801246230973,
                        "y": 705.0656121854856
                    },
                    {
                        "x": 799.9908990785615,
                        "y": 711.9147698089853
                    },
                    {
                        "x": 799.0124479894902,
                        "y": 720.2316040660921
                    },
                    {
                        "x": 795.0986436332046,
                        "y": 730.9945660458774
                    },
                    {
                        "x": 793.1417414550618,
                        "y": 738.3329492139128
                    },
                    {
                        "x": 794.6094180886689,
                        "y": 759.3696476289475
                    },
                    {
                        "x": 797.5447713558831,
                        "y": 766.7080307969829
                    },
                    {
                        "x": 814.1784398700967,
                        "y": 779.9171204994467
                    },
                    {
                        "x": 822.0060485826677,
                        "y": 779.9171204994467
                    },
                    {
                        "x": 831.7905594733816,
                        "y": 777.960218321304
                    },
                    {
                        "x": 838.1504915523457,
                        "y": 774.0464139650184
                    },
                    {
                        "x": 841.5750703640955,
                        "y": 764.7511286188402
                    },
                    {
                        "x": 841.5750703640955,
                        "y": 759.3696476289475
                    },
                    {
                        "x": 843.0427469977026,
                        "y": 754.4773921835906
                    },
                    {
                        "x": 846.4673258094524,
                        "y": 747.628234560091
                    },
                    {
                        "x": 851.3595812548093,
                        "y": 745.6713323819481
                    },
                    {
                        "x": 853.8057089774878,
                        "y": 748.6066856491623
                    },
                    {
                        "x": 853.8057089774878,
                        "y": 753.988166639055
                    },
                    {
                        "x": 851.8488067993451,
                        "y": 758.8804220844119
                    },
                    {
                        "x": 850.381130165738,
                        "y": 765.7295797079116
                    },
                    {
                        "x": 853.3164834329522,
                        "y": 767.6864818860544
                    },
                    {
                        "x": 862.6117687791303,
                        "y": 762.7942264406975
                    },
                    {
                        "x": 872.8855052143798,
                        "y": 757.9019709953404
                    },
                    {
                        "x": 881.2023394714867,
                        "y": 752.5204900054479
                    },
                    {
                        "x": 891.9653014512719,
                        "y": 746.6497834710195
                    },
                    {
                        "x": 898.8144590747715,
                        "y": 740.7790769365912
                    },
                    {
                        "x": 906.152842242807,
                        "y": 734.4191448576272
                    },
                    {
                        "x": 913.4912254108424,
                        "y": 729.0376638677345
                    },
                    {
                        "x": 919.8511574898064,
                        "y": 724.6346339669134
                    },
                    {
                        "x": 927.1895406578418,
                        "y": 718.2747018879493
                    },
                    {
                        "x": 932.5710216477345,
                        "y": 712.8932208980567
                    },
                    {
                        "x": 938.4417281821627,
                        "y": 707.0225143636284
                    },
                    {
                        "x": 945.2908858056625,
                        "y": 701.1518078292
                    },
                    {
                        "x": 951.1615923400908,
                        "y": 695.7703268393075
                    },
                    {
                        "x": 956.0538477854477,
                        "y": 693.324199116629
                    },
                    {
                        "x": 959.4784265971975,
                        "y": 686.4750414931293
                    },
                    {
                        "x": 961.924554319876,
                        "y": 681.0935605032366
                    },
                    {
                        "x": 965.3491331316259,
                        "y": 674.7336284242726
                    },
                    {
                        "x": 968.7737119433757,
                        "y": 670.3305985234514
                    },
                    {
                        "x": 973.176741844197,
                        "y": 665.9275686226301
                    },
                    {
                        "x": 977.5797717450182,
                        "y": 666.4167941671658
                    },
                    {
                        "x": 978.5582228340896,
                        "y": 668.8629218898443
                    },
                    {
                        "x": 976.1120951114111,
                        "y": 673.2659517906656
                    },
                    {
                        "x": 970.7306141215186,
                        "y": 679.6258838696295
                    },
                    {
                        "x": 967.7952608543044,
                        "y": 685.0073648595222
                    },
                    {
                        "x": 965.8383586761615,
                        "y": 690.3888458494148
                    },
                    {
                        "x": 968.7737119433757,
                        "y": 693.8134246611646
                    },
                    {
                        "x": 974.644418477804,
                        "y": 695.2811012947717
                    },
                    {
                        "x": 980.0258994676967,
                        "y": 694.791875750236
                    },
                    {
                        "x": 981.4935761013038,
                        "y": 701.6410333737357
                    },
                    {
                        "x": 978.5582228340896,
                        "y": 704.5763866409499
                    },
                    {
                        "x": 972.6875162996613,
                        "y": 702.6194844628071
                    },
                    {
                        "x": 965.3491331316259,
                        "y": 700.1733567401287
                    },
                    {
                        "x": 959.4784265971975,
                        "y": 701.1518078292
                    },
                    {
                        "x": 952.1400434291621,
                        "y": 706.5332888190927
                    },
                    {
                        "x": 946.7585624392696,
                        "y": 712.403995353521
                    },
                    {
                        "x": 940.8878559048412,
                        "y": 720.2316040660921
                    },
                    {
                        "x": 937.952502637627,
                        "y": 726.5915361450561
                    },
                    {
                        "x": 944.8016602611268,
                        "y": 727.5699872341276
                    },
                    {
                        "x": 956.0538477854477,
                        "y": 729.5268894122703
                    },
                    {
                        "x": 959.9676521417333,
                        "y": 735.3975959466986
                    },
                    {
                        "x": 960.456877686269,
                        "y": 740.7790769365912
                    },
                    {
                        "x": 959.4784265971975,
                        "y": 751.5420389163764
                    },
                    {
                        "x": 955.0753966963763,
                        "y": 758.3911965398762
                    },
                    {
                        "x": 950.672366795555,
                        "y": 762.3050008961617
                    },
                    {
                        "x": 943.3339836275197,
                        "y": 759.3696476289475
                    },
                    {
                        "x": 948.2262390728766,
                        "y": 752.0312644609122
                    },
                    {
                        "x": 949.6939157064837,
                        "y": 744.203655748341
                    },
                    {
                        "x": 945.7801113501981,
                        "y": 740.2898513920555
                    },
                    {
                        "x": 933.0602471922701,
                        "y": 740.7790769365912
                    },
                    {
                        "x": 927.6787662023775,
                        "y": 745.1821068374124
                    },
                    {
                        "x": 921.8080596679492,
                        "y": 755.455843272662
                    },
                    {
                        "x": 919.3619319452707,
                        "y": 763.2834519852331
                    },
                    {
                        "x": 918.8727064007351,
                        "y": 768.17570743059
                    },
                    {
                        "x": 918.3834808561993,
                        "y": 777.4709927767682
                    },
                    {
                        "x": 915.4481275889851,
                        "y": 789.2124058456249
                    },
                    {
                        "x": 924.2541873906276,
                        "y": 786.7662781229463
                    },
                    {
                        "x": 931.1033450141274,
                        "y": 780.8955715885181
                    },
                    {
                        "x": 941.8663069939126,
                        "y": 773.0679628759469
                    },
                    {
                        "x": 948.7154646174123,
                        "y": 769.1541585196615
                    },
                    {
                        "x": 957.5215244190548,
                        "y": 765.7295797079116
                    },
                    {
                        "x": 962.9030054089475,
                        "y": 764.2619030743045
                    },
                    {
                        "x": 973.176741844197,
                        "y": 763.2834519852331
                    },
                    {
                        "x": 981.004350556768,
                        "y": 766.2188052524473
                    },
                    {
                        "x": 990.2996359029463,
                        "y": 770.1326096087328
                    },
                    {
                        "x": 997.148793526446,
                        "y": 775.5140905986254
                    },
                    {
                        "x": 1006.444078872624,
                        "y": 776.0033161431611
                    },
                    {
                        "x": 1009.3794321398382,
                        "y": 770.6218351532685
                    },
                    {
                        "x": 1011.8255598625167,
                        "y": 766.7080307969829
                    },
                    {
                        "x": 1012.804010951588,
                        "y": 761.815775351626
                    },
                    {
                        "x": 1015.2501386742665,
                        "y": 756.4342943617334
                    },
                    {
                        "x": 1019.163943030552,
                        "y": 757.9019709953404
                    },
                    {
                        "x": 1017.696266396945,
                        "y": 764.2619030743045
                    },
                    {
                        "x": 1015.2501386742665,
                        "y": 774.535639509554
                    },
                    {
                        "x": 1011.3363343179809,
                        "y": 780.4063460439824
                    },
                    {
                        "x": 1008.4009810507667,
                        "y": 783.3416993111965
                    },
                    {
                        "x": 1003.0195000608742,
                        "y": 784.320150400268
                    },
                    {
                        "x": 994.7026658037674,
                        "y": 782.3632482221252
                    },
                    {
                        "x": 989.3211848138749,
                        "y": 779.9171204994467
                    },
                    {
                        "x": 980.5151250122324,
                        "y": 777.4709927767682
                    },
                    {
                        "x": 973.6659673887327,
                        "y": 776.0033161431611
                    },
                    {
                        "x": 965.3491331316259,
                        "y": 776.9817672322325
                    },
                    {
                        "x": 956.5430733299834,
                        "y": 780.4063460439824
                    },
                    {
                        "x": 945.7801113501981,
                        "y": 787.2555036674821
                    },
                    {
                        "x": 939.9094048157698,
                        "y": 793.1262102019105
                    },
                    {
                        "x": 935.9956004594843,
                        "y": 797.0400145581959
                    },
                    {
                        "x": 929.1464428359845,
                        "y": 802.4214955480886
                    },
                    {
                        "x": 924.7434129351633,
                        "y": 807.3137509934455
                    },
                    {
                        "x": 919.3619319452707,
                        "y": 811.227555349731
                    },
                    {
                        "x": 915.4481275889851,
                        "y": 815.1413597060166
                    },
                    {
                        "x": 913.4912254108424,
                        "y": 819.5443896068379
                    },
                    {
                        "x": 911.5343232326996,
                        "y": 826.8827727748733
                    },
                    {
                        "x": 909.5774210545568,
                        "y": 835.19960703198
                    },
                    {
                        "x": 910.0666465990926,
                        "y": 839.1134113882656
                    },
                    {
                        "x": 915.9373531335209,
                        "y": 832.2642537647658
                    },
                    {
                        "x": 924.7434129351633,
                        "y": 821.9905173295164
                    },
                    {
                        "x": 929.6356683805203,
                        "y": 815.6305852505523
                    },
                    {
                        "x": 935.9956004594843,
                        "y": 810.2491042606597
                    },
                    {
                        "x": 942.3555325384483,
                        "y": 805.3568488153028
                    },
                    {
                        "x": 948.2262390728766,
                        "y": 800.9538189144815
                    },
                    {
                        "x": 956.0538477854477,
                        "y": 798.0184656472674
                    },
                    {
                        "x": 961.924554319876,
                        "y": 797.0400145581959
                    },
                    {
                        "x": 966.816809765233,
                        "y": 799.4861422808744
                    },
                    {
                        "x": 967.3060353097686,
                        "y": 803.8891721816957
                    },
                    {
                        "x": 962.4137798644117,
                        "y": 805.3568488153028
                    },
                    {
                        "x": 955.5646222409121,
                        "y": 806.8245254489099
                    },
                    {
                        "x": 948.7154646174123,
                        "y": 810.7383298051953
                    },
                    {
                        "x": 941.8663069939126,
                        "y": 816.6090363396237
                    },
                    {
                        "x": 936.48482600402,
                        "y": 823.4581939631234
                    },
                    {
                        "x": 932.0817961031987,
                        "y": 828.839674953016
                    },
                    {
                        "x": 927.1895406578418,
                        "y": 837.6457347546585
                    },
                    {
                        "x": 922.7865107570206,
                        "y": 844.9841179226939
                    },
                    {
                        "x": 928.6572172914489,
                        "y": 844.4948923781582
                    },
                    {
                        "x": 938.9309537266985,
                        "y": 842.0487646554798
                    },
                    {
                        "x": 946.7585624392696,
                        "y": 841.0703135664083
                    },
                    {
                        "x": 953.6077200627692,
                        "y": 838.1349602991942
                    },
                    {
                        "x": 959.9676521417333,
                        "y": 832.2642537647658
                    },
                    {
                        "x": 967.7952608543044,
                        "y": 826.3935472303375
                    },
                    {
                        "x": 975.6228695668755,
                        "y": 820.5228406959093
                    },
                    {
                        "x": 983.9397038239822,
                        "y": 815.6305852505523
                    },
                    {
                        "x": 991.2780869920176,
                        "y": 811.227555349731
                    },
                    {
                        "x": 999.5949212491245,
                        "y": 808.292202082517
                    },
                    {
                        "x": 1004.4871766944813,
                        "y": 804.867623270767
                    },
                    {
                        "x": 1008.8902065953025,
                        "y": 801.4430444590172
                    },
                    {
                        "x": 1013.7824620406594,
                        "y": 796.0615634691246
                    },
                    {
                        "x": 1019.163943030552,
                        "y": 790.6800824792319
                    },
                    {
                        "x": 1021.6100707532305,
                        "y": 785.2986014893393
                    },
                    {
                        "x": 1027.9700028321945,
                        "y": 783.8309248557322
                    },
                    {
                        "x": 1027.4807772876588,
                        "y": 788.7231803010892
                    },
                    {
                        "x": 1024.5454240204447,
                        "y": 793.1262102019105
                    },
                    {
                        "x": 1021.1208452086948,
                        "y": 797.0400145581959
                    },
                    {
                        "x": 1016.7178153078736,
                        "y": 802.4214955480886
                    },
                    {
                        "x": 1013.2932364961238,
                        "y": 810.2491042606597
                    },
                    {
                        "x": 1021.6100707532305,
                        "y": 807.3137509934455
                    },
                    {
                        "x": 1030.416130554873,
                        "y": 802.4214955480886
                    },
                    {
                        "x": 1043.135994712801,
                        "y": 796.5507890136603
                    },
                    {
                        "x": 1053.4097311480505,
                        "y": 791.1693080237676
                    },
                    {
                        "x": 1064.6619186723715,
                        "y": 786.7662781229463
                    },
                    {
                        "x": 1075.4248806521568,
                        "y": 783.3416993111965
                    },
                    {
                        "x": 1085.6986170874063,
                        "y": 783.3416993111965
                    },
                    {
                        "x": 1095.9723535226558,
                        "y": 781.8740226775894
                    },
                    {
                        "x": 1105.2676388688342,
                        "y": 779.427894954911
                    },
                    {
                        "x": 1114.0736986704765,
                        "y": 776.9817672322325
                    },
                    {
                        "x": 1120.4336307494407,
                        "y": 774.535639509554
                    },
                    {
                        "x": 1126.3043372838688,
                        "y": 772.5787373314113
                    },
                    {
                        "x": 1132.1750438182971,
                        "y": 770.1326096087328
                    },
                    {
                        "x": 1139.5134269863327,
                        "y": 766.7080307969829
                    },
                    {
                        "x": 1143.9164568871538,
                        "y": 767.1972563415187
                    },
                    {
                        "x": 1145.384133520761,
                        "y": 772.0895117868756
                    },
                    {
                        "x": 1137.5565248081898,
                        "y": 776.9817672322325
                    },
                    {
                        "x": 1131.6858182737615,
                        "y": 779.9171204994467
                    },
                    {
                        "x": 1122.879758472119,
                        "y": 782.3632482221252
                    },
                    {
                        "x": 1112.6060220368695,
                        "y": 785.2986014893393
                    },
                    {
                        "x": 1102.8215111461557,
                        "y": 787.2555036674821
                    },
                    {
                        "x": 1093.5262257999775,
                        "y": 788.7231803010892
                    },
                    {
                        "x": 1084.720165998335,
                        "y": 790.1908569346963
                    },
                    {
                        "x": 1077.8710083748354,
                        "y": 792.6369846573747
                    },
                    {
                        "x": 1069.5541741177285,
                        "y": 796.0615634691246
                    },
                    {
                        "x": 1060.2588887715503,
                        "y": 802.9107210926243
                    },
                    {
                        "x": 1064.1726931278358,
                        "y": 802.4214955480886
                    },
                    {
                        "x": 1072.9787529294783,
                        "y": 803.8891721816957
                    },
                    {
                        "x": 1078.8494594639067,
                        "y": 807.3137509934455
                    },
                    {
                        "x": 1080.3171360975136,
                        "y": 811.7167808942668
                    },
                    {
                        "x": 1080.8063616420493,
                        "y": 817.0982618841593
                    },
                    {
                        "x": 1083.7417149092635,
                        "y": 822.9689684185877
                    },
                    {
                        "x": 1086.187842631942,
                        "y": 827.8612238639446
                    },
                    {
                        "x": 1086.6770681764776,
                        "y": 831.7750282202302
                    },
                    {
                        "x": 1081.7848127311208,
                        "y": 831.7750282202302
                    },
                    {
                        "x": 1076.4033317412282,
                        "y": 825.4150961412662
                    },
                    {
                        "x": 1072.9787529294783,
                        "y": 815.6305852505523
                    },
                    {
                        "x": 1067.5972719395857,
                        "y": 812.2060064388024
                    },
                    {
                        "x": 1055.3666333261933,
                        "y": 812.6952319833381
                    },
                    {
                        "x": 1050.4743778808365,
                        "y": 813.6736830724095
                    },
                    {
                        "x": 1042.1575436237297,
                        "y": 817.5874874286951
                    },
                    {
                        "x": 1033.8407093666228,
                        "y": 822.479742874052
                    },
                    {
                        "x": 1025.523875109516,
                        "y": 828.3504494084804
                    },
                    {
                        "x": 1016.2285897633379,
                        "y": 834.2211559429087
                    },
                    {
                        "x": 1006.9333044171597,
                        "y": 840.5810880218727
                    },
                    {
                        "x": 994.2134402592318,
                        "y": 847.4302456453723
                    },
                    {
                        "x": 983.9397038239822,
                        "y": 854.2794032688721
                    },
                    {
                        "x": 977.5797717450182,
                        "y": 858.1932076251576
                    },
                    {
                        "x": 970.2413885769828,
                        "y": 865.0423652486573
                    },
                    {
                        "x": 959.7854711804985,
                        "y": 879.3238912409605
                    },
                    {
                        "x": 956.9675320439729,
                        "y": 884.2552847298803
                    },
                    {
                        "x": 954.8540776915787,
                        "y": 889.8911630029314
                    },
                    {
                        "x": 949.922684202659,
                        "y": 892.0046173553256
                    },
                    {
                        "x": 941.4688667930822,
                        "y": 887.7777086505373
                    },
                    {
                        "x": 935.1285037358996,
                        "y": 884.9597695140117
                    },
                    {
                        "x": 928.0836558945856,
                        "y": 889.1866782188001
                    },
                    {
                        "x": 915.4029297802203,
                        "y": 895.5270412759827
                    },
                    {
                        "x": 903.4266884499866,
                        "y": 900.4584347649024
                    },
                    {
                        "x": 890.7459623356215,
                        "y": 903.9808586855594
                    },
                    {
                        "x": 882.2921449260447,
                        "y": 901.8674043331653
                    },
                    {
                        "x": 870.2806793566052,
                        "y": 899.3547419364307
                    },
                    {
                        "x": 862.0616902084056,
                        "y": 897.0064593226593
                    },
                    {
                        "x": 852.6685597533202,
                        "y": 895.2452473623309
                    },
                    {
                        "x": 840.9271466844637,
                        "y": 891.7228234416739
                    },
                    {
                        "x": 835.6435108034781,
                        "y": 884.0909049469171
                    },
                    {
                        "x": 833.2952281897068,
                        "y": 874.110703838389
                    },
                    {
                        "x": 828.0115923087213,
                        "y": 867.6529266505178
                    },
                    {
                        "x": 817.4443205467503,
                        "y": 858.8468668488753
                    },
                    {
                        "x": 805.1158368244509,
                        "y": 852.976160314447
                    },
                    {
                        "x": 783.394222647066,
                        "y": 854.1503016213327
                    },
                    {
                        "x": 763.4338204300097,
                        "y": 857.6727255419896
                    },
                    {
                        "x": 746.4087714801676,
                        "y": 864.1305027298608
                    },
                    {
                        "x": 731.144934490654,
                        "y": 875.8719157987174
                    },
                    {
                        "x": 724.6871573027829,
                        "y": 885.8521169072455
                    },
                    {
                        "x": 721.1647333821259,
                        "y": 901.1159538967593
                    },
                    {
                        "x": 716.4681681545833,
                        "y": 918.7280735000442
                    },
                    {
                        "x": 715.2940268476975,
                        "y": 935.7531224498863
                    },
                    {
                        "x": 718.2293801149117,
                        "y": 955.7135246669426
                    },
                    {
                        "x": 721.7518040355687,
                        "y": 973.3256442702276
                    },
                    {
                        "x": 723.5130159958973,
                        "y": 990.3506932200697
                    },
                    {
                        "x": 725.2742279562257,
                        "y": 1009.7240247836831
                    },
                    {
                        "x": 728.2095812234398,
                        "y": 1024.9878617731968
                    },
                    {
                        "x": 731.7320051440969,
                        "y": 1042.5999813764818
                    },
                    {
                        "x": 734.0802877578682,
                        "y": 1058.4508890194381
                    },
                    {
                        "x": 737.6027116785252,
                        "y": 1078.4112912364944
                    },
                    {
                        "x": 738.7768529854109,
                        "y": 1097.7846228001079
                    },
                    {
                        "x": 738.7768529854109,
                        "y": 1107.1777532551932
                    },
                    {
                        "x": 738.189782331968,
                        "y": 1122.441590244707
                    },
                    {
                        "x": 732.9061464509825,
                        "y": 1134.7700739670063
                    },
                    {
                        "x": 726.4483692631113,
                        "y": 1144.7502750755345
                    },
                    {
                        "x": 719.9905920752402,
                        "y": 1150.6209816099629
                    },
                    {
                        "x": 721.7518040355687,
                        "y": 1160.014112065048
                    },
                    {
                        "x": 724.6871573027829,
                        "y": 1168.2331012132477
                    },
                    {
                        "x": 731.144934490654,
                        "y": 1172.3425957873476
                    },
                    {
                        "x": 738.189782331968,
                        "y": 1175.2779490545618
                    },
                    {
                        "x": 739.9509942922965,
                        "y": 1180.5615849355472
                    },
                    {
                        "x": 739.3639236388536,
                        "y": 1187.0193621234184
                    },
                    {
                        "x": 736.4285703716395,
                        "y": 1192.302998004404
                    },
                    {
                        "x": 729.9707931837684,
                        "y": 1195.238351271618
                    },
                    {
                        "x": 729.9707931837684,
                        "y": 1188.193503430304
                    },
                    {
                        "x": 727.6225105699971,
                        "y": 1183.4969382027614
                    },
                    {
                        "x": 719.4035214217973,
                        "y": 1179.9745142821043
                    },
                    {
                        "x": 715.2940268476975,
                        "y": 1175.2779490545618
                    },
                    {
                        "x": 709.4233203132692,
                        "y": 1168.2331012132477
                    },
                    {
                        "x": 705.3138257391694,
                        "y": 1160.014112065048
                    },
                    {
                        "x": 697.6819072444126,
                        "y": 1161.7753240253767
                    },
                    {
                        "x": 691.2241300565414,
                        "y": 1166.4718892529193
                    },
                    {
                        "x": 686.5275648289988,
                        "y": 1170.5813838270192
                    },
                    {
                        "x": 682.418070254899,
                        "y": 1175.2779490545618
                    },
                    {
                        "x": 677.1344343739135,
                        "y": 1171.7555251339047
                    },
                    {
                        "x": 680.0697876411276,
                        "y": 1161.1882533719338
                    },
                    {
                        "x": 688.8758474427701,
                        "y": 1154.1434055306197
                    },
                    {
                        "x": 700.6172605116268,
                        "y": 1149.4468403030771
                    },
                    {
                        "x": 705.3138257391694,
                        "y": 1144.7502750755345
                    },
                    {
                        "x": 705.9008963926123,
                        "y": 1134.7700739670063
                    },
                    {
                        "x": 705.9008963926123,
                        "y": 1125.3769435119211
                    },
                    {
                        "x": 703.552613778841,
                        "y": 1114.80967174995
                    },
                    {
                        "x": 705.3138257391694,
                        "y": 1104.829470641422
                    },
                    {
                        "x": 709.4233203132692,
                        "y": 1097.1975521466652
                    },
                    {
                        "x": 708.8362496598264,
                        "y": 1087.8044216915798
                    },
                    {
                        "x": 705.3138257391694,
                        "y": 1078.9983618899373
                    },
                    {
                        "x": 697.0948365909697,
                        "y": 1070.7793727417377
                    },
                    {
                        "x": 693.5724126703128,
                        "y": 1059.037959672881
                    },
                    {
                        "x": 690.0499887496558,
                        "y": 1046.7094759505815
                    },
                    {
                        "x": 689.462918096213,
                        "y": 1040.2516987627105
                    },
                    {
                        "x": 680.6568582945705,
                        "y": 1037.903416148939
                    },
                    {
                        "x": 673.0249397998136,
                        "y": 1042.5999813764818
                    },
                    {
                        "x": 666.5671626119425,
                        "y": 1048.47068791091
                    },
                    {
                        "x": 661.283526730957,
                        "y": 1053.7543237918956
                    },
                    {
                        "x": 654.8257495430859,
                        "y": 1059.625030326324
                    },
                    {
                        "x": 646.0196897414434,
                        "y": 1065.4957368607522
                    },
                    {
                        "x": 640.7360538604579,
                        "y": 1071.9535140486232
                    },
                    {
                        "x": 631.3429234053726,
                        "y": 1080.7595738502657
                    },
                    {
                        "x": 626.6463581778299,
                        "y": 1085.4561390778085
                    },
                    {
                        "x": 619.0144396830731,
                        "y": 1095.4363401863366
                    },
                    {
                        "x": 613.1437331486447,
                        "y": 1103.0682586810933
                    },
                    {
                        "x": 604.3376733470024,
                        "y": 1110.7001771758503
                    },
                    {
                        "x": 598.466966812574,
                        "y": 1113.6355304430645
                    },
                    {
                        "x": 590.8350483178172,
                        "y": 1121.2674489378212
                    },
                    {
                        "x": 582.0289885161746,
                        "y": 1130.6605793929066
                    },
                    {
                        "x": 576.7453526351892,
                        "y": 1138.2924978876633
                    },
                    {
                        "x": 567.9392928335467,
                        "y": 1148.8597696496342
                    },
                    {
                        "x": 563.2427276060041,
                        "y": 1158.2529001047196
                    },
                    {
                        "x": 556.1978797646901,
                        "y": 1169.4072425201334
                    },
                    {
                        "x": 553.262526497476,
                        "y": 1177.626231668333
                    },
                    {
                        "x": 548.5659612699333,
                        "y": 1182.9098675493185
                    },
                    {
                        "x": 538.5857601614051,
                        "y": 1187.6064327768613
                    },
                    {
                        "x": 533.3021242804197,
                        "y": 1180.5615849355472
                    },
                    {
                        "x": 526.2572764391057,
                        "y": 1177.626231668333
                    },
                    {
                        "x": 516.2770753305775,
                        "y": 1180.5615849355472
                    },
                    {
                        "x": 512.7546514099205,
                        "y": 1175.2779490545618
                    },
                    {
                        "x": 520.9736405581202,
                        "y": 1168.8201718666905
                    },
                    {
                        "x": 527.4314177459913,
                        "y": 1168.2331012132477
                    },
                    {
                        "x": 537.4116188545195,
                        "y": 1172.9296664407905
                    },
                    {
                        "x": 544.4564666958335,
                        "y": 1166.4718892529193
                    },
                    {
                        "x": 547.9788906164904,
                        "y": 1157.6658294512767
                    },
                    {
                        "x": 553.8495971509187,
                        "y": 1146.511487035863
                    },
                    {
                        "x": 559.1332330319043,
                        "y": 1137.1183565807776
                    },
                    {
                        "x": 564.4168689128898,
                        "y": 1130.6605793929066
                    },
                    {
                        "x": 570.2875754473181,
                        "y": 1123.0286608981496
                    },
                    {
                        "x": 577.9194939420748,
                        "y": 1114.80967174995
                    },
                    {
                        "x": 582.6160591696175,
                        "y": 1108.9389652155216
                    },
                    {
                        "x": 590.8350483178172,
                        "y": 1100.719976067322
                    },
                    {
                        "x": 598.466966812574,
                        "y": 1093.0880575725653
                    },
                    {
                        "x": 604.3376733470024,
                        "y": 1083.1078564640372
                    },
                    {
                        "x": 593.1833309315886,
                        "y": 1087.8044216915798
                    },
                    {
                        "x": 582.0289885161746,
                        "y": 1091.9139162656795
                    },
                    {
                        "x": 573.809999367975,
                        "y": 1093.6751282260082
                    },
                    {
                        "x": 562.6556569525612,
                        "y": 1097.7846228001079
                    },
                    {
                        "x": 548.5659612699333,
                        "y": 1105.4165412948648
                    },
                    {
                        "x": 536.8245482010766,
                        "y": 1111.8743184827358
                    },
                    {
                        "x": 527.4314177459913,
                        "y": 1118.332095670607
                    },
                    {
                        "x": 519.7994992512345,
                        "y": 1125.3769435119211
                    },
                    {
                        "x": 514.515863370249,
                        "y": 1128.899367432578
                    },
                    {
                        "x": 506.2968742220494,
                        "y": 1141.8149218083204
                    },
                    {
                        "x": 502.18737964794957,
                        "y": 1139.466639194549
                    },
                    {
                        "x": 505.1227329151637,
                        "y": 1130.6605793929066
                    },
                    {
                        "x": 509.8192981427064,
                        "y": 1125.3769435119211
                    },
                    {
                        "x": 515.6900046771347,
                        "y": 1120.0933076309354
                    },
                    {
                        "x": 522.7348525184486,
                        "y": 1113.6355304430645
                    },
                    {
                        "x": 529.1926297063198,
                        "y": 1108.9389652155216
                    },
                    {
                        "x": 536.8245482010766,
                        "y": 1103.0682586810933
                    },
                    {
                        "x": 542.6952547355049,
                        "y": 1098.3716934535507
                    },
                    {
                        "x": 551.5013145371474,
                        "y": 1091.3268456122369
                    },
                    {
                        "x": 547.3918199630476,
                        "y": 1091.3268456122369
                    },
                    {
                        "x": 539.7599014682908,
                        "y": 1094.8492695328937
                    },
                    {
                        "x": 532.127982973534,
                        "y": 1097.1975521466652
                    },
                    {
                        "x": 523.3219231718915,
                        "y": 1100.1329054138794
                    },
                    {
                        "x": 516.8641459840203,
                        "y": 1101.8941173742078
                    },
                    {
                        "x": 507.471015528935,
                        "y": 1103.6553293345362
                    },
                    {
                        "x": 503.94859160827804,
                        "y": 1098.9587641069936
                    },
                    {
                        "x": 511.58051010303484,
                        "y": 1095.4363401863366
                    },
                    {
                        "x": 519.7994992512345,
                        "y": 1091.9139162656795
                    },
                    {
                        "x": 530.3667710132055,
                        "y": 1088.3914923450227
                    },
                    {
                        "x": 538.5857601614051,
                        "y": 1085.4561390778085
                    },
                    {
                        "x": 547.9788906164904,
                        "y": 1083.69492711748
                    },
                    {
                        "x": 555.6108091112472,
                        "y": 1082.5207858105944
                    },
                    {
                        "x": 562.6556569525612,
                        "y": 1081.9337151571515
                    },
                    {
                        "x": 568.5263634869896,
                        "y": 1082.5207858105944
                    },
                    {
                        "x": 579.6807059024034,
                        "y": 1079.5854325433802
                    },
                    {
                        "x": 586.1384830902746,
                        "y": 1076.650079276166
                    },
                    {
                        "x": 594.3574722384742,
                        "y": 1073.127655355509
                    },
                    {
                        "x": 603.7506026935595,
                        "y": 1069.605231434852
                    },
                    {
                        "x": 610.2083798814307,
                        "y": 1066.082807514195
                    },
                    {
                        "x": 616.6661570693018,
                        "y": 1062.560383593538
                    },
                    {
                        "x": 621.3627222968445,
                        "y": 1059.625030326324
                    },
                    {
                        "x": 629.5817114450441,
                        "y": 1053.1672531384527
                    },
                    {
                        "x": 636.6265592863581,
                        "y": 1049.057758564353
                    },
                    {
                        "x": 641.9101951673435,
                        "y": 1044.3611933368102
                    },
                    {
                        "x": 647.193831048329,
                        "y": 1040.2516987627105
                    },
                    {
                        "x": 656.5869615034144,
                        "y": 1034.968062881725
                    },
                    {
                        "x": 664.2188799981711,
                        "y": 1026.7490737335252
                    },
                    {
                        "x": 661.283526730957,
                        "y": 1023.2266498128682
                    },
                    {
                        "x": 658.9352441171857,
                        "y": 1013.2464487043401
                    },
                    {
                        "x": 656.5869615034144,
                        "y": 1003.8533182492548
                    },
                    {
                        "x": 655.4128201965287,
                        "y": 996.8084704079408
                    },
                    {
                        "x": 657.1740321568572,
                        "y": 988.5894812597412
                    },
                    {
                        "x": 664.805950651614,
                        "y": 982.7187747253129
                    },
                    {
                        "x": 670.6766571860423,
                        "y": 985.0670573390842
                    },
                    {
                        "x": 675.9602930670278,
                        "y": 983.3058453787557
                    },
                    {
                        "x": 673.0249397998136,
                        "y": 977.4351388443274
                    },
                    {
                        "x": 669.5025158791567,
                        "y": 973.3256442702276
                    },
                    {
                        "x": 666.5671626119425,
                        "y": 963.9325138151422
                    },
                    {
                        "x": 660.1093854240713,
                        "y": 968.042008389242
                    },
                    {
                        "x": 653.6516082362002,
                        "y": 972.7385736167847
                    },
                    {
                        "x": 643.6714071276721,
                        "y": 980.9575627649843
                    },
                    {
                        "x": 638.3877712466866,
                        "y": 988.0024106062983
                    },
                    {
                        "x": 633.104135365701,
                        "y": 993.2860464872838
                    },
                    {
                        "x": 627.8204994847156,
                        "y": 998.5696823682694
                    },
                    {
                        "x": 622.5368636037301,
                        "y": 1004.4403889026977
                    },
                    {
                        "x": 615.4920157624161,
                        "y": 1007.9628128233546
                    },
                    {
                        "x": 611.3825211883163,
                        "y": 1006.788671516469
                    },
                    {
                        "x": 608.4471679211022,
                        "y": 1000.9179649820406
                    },
                    {
                        "x": 611.9695918417591,
                        "y": 996.8084704079408
                    },
                    {
                        "x": 614.3178744555305,
                        "y": 993.8731171407267
                    },
                    {
                        "x": 618.4273690296303,
                        "y": 987.4153399528556
                    },
                    {
                        "x": 620.7756516434016,
                        "y": 985.0670573390842
                    },
                    {
                        "x": 628.4075701381585,
                        "y": 978.0222094977702
                    },
                    {
                        "x": 632.5170647122583,
                        "y": 973.3256442702276
                    },
                    {
                        "x": 638.9748419001294,
                        "y": 967.4549377357993
                    },
                    {
                        "x": 634.2782766725868,
                        "y": 968.6290790426849
                    },
                    {
                        "x": 626.0592875243871,
                        "y": 975.086856230556
                    },
                    {
                        "x": 618.4273690296303,
                        "y": 981.5446334184272
                    },
                    {
                        "x": 614.9049451089733,
                        "y": 985.0670573390842
                    },
                    {
                        "x": 607.2730266142165,
                        "y": 990.9377638735125
                    },
                    {
                        "x": 601.4023200797882,
                        "y": 996.221399754498
                    },
                    {
                        "x": 596.1186841988026,
                        "y": 1003.8533182492548
                    },
                    {
                        "x": 586.1384830902746,
                        "y": 1008.5498834767975
                    },
                    {
                        "x": 573.809999367975,
                        "y": 1010.8981660905688
                    },
                    {
                        "x": 569.7005047938752,
                        "y": 1004.4403889026977
                    },
                    {
                        "x": 574.9841406748607,
                        "y": 999.1567530217121
                    },
                    {
                        "x": 580.2677765558462,
                        "y": 995.6343291010552
                    },
                    {
                        "x": 589.6609070109315,
                        "y": 989.176551913184
                    },
                    {
                        "x": 597.8798961591311,
                        "y": 982.7187747253129
                    },
                    {
                        "x": 600.2281787729025,
                        "y": 978.609280151213
                    },
                    {
                        "x": 593.1833309315886,
                        "y": 976.8480681908845
                    },
                    {
                        "x": 583.7902004765032,
                        "y": 977.4351388443274
                    },
                    {
                        "x": 574.9841406748607,
                        "y": 979.1963508046558
                    },
                    {
                        "x": 567.3522221801039,
                        "y": 980.3704921115416
                    },
                    {
                        "x": 557.3720210715758,
                        "y": 984.4799866856414
                    },
                    {
                        "x": 552.6754558440331,
                        "y": 982.7187747253129
                    },
                    {
                        "x": 555.6108091112472,
                        "y": 975.6739268839989
                    },
                    {
                        "x": 562.0685862991185,
                        "y": 972.7385736167847
                    },
                    {
                        "x": 568.5263634869896,
                        "y": 969.2161496961277
                    },
                    {
                        "x": 578.5065645955177,
                        "y": 966.8678670823564
                    },
                    {
                        "x": 588.4867657040459,
                        "y": 965.1066551220279
                    },
                    {
                        "x": 596.7057548522455,
                        "y": 965.6937257754707
                    },
                    {
                        "x": 601.989390733231,
                        "y": 964.5195844685851
                    },
                    {
                        "x": 597.8798961591311,
                        "y": 960.4100898944853
                    },
                    {
                        "x": 595.5316135453598,
                        "y": 954.539383360057
                    },
                    {
                        "x": 602.5764613866738,
                        "y": 950.4298887859571
                    },
                    {
                        "x": 609.6213092279878,
                        "y": 953.3652420531713
                    },
                    {
                        "x": 617.2532277227447,
                        "y": 957.4747366272711
                    },
                    {
                        "x": 624.2980755640586,
                        "y": 955.7135246669426
                    },
                    {
                        "x": 633.6912060191439,
                        "y": 951.0169594393999
                    },
                    {
                        "x": 643.0843364742292,
                        "y": 946.9074648653001
                    },
                    {
                        "x": 654.238678889643,
                        "y": 943.9721115980859
                    },
                    {
                        "x": 660.1093854240713,
                        "y": 939.8626170239861
                    },
                    {
                        "x": 664.2188799981711,
                        "y": 933.404839836115
                    },
                    {
                        "x": 663.0447386912855,
                        "y": 924.5987800344725
                    },
                    {
                        "x": 659.5223147706286,
                        "y": 918.7280735000442
                    },
                    {
                        "x": 654.238678889643,
                        "y": 908.747872391516
                    },
                    {
                        "x": 653.6516082362002,
                        "y": 900.5288832433164
                    },
                    {
                        "x": 654.8257495430859,
                        "y": 889.9616114813454
                    },
                    {
                        "x": 648.9550430086575,
                        "y": 880.5684810262601
                    },
                    {
                        "x": 643.0843364742292,
                        "y": 870.0012092642892
                    },
                    {
                        "x": 631.9299940588154,
                        "y": 867.6529266505178
                    },
                    {
                        "x": 631.3429234053726,
                        "y": 858.8468668488753
                    },
                    {
                        "x": 636.0394886329152,
                        "y": 848.8666657403471
                    },
                    {
                        "x": 633.6912060191439,
                        "y": 844.7571711662473
                    },
                    {
                        "x": 619.601510336516,
                        "y": 840.6476765921475
                    },
                    {
                        "x": 606.0988853073308,
                        "y": 835.9511113646049
                    },
                    {
                        "x": 584.377271129946,
                        "y": 830.6674754836193
                    },
                    {
                        "x": 565.5910102197754,
                        "y": 827.7321222164052
                    },
                    {
                        "x": 549.1530319233761,
                        "y": 824.2096982957482
                    },
                    {
                        "x": 529.7797003597626,
                        "y": 820.1002037216484
                    },
                    {
                        "x": 518.038287290906,
                        "y": 817.751921107877
                    },
                    {
                        "x": 506.2968742220494,
                        "y": 815.9907091475486
                    },
                    {
                        "x": 504.53566226172086,
                        "y": 810.707073266563
                    },
                    {
                        "x": 509.8192981427064,
                        "y": 807.1846493459061
                    },
                    {
                        "x": 515.6900046771347,
                        "y": 801.9010134649207
                    },
                    {
                        "x": 511.58051010303484,
                        "y": 794.8561656236067
                    },
                    {
                        "x": 509.23222748926355,
                        "y": 785.4630351685213
                    },
                    {
                        "x": 503.94859160827804,
                        "y": 779.0052579806502
                    },
                    {
                        "x": 498.0778850738497,
                        "y": 777.2440460203217
                    },
                    {
                        "x": 493.38131984630706,
                        "y": 784.8759645150785
                    },
                    {
                        "x": 488.68475461876443,
                        "y": 793.0949536632781
                    },
                    {
                        "x": 485.16233069810744,
                        "y": 800.1398015045921
                    },
                    {
                        "x": 482.8140480843361,
                        "y": 805.4234373855776
                    },
                    {
                        "x": 476.94334154990776,
                        "y": 807.7717199993489
                    },
                    {
                        "x": 472.83384697580794,
                        "y": 801.9010134649207
                    },
                    {
                        "x": 477.5304122033506,
                        "y": 798.9656601977065
                    },
                    {
                        "x": 482.8140480843361,
                        "y": 789.5725297426211
                    },
                    {
                        "x": 485.16233069810744,
                        "y": 783.11475255475
                    },
                    {
                        "x": 487.5106133118787,
                        "y": 775.4828340599931
                    },
                    {
                        "x": 493.38131984630706,
                        "y": 770.7862688324506
                    },
                    {
                        "x": 500.42616768762105,
                        "y": 768.4379862186792
                    },
                    {
                        "x": 509.8192981427064,
                        "y": 766.6767742583507
                    },
                    {
                        "x": 520.3865699046773,
                        "y": 766.0897036049079
                    },
                    {
                        "x": 525.6702057856628,
                        "y": 767.2638449117935
                    },
                    {
                        "x": 523.3219231718915,
                        "y": 759.0448557635939
                    },
                    {
                        "x": 519.7994992512345,
                        "y": 752.0000079222799
                    },
                    {
                        "x": 517.4512166374632,
                        "y": 742.6068774671945
                    },
                    {
                        "x": 511.58051010303484,
                        "y": 736.7361709327663
                    },
                    {
                        "x": 505.70980356860656,
                        "y": 732.0396057052236
                    },
                    {
                        "x": 497.4908144204069,
                        "y": 728.5171817845666
                    },
                    {
                        "x": 491.6201078859786,
                        "y": 724.9947578639096
                    },
                    {
                        "x": 484.57526004466456,
                        "y": 724.9947578639096
                    },
                    {
                        "x": 476.94334154990776,
                        "y": 724.9947578639096
                    },
                    {
                        "x": 469.8984937085938,
                        "y": 722.0594045966955
                    },
                    {
                        "x": 461.67950456039415,
                        "y": 716.1886980622671
                    },
                    {
                        "x": 457.57000998629434,
                        "y": 709.1438502209531
                    },
                    {
                        "x": 454.63465671908017,
                        "y": 702.686073033082
                    },
                    {
                        "x": 456.39586867940864,
                        "y": 699.7507197658679
                    },
                    {
                        "x": 461.0924339069513,
                        "y": 703.2731436865248
                    },
                    {
                        "x": 466.3760697879368,
                        "y": 707.9697089140675
                    },
                    {
                        "x": 473.42091762925077,
                        "y": 714.4274861019386
                    },
                    {
                        "x": 479.8786948171219,
                        "y": 717.9499100225956
                    },
                    {
                        "x": 489.27182527220725,
                        "y": 716.77576871571
                    },
                    {
                        "x": 497.4908144204069,
                        "y": 719.1240513294813
                    },
                    {
                        "x": 502.7744503013924,
                        "y": 723.2335459035811
                    },
                    {
                        "x": 516.2770753305775,
                        "y": 727.3430404776809
                    },
                    {
                        "x": 523.3219231718915,
                        "y": 730.865464398338
                    },
                    {
                        "x": 527.4314177459913,
                        "y": 737.910312239652
                    },
                    {
                        "x": 533.3021242804197,
                        "y": 744.9551600809659
                    },
                    {
                        "x": 535.0633362407482,
                        "y": 752.0000079222799
                    },
                    {
                        "x": 538.5857601614051,
                        "y": 763.7414209911366
                    },
                    {
                        "x": 546.217678656162,
                        "y": 759.0448557635939
                    },
                    {
                        "x": 547.9788906164904,
                        "y": 752.0000079222799
                    },
                    {
                        "x": 546.8047493096047,
                        "y": 743.1939481206374
                    },
                    {
                        "x": 546.217678656162,
                        "y": 735.5620296258805
                    },
                    {
                        "x": 544.4564666958335,
                        "y": 726.7559698242382
                    },
                    {
                        "x": 542.1081840820622,
                        "y": 722.0594045966955
                    },
                    {
                        "x": 535.650406894191,
                        "y": 716.77576871571
                    },
                    {
                        "x": 530.3667710132055,
                        "y": 709.730920874396
                    },
                    {
                        "x": 529.1926297063198,
                        "y": 703.8602143399677
                    },
                    {
                        "x": 521.560711211563,
                        "y": 692.7058719245539
                    },
                    {
                        "x": 515.1029340236919,
                        "y": 684.4868827763543
                    },
                    {
                        "x": 509.8192981427064,
                        "y": 675.6808229747118
                    },
                    {
                        "x": 503.3615209548352,
                        "y": 668.6359751333978
                    },
                    {
                        "x": 495.7296024600784,
                        "y": 657.481632717984
                    },
                    {
                        "x": 489.8588959256501,
                        "y": 648.0885022628986
                    },
                    {
                        "x": 481.63990677745045,
                        "y": 642.8048663819131
                    },
                    {
                        "x": 474.59505893613647,
                        "y": 641.6307250750275
                    },
                    {
                        "x": 468.1372817482653,
                        "y": 644.5660783422417
                    },
                    {
                        "x": 463.4407165207226,
                        "y": 649.2626435697842
                    },
                    {
                        "x": 455.8087980259658,
                        "y": 651.6109261835556
                    },
                    {
                        "x": 459.9182926000656,
                        "y": 642.2177957284703
                    },
                    {
                        "x": 469.31142305515095,
                        "y": 635.7600185405992
                    },
                    {
                        "x": 479.8786948171219,
                        "y": 632.824665273385
                    },
                    {
                        "x": 488.68475461876443,
                        "y": 636.9341598474848
                    },
                    {
                        "x": 495.7296024600784,
                        "y": 641.6307250750275
                    },
                    {
                        "x": 510.4063687961492,
                        "y": 663.3523392524122
                    },
                    {
                        "x": 519.7994992512345,
                        "y": 674.5066816678261
                    },
                    {
                        "x": 529.7797003597626,
                        "y": 686.2480947366827
                    },
                    {
                        "x": 543.8693960423906,
                        "y": 694.4670838848823
                    },
                    {
                        "x": 552.6754558440331,
                        "y": 699.7507197658679
                    },
                    {
                        "x": 556.7849504181329,
                        "y": 706.7955676071819
                    },
                    {
                        "x": 559.1332330319043,
                        "y": 715.6016274088244
                    },
                    {
                        "x": 563.8297982594469,
                        "y": 717.9499100225956
                    },
                    {
                        "x": 572.6358580610894,
                        "y": 727.3430404776809
                    },
                    {
                        "x": 580.854847209289,
                        "y": 736.1491002793234
                    },
                    {
                        "x": 584.9643417833888,
                        "y": 742.0198068137518
                    },
                    {
                        "x": 592.0091896247028,
                        "y": 753.7612198826084
                    },
                    {
                        "x": 596.7057548522455,
                        "y": 761.980209030808
                    },
                    {
                        "x": 600.2281787729025,
                        "y": 771.3733394858933
                    },
                    {
                        "x": 606.0988853073308,
                        "y": 777.8311166737645
                    },
                    {
                        "x": 610.2083798814307,
                        "y": 779.0052579806502
                    },
                    {
                        "x": 619.0144396830731,
                        "y": 771.9604101393362
                    },
                    {
                        "x": 628.9946407916012,
                        "y": 770.1991981790077
                    },
                    {
                        "x": 630.7558527519298,
                        "y": 774.3086927531075
                    },
                    {
                        "x": 630.1687820984869,
                        "y": 780.1793992875358
                    },
                    {
                        "x": 634.2782766725868,
                        "y": 783.11475255475
                    },
                    {
                        "x": 646.6067603948862,
                        "y": 780.7664699409787
                    },
                    {
                        "x": 655.9998908499715,
                        "y": 772.547480792779
                    },
                    {
                        "x": 670.0895865325995,
                        "y": 764.3284916445793
                    },
                    {
                        "x": 679.4827169876849,
                        "y": 757.8707144567082
                    },
                    {
                        "x": 684.7663528686703,
                        "y": 750.2387959619514
                    },
                    {
                        "x": 690.6370594030986,
                        "y": 742.6068774671945
                    },
                    {
                        "x": 693.5724126703128,
                        "y": 727.9301111311238
                    },
                    {
                        "x": 692.9853420168699,
                        "y": 720.2981926363669
                    },
                    {
                        "x": 691.8112007099843,
                        "y": 710.9050621812817
                    },
                    {
                        "x": 691.8112007099843,
                        "y": 697.4024371520965
                    },
                    {
                        "x": 690.6370594030986,
                        "y": 691.5317306176682
                    }
                ],
                "resin": 2,
                "browning": true
            }
        ],
        "object_id": "A_b02_A_3_5_22-10-04-09-32-1021"
    },
    "Metadata": {
        "Images": {
            "object_id": "A_b02_A_3_5_22-10-04-09-32-1021",
            "path": "1.Traning_원천데이터_꽃_미수정암꽃",
            "width": 2000,
            "height": 1500
        },
        "environment": {
            "area_id": "A",
            "hemp_id": "A_b02_A_3",
            "area_temp": 27.3,
            "area_hum": 74.9,
            "area_co2": 405,
            "area_Illum": 634,
            "water_temp": 21.3,
            "water_ec": 3.6,
            "water_ph": 5.2
        },
        "Growth Info": {
            "period": 95,
            "length": 143.7,
            "node_number": 35,
            "node_length": 4.1,
            "root_round": 30
        }
    }
}