{
    "annotations": {
        "label": {
            "category": 1
        },
        "polygon": [
            {
                "type": "POLYGON",
                "vertices": [
                    {
                        "x": 1018.5127114935358,
                        "y": 826.62780289113
                    },
                    {
                        "x": 1025.4866130390947,
                        "y": 830.5513128618348
                    },
                    {
                        "x": 1032.4605145846535,
                        "y": 837.0904961463428
                    },
                    {
                        "x": 1041.1778915166024,
                        "y": 847.9891349538561
                    },
                    {
                        "x": 1046.4083176757715,
                        "y": 855.8361548952657
                    },
                    {
                        "x": 1048.5876619087587,
                        "y": 864.119120388976
                    },
                    {
                        "x": 1048.5876619087587,
                        "y": 871.0942492257846
                    },
                    {
                        "x": 1047.7159242155637,
                        "y": 878.5053236148935
                    },
                    {
                        "x": 1049.023530755356,
                        "y": 883.3007246901993
                    },
                    {
                        "x": 1051.2028749883432,
                        "y": 884.1726157948004
                    },
                    {
                        "x": 1053.3822192213302,
                        "y": 878.069378062593
                    },
                    {
                        "x": 1055.12569460772,
                        "y": 871.0942492257846
                    },
                    {
                        "x": 1055.12569460772,
                        "y": 862.3753381797738
                    },
                    {
                        "x": 1052.074612681538,
                        "y": 852.784536029162
                    },
                    {
                        "x": 1049.023530755356,
                        "y": 844.0656249831513
                    },
                    {
                        "x": 1045.5365799825765,
                        "y": 837.962387250944
                    },
                    {
                        "x": 1038.9985472836152,
                        "y": 831.8591495187363
                    },
                    {
                        "x": 1034.2039899710433,
                        "y": 824.4480751296273
                    },
                    {
                        "x": 1031.1529080448613,
                        "y": 821.3964562635235
                    },
                    {
                        "x": 1041.1778915166024,
                        "y": 819.6526740543214
                    },
                    {
                        "x": 1055.12569460772,
                        "y": 818.7807829497203
                    },
                    {
                        "x": 1058.6126453804995,
                        "y": 817.9088918451193
                    },
                    {
                        "x": 1063.4072026930712,
                        "y": 823.5761840250262
                    },
                    {
                        "x": 1067.7658911590454,
                        "y": 827.499693995731
                    },
                    {
                        "x": 1071.6887107784223,
                        "y": 828.8075306526326
                    },
                    {
                        "x": 1076.0473992443967,
                        "y": 824.4480751296273
                    },
                    {
                        "x": 1079.0984811705787,
                        "y": 820.5245651589225
                    },
                    {
                        "x": 1081.2778254035659,
                        "y": 816.1651096359171
                    },
                    {
                        "x": 1083.457169636553,
                        "y": 811.8056541129118
                    },
                    {
                        "x": 1082.5854319433581,
                        "y": 808.3180896945075
                    },
                    {
                        "x": 1081.2778254035659,
                        "y": 807.882144142207
                    },
                    {
                        "x": 1079.534350017176,
                        "y": 811.3697085606113
                    },
                    {
                        "x": 1076.0473992443967,
                        "y": 815.7291640836166
                    },
                    {
                        "x": 1072.1245796250196,
                        "y": 817.4729462928187
                    },
                    {
                        "x": 1069.5093665454351,
                        "y": 814.8572729790156
                    },
                    {
                        "x": 1065.150678079461,
                        "y": 810.4978174560102
                    },
                    {
                        "x": 1062.0995961532788,
                        "y": 807.0102530376059
                    },
                    {
                        "x": 1059.0485142270968,
                        "y": 800.4710697530979
                    },
                    {
                        "x": 1055.12569460772,
                        "y": 791.3162131547867
                    },
                    {
                        "x": 1060.3561207668893,
                        "y": 790.8802676024862
                    },
                    {
                        "x": 1064.278940386266,
                        "y": 793.9318864685899
                    },
                    {
                        "x": 1067.7658911590454,
                        "y": 792.6240498116883
                    },
                    {
                        "x": 1065.5865469260582,
                        "y": 790.0083764978851
                    },
                    {
                        "x": 1060.3561207668893,
                        "y": 786.9567576317814
                    },
                    {
                        "x": 1055.9974323009149,
                        "y": 783.9051387656776
                    },
                    {
                        "x": 1059.4843830736943,
                        "y": 773.0064999581642
                    },
                    {
                        "x": 1059.9202519202918,
                        "y": 765.1594800167547
                    },
                    {
                        "x": 1059.0485142270968,
                        "y": 756.440568970744
                    },
                    {
                        "x": 1059.9202519202918,
                        "y": 749.4654401339355
                    },
                    {
                        "x": 1065.150678079461,
                        "y": 745.1059846109301
                    },
                    {
                        "x": 1076.483268090994,
                        "y": 739.8746379833237
                    },
                    {
                        "x": 1085.6365138695403,
                        "y": 735.9511280126188
                    },
                    {
                        "x": 1089.9952023355145,
                        "y": 737.2589646695205
                    },
                    {
                        "x": 1095.2256284946836,
                        "y": 738.1308557741216
                    },
                    {
                        "x": 1100.4560546538528,
                        "y": 735.9511280126188
                    },
                    {
                        "x": 1103.0712677334375,
                        "y": 732.8995091465151
                    },
                    {
                        "x": 1103.0712677334375,
                        "y": 728.1041080712093
                    },
                    {
                        "x": 1100.0201858072553,
                        "y": 722.4368158913023
                    },
                    {
                        "x": 1096.5332350344759,
                        "y": 714.5897959498927
                    },
                    {
                        "x": 1096.9691038810734,
                        "y": 709.7943948745868
                    },
                    {
                        "x": 1097.840841574268,
                        "y": 703.6911571423794
                    },
                    {
                        "x": 1099.1484481140603,
                        "y": 698.0238649624724
                    },
                    {
                        "x": 1100.4560546538528,
                        "y": 693.6644094394671
                    },
                    {
                        "x": 1099.1484481140603,
                        "y": 690.1768450210628
                    },
                    {
                        "x": 1096.9691038810734,
                        "y": 689.3049539164618
                    },
                    {
                        "x": 1096.0973661878786,
                        "y": 691.920627230265
                    },
                    {
                        "x": 1094.7897596480861,
                        "y": 697.5879194101719
                    },
                    {
                        "x": 1092.610415415099,
                        "y": 706.7427760084831
                    },
                    {
                        "x": 1090.4310711821117,
                        "y": 713.2819592929912
                    },
                    {
                        "x": 1088.2517269491248,
                        "y": 722.4368158913023
                    },
                    {
                        "x": 1083.457169636553,
                        "y": 725.0524892051056
                    },
                    {
                        "x": 1067.7658911590454,
                        "y": 729.8478902804114
                    },
                    {
                        "x": 1056.8691699941096,
                        "y": 735.5151824603184
                    },
                    {
                        "x": 1050.3311372951482,
                        "y": 740.3105835356242
                    },
                    {
                        "x": 1058.176776533902,
                        "y": 725.9243803097066
                    },
                    {
                        "x": 1060.3561207668893,
                        "y": 717.6414148159965
                    },
                    {
                        "x": 1062.0995961532788,
                        "y": 708.9225037699858
                    },
                    {
                        "x": 1062.9713338464737,
                        "y": 700.6395382762757
                    },
                    {
                        "x": 1064.278940386266,
                        "y": 693.2284638871666
                    },
                    {
                        "x": 1066.8941534658506,
                        "y": 684.5095528411559
                    },
                    {
                        "x": 1067.7658911590454,
                        "y": 675.7906417951452
                    },
                    {
                        "x": 1069.5093665454351,
                        "y": 668.8155129583367
                    },
                    {
                        "x": 1074.3039238580068,
                        "y": 663.1482207784298
                    },
                    {
                        "x": 1079.0984811705787,
                        "y": 661.4044385692275
                    },
                    {
                        "x": 1084.3289073297478,
                        "y": 658.7887652554244
                    },
                    {
                        "x": 1087.3799892559298,
                        "y": 655.7371463893206
                    },
                    {
                        "x": 1086.508251562735,
                        "y": 652.2495819709164
                    },
                    {
                        "x": 1081.2778254035659,
                        "y": 652.2495819709164
                    },
                    {
                        "x": 1074.7397927046045,
                        "y": 653.9933641801185
                    },
                    {
                        "x": 1076.9191369375915,
                        "y": 646.1463442387089
                    },
                    {
                        "x": 1079.534350017176,
                        "y": 637.8633787449987
                    },
                    {
                        "x": 1082.1495630967609,
                        "y": 632.6320321173923
                    },
                    {
                        "x": 1087.3799892559298,
                        "y": 625.2209577282833
                    },
                    {
                        "x": 1090.8669400287095,
                        "y": 621.2974477575784
                    },
                    {
                        "x": 1093.9180219548914,
                        "y": 617.8098833391742
                    },
                    {
                        "x": 1095.6614973412811,
                        "y": 613.8863733684694
                    },
                    {
                        "x": 1093.9180219548914,
                        "y": 612.1425911592673
                    },
                    {
                        "x": 1089.9952023355145,
                        "y": 615.194210025371
                    },
                    {
                        "x": 1085.2006450229426,
                        "y": 621.2974477575784
                    },
                    {
                        "x": 1079.534350017176,
                        "y": 626.9647399374854
                    },
                    {
                        "x": 1076.0473992443967,
                        "y": 632.1960865650918
                    },
                    {
                        "x": 1072.5604484716173,
                        "y": 640.9149976111025
                    },
                    {
                        "x": 1069.0734976988379,
                        "y": 649.6339086571132
                    },
                    {
                        "x": 1064.278940386266,
                        "y": 658.7887652554244
                    },
                    {
                        "x": 1058.6126453804995,
                        "y": 666.1998396445335
                    },
                    {
                        "x": 1047.2800553689663,
                        "y": 685.381443945757
                    },
                    {
                        "x": 1038.5626784370177,
                        "y": 701.0754838285762
                    },
                    {
                        "x": 1035.5115965108357,
                        "y": 705.4349393515815
                    },
                    {
                        "x": 1032.896383431251,
                        "y": 687.5611717072597
                    },
                    {
                        "x": 1029.845301505069,
                        "y": 677.5344240043474
                    },
                    {
                        "x": 1025.4866130390947,
                        "y": 669.2514585106372
                    },
                    {
                        "x": 1021.1279245731204,
                        "y": 663.5841663307303
                    },
                    {
                        "x": 1016.3333672605486,
                        "y": 658.7887652554244
                    },
                    {
                        "x": 1014.1540230275616,
                        "y": 653.1214730755175
                    },
                    {
                        "x": 1014.589891874159,
                        "y": 647.01823534331
                    },
                    {
                        "x": 1017.2051049537436,
                        "y": 638.2993242972993
                    },
                    {
                        "x": 1019.8203180333281,
                        "y": 629.5804132512886
                    },
                    {
                        "x": 1019.3844491867308,
                        "y": 622.6052844144801
                    },
                    {
                        "x": 1020.2561868799254,
                        "y": 618.2458288914747
                    },
                    {
                        "x": 1028.9735638118743,
                        "y": 619.9896111006768
                    },
                    {
                        "x": 1034.2039899710433,
                        "y": 623.0412299667807
                    },
                    {
                        "x": 1037.6909407438227,
                        "y": 627.8366310420865
                    },
                    {
                        "x": 1041.6137603631996,
                        "y": 632.6320321173923
                    },
                    {
                        "x": 1043.3572357495893,
                        "y": 635.2477054311956
                    },
                    {
                        "x": 1045.9724488291738,
                        "y": 636.5555420880972
                    },
                    {
                        "x": 1044.6648422893816,
                        "y": 630.0163588035891
                    },
                    {
                        "x": 1041.6137603631996,
                        "y": 619.9896111006768
                    },
                    {
                        "x": 1036.819203050628,
                        "y": 616.9379922345731
                    },
                    {
                        "x": 1030.7170391982638,
                        "y": 613.8863733684694
                    },
                    {
                        "x": 1024.1790064993024,
                        "y": 610.8347545023657
                    },
                    {
                        "x": 1025.9224818856922,
                        "y": 606.0393534270598
                    },
                    {
                        "x": 1025.9224818856922,
                        "y": 597.3204423810492
                    },
                    {
                        "x": 1024.6148753459,
                        "y": 589.4734224396395
                    },
                    {
                        "x": 1022.4355311129126,
                        "y": 582.9342391551315
                    },
                    {
                        "x": 1020.2561868799254,
                        "y": 578.5747836321262
                    },
                    {
                        "x": 1017.2051049537436,
                        "y": 577.2669469752246
                    },
                    {
                        "x": 1015.0257607207564,
                        "y": 579.0107291844267
                    },
                    {
                        "x": 1016.3333672605486,
                        "y": 580.7545113936288
                    },
                    {
                        "x": 1018.5127114935358,
                        "y": 583.8061302597325
                    },
                    {
                        "x": 1019.8203180333281,
                        "y": 590.3453135442406
                    },
                    {
                        "x": 1019.8203180333281,
                        "y": 597.7563879333497
                    },
                    {
                        "x": 1017.2051049537436,
                        "y": 605.1674623224587
                    },
                    {
                        "x": 1014.589891874159,
                        "y": 609.526917845464
                    },
                    {
                        "x": 1009.7953345615872,
                        "y": 610.3988089500652
                    },
                    {
                        "x": 1008.0518591751974,
                        "y": 607.3471900839614
                    },
                    {
                        "x": 998.0268757034564,
                        "y": 577.2669469752246
                    },
                    {
                        "x": 995.8475314704694,
                        "y": 570.7277636907165
                    },
                    {
                        "x": 991.9247118510926,
                        "y": 564.1885804062085
                    },
                    {
                        "x": 987.5660233851182,
                        "y": 557.2134515694
                    },
                    {
                        "x": 983.2073349191438,
                        "y": 552.4180504940941
                    },
                    {
                        "x": 979.284515299767,
                        "y": 551.5461593894931
                    },
                    {
                        "x": 978.4127776065723,
                        "y": 554.5977782555968
                    },
                    {
                        "x": 981.0279906861568,
                        "y": 558.5212882263016
                    },
                    {
                        "x": 985.8225479987286,
                        "y": 570.7277636907165
                    },
                    {
                        "x": 990.1812364647028,
                        "y": 580.7545113936288
                    },
                    {
                        "x": 995.411662623872,
                        "y": 597.3204423810492
                    },
                    {
                        "x": 998.8986133966514,
                        "y": 609.0909722931636
                    },
                    {
                        "x": 999.334482243249,
                        "y": 613.0144822638684
                    },
                    {
                        "x": 995.411662623872,
                        "y": 615.6301555776715
                    },
                    {
                        "x": 988.0018922317156,
                        "y": 620.861502205278
                    },
                    {
                        "x": 984.9508103055337,
                        "y": 625.2209577282833
                    },
                    {
                        "x": 977.5410399133774,
                        "y": 624.7850121759828
                    },
                    {
                        "x": 974.9258268337928,
                        "y": 619.5536655483763
                    },
                    {
                        "x": 971.4388760610133,
                        "y": 613.0144822638684
                    },
                    {
                        "x": 967.0801875950391,
                        "y": 607.3471900839614
                    },
                    {
                        "x": 960.5421548960775,
                        "y": 603.4236801132566
                    },
                    {
                        "x": 952.6965156573239,
                        "y": 602.115843456355
                    },
                    {
                        "x": 945.7226141117649,
                        "y": 605.1674623224587
                    },
                    {
                        "x": 943.5432698787777,
                        "y": 609.9628633977646
                    },
                    {
                        "x": 943.5432698787777,
                        "y": 615.6301555776715
                    },
                    {
                        "x": 944.4150075719726,
                        "y": 623.0412299667807
                    },
                    {
                        "x": 947.0302206515571,
                        "y": 627.8366310420865
                    },
                    {
                        "x": 943.9791387253753,
                        "y": 632.1960865650918
                    },
                    {
                        "x": 935.2617617934267,
                        "y": 637.8633787449988
                    },
                    {
                        "x": 929.5954667876599,
                        "y": 639.6071609542009
                    },
                    {
                        "x": 922.1856963955037,
                        "y": 631.3241954604907
                    },
                    {
                        "x": 914.7759260033473,
                        "y": 627.400685489786
                    },
                    {
                        "x": 909.5454998441782,
                        "y": 620.861502205278
                    },
                    {
                        "x": 903.4433359918141,
                        "y": 614.3223189207699
                    },
                    {
                        "x": 897.7770409860475,
                        "y": 606.0393534270598
                    },
                    {
                        "x": 892.5466148268783,
                        "y": 598.1923334856502
                    },
                    {
                        "x": 888.6237952075015,
                        "y": 594.7047690672459
                    },
                    {
                        "x": 883.8292378949297,
                        "y": 590.7812590965411
                    },
                    {
                        "x": 882.9575002017349,
                        "y": 592.9609868580438
                    },
                    {
                        "x": 885.5727132813195,
                        "y": 596.0126057241475
                    },
                    {
                        "x": 889.9314017472938,
                        "y": 600.8080067994534
                    },
                    {
                        "x": 893.4183525200732,
                        "y": 607.7831356362619
                    },
                    {
                        "x": 897.7770409860475,
                        "y": 613.8863733684694
                    },
                    {
                        "x": 903.0074671452168,
                        "y": 623.9131210713817
                    },
                    {
                        "x": 909.1096309975808,
                        "y": 630.0163588035891
                    },
                    {
                        "x": 916.0835325431395,
                        "y": 636.5555420880972
                    },
                    {
                        "x": 920.0063521625165,
                        "y": 639.6071609542009
                    },
                    {
                        "x": 922.6215652421012,
                        "y": 643.0947253726052
                    },
                    {
                        "x": 918.6987456227241,
                        "y": 644.8385075818073
                    },
                    {
                        "x": 913.9041883101523,
                        "y": 645.7103986864083
                    },
                    {
                        "x": 908.6737621509833,
                        "y": 641.7868887157036
                    },
                    {
                        "x": 901.6998606054245,
                        "y": 637.4274331926983
                    },
                    {
                        "x": 896.4694344462551,
                        "y": 631.7601410127913
                    },
                    {
                        "x": 892.5466148268783,
                        "y": 626.5287943851849
                    },
                    {
                        "x": 889.0596640540989,
                        "y": 621.7333933098791
                    },
                    {
                        "x": 887.7520575143067,
                        "y": 618.2458288914747
                    },
                    {
                        "x": 891.2390082870861,
                        "y": 618.2458288914747
                    },
                    {
                        "x": 892.9824836734759,
                        "y": 618.6817744437753
                    },
                    {
                        "x": 892.110745980281,
                        "y": 615.6301555776715
                    },
                    {
                        "x": 889.4955329006963,
                        "y": 613.4504278161689
                    },
                    {
                        "x": 883.8292378949297,
                        "y": 612.5785367115678
                    },
                    {
                        "x": 880.3422871221503,
                        "y": 615.6301555776715
                    },
                    {
                        "x": 880.7781559687477,
                        "y": 619.1177199960758
                    },
                    {
                        "x": 882.0857625085401,
                        "y": 622.1693388621796
                    },
                    {
                        "x": 886.4444509745143,
                        "y": 629.5804132512886
                    },
                    {
                        "x": 870.3173036504094,
                        "y": 622.6052844144801
                    },
                    {
                        "x": 865.9586151844351,
                        "y": 621.7333933098791
                    },
                    {
                        "x": 861.1640578718634,
                        "y": 622.6052844144801
                    },
                    {
                        "x": 858.5488447922787,
                        "y": 625.6569032805838
                    },
                    {
                        "x": 859.8564513320712,
                        "y": 628.272576594387
                    },
                    {
                        "x": 865.5227463378377,
                        "y": 629.1444676989881
                    },
                    {
                        "x": 872.4966478833966,
                        "y": 631.7601410127913
                    },
                    {
                        "x": 879.9064182755529,
                        "y": 637.4274331926983
                    },
                    {
                        "x": 886.4444509745143,
                        "y": 640.0431065065014
                    },
                    {
                        "x": 892.9824836734759,
                        "y": 644.4025620295068
                    },
                    {
                        "x": 899.5205163724373,
                        "y": 650.0698542094137
                    },
                    {
                        "x": 900.3922540656322,
                        "y": 656.1730919416212
                    },
                    {
                        "x": 899.5205163724373,
                        "y": 663.1482207784298
                    },
                    {
                        "x": 897.7770409860475,
                        "y": 666.1998396445335
                    },
                    {
                        "x": 892.110745980281,
                        "y": 667.0717307491345
                    },
                    {
                        "x": 886.8803198211117,
                        "y": 664.8920029876319
                    },
                    {
                        "x": 878.5988117357606,
                        "y": 663.5841663307303
                    },
                    {
                        "x": 869.0096971106171,
                        "y": 664.8920029876319
                    },
                    {
                        "x": 853.754287479707,
                        "y": 660.9684930169271
                    },
                    {
                        "x": 846.3445170875508,
                        "y": 653.1214730755175
                    },
                    {
                        "x": 839.3706155419918,
                        "y": 647.4541808956106
                    },
                    {
                        "x": 831.9608451498354,
                        "y": 643.0947253726052
                    },
                    {
                        "x": 826.2945501440689,
                        "y": 639.1712154019004
                    },
                    {
                        "x": 821.4999928314971,
                        "y": 631.7601410127913
                    },
                    {
                        "x": 818.0130420587178,
                        "y": 624.7850121759828
                    },
                    {
                        "x": 814.0902224393408,
                        "y": 616.0661011299721
                    },
                    {
                        "x": 813.6543535927434,
                        "y": 612.1425911592673
                    },
                    {
                        "x": 816.7054355189255,
                        "y": 610.8347545023657
                    },
                    {
                        "x": 815.8336978257306,
                        "y": 608.655026740863
                    },
                    {
                        "x": 812.3467470529512,
                        "y": 608.2190811885624
                    },
                    {
                        "x": 810.167402819964,
                        "y": 611.7066456069668
                    },
                    {
                        "x": 809.7315339733665,
                        "y": 617.3739377868737
                    },
                    {
                        "x": 811.4750093597563,
                        "y": 624.3490666236822
                    },
                    {
                        "x": 813.218484746146,
                        "y": 630.8882499081902
                    },
                    {
                        "x": 814.9619601325358,
                        "y": 636.5555420880972
                    },
                    {
                        "x": 818.0130420587178,
                        "y": 640.9149976111025
                    },
                    {
                        "x": 821.9358616780946,
                        "y": 644.4025620295068
                    },
                    {
                        "x": 822.3717305246921,
                        "y": 647.8901264479111
                    },
                    {
                        "x": 816.7054355189255,
                        "y": 650.5057997617143
                    },
                    {
                        "x": 811.4750093597563,
                        "y": 653.1214730755175
                    },
                    {
                        "x": 807.5521897403794,
                        "y": 653.557418627818
                    },
                    {
                        "x": 805.8087143539897,
                        "y": 650.0698542094137
                    },
                    {
                        "x": 805.8087143539897,
                        "y": 646.146344238709
                    },
                    {
                        "x": 804.0652389676,
                        "y": 643.5306709249057
                    },
                    {
                        "x": 801.8858947346129,
                        "y": 644.4025620295068
                    },
                    {
                        "x": 801.4500258880154,
                        "y": 648.7620175525121
                    },
                    {
                        "x": 801.8858947346129,
                        "y": 653.557418627818
                    },
                    {
                        "x": 803.1935012744051,
                        "y": 657.0449830462223
                    },
                    {
                        "x": 805.8087143539897,
                        "y": 660.5325474646266
                    },
                    {
                        "x": 810.167402819964,
                        "y": 661.8403841215282
                    },
                    {
                        "x": 814.9619601325358,
                        "y": 661.4044385692276
                    },
                    {
                        "x": 820.6282551383023,
                        "y": 660.5325474646266
                    },
                    {
                        "x": 825.4228124508741,
                        "y": 657.4809285985228
                    },
                    {
                        "x": 831.0891074566407,
                        "y": 657.4809285985228
                    },
                    {
                        "x": 833.2684516896278,
                        "y": 662.7122752261292
                    },
                    {
                        "x": 833.7043205362252,
                        "y": 668.8155129583367
                    },
                    {
                        "x": 834.1401893828227,
                        "y": 674.0468595859431
                    },
                    {
                        "x": 832.3967139964329,
                        "y": 677.5344240043474
                    },
                    {
                        "x": 826.2945501440689,
                        "y": 680.5860428704513
                    },
                    {
                        "x": 821.4999928314971,
                        "y": 679.2782062135495
                    },
                    {
                        "x": 816.269566672328,
                        "y": 679.2782062135495
                    },
                    {
                        "x": 813.218484746146,
                        "y": 681.0219884227516
                    },
                    {
                        "x": 814.5260912859383,
                        "y": 683.2017161842545
                    },
                    {
                        "x": 819.32064859851,
                        "y": 686.2533350503581
                    },
                    {
                        "x": 826.2945501440689,
                        "y": 687.5611717072597
                    },
                    {
                        "x": 833.7043205362252,
                        "y": 687.1252261549591
                    },
                    {
                        "x": 838.0630090021996,
                        "y": 687.1252261549591
                    },
                    {
                        "x": 845.4727793943558,
                        "y": 692.792518334866
                    },
                    {
                        "x": 847.2162547807455,
                        "y": 700.2035927239751
                    },
                    {
                        "x": 849.3955990137327,
                        "y": 711.9741226360896
                    },
                    {
                        "x": 851.5749432467198,
                        "y": 722.000870339002
                    },
                    {
                        "x": 855.4977628660968,
                        "y": 738.1308557741216
                    },
                    {
                        "x": 857.2412382524865,
                        "y": 748.5935490293344
                    },
                    {
                        "x": 859.8564513320712,
                        "y": 751.2092223431376
                    },
                    {
                        "x": 872.4966478833966,
                        "y": 746.4138212678318
                    },
                    {
                        "x": 878.5988117357606,
                        "y": 744.6700390586296
                    },
                    {
                        "x": 882.5216313551374,
                        "y": 745.5419301632307
                    },
                    {
                        "x": 889.0596640540989,
                        "y": 748.5935490293344
                    },
                    {
                        "x": 894.2900902132682,
                        "y": 753.3889501046403
                    },
                    {
                        "x": 899.5205163724373,
                        "y": 759.0562422845472
                    },
                    {
                        "x": 906.4944179179961,
                        "y": 765.5954255690554
                    },
                    {
                        "x": 901.2639917588269,
                        "y": 772.1346088535633
                    },
                    {
                        "x": 889.9314017472938,
                        "y": 776.9300099288691
                    },
                    {
                        "x": 881.6498936619427,
                        "y": 781.2894654518744
                    },
                    {
                        "x": 877.2912051959684,
                        "y": 785.6489209748798
                    },
                    {
                        "x": 878.1629428891631,
                        "y": 792.6240498116885
                    },
                    {
                        "x": 879.034680582358,
                        "y": 796.9835053346937
                    },
                    {
                        "x": 886.4444509745143,
                        "y": 808.3180896945076
                    },
                    {
                        "x": 899.9563852190347,
                        "y": 827.499693995731
                    },
                    {
                        "x": 906.4944179179961,
                        "y": 838.834278355545
                    },
                    {
                        "x": 911.7248440771654,
                        "y": 847.5531894015556
                    },
                    {
                        "x": 916.5194013897371,
                        "y": 855.8361548952658
                    },
                    {
                        "x": 920.442221009114,
                        "y": 863.6831748366754
                    },
                    {
                        "x": 921.3139587023087,
                        "y": 870.6583036734839
                    },
                    {
                        "x": 921.3139587023087,
                        "y": 879.3772147194946
                    },
                    {
                        "x": 920.8780898557113,
                        "y": 885.9163980040028
                    },
                    {
                        "x": 921.7498275489063,
                        "y": 891.1477446316092
                    },
                    {
                        "x": 920.8780898557113,
                        "y": 895.5072001546145
                    },
                    {
                        "x": 918.6987456227241,
                        "y": 899.4307101253193
                    },
                    {
                        "x": 918.2628767761267,
                        "y": 901.1744923345215
                    },
                    {
                        "x": 922.1856963955037,
                        "y": 900.3026012299204
                    },
                    {
                        "x": 924.8009094750881,
                        "y": 895.5072001546145
                    },
                    {
                        "x": 925.2367783216857,
                        "y": 886.7882891086039
                    },
                    {
                        "x": 927.4161225546727,
                        "y": 878.069378062593
                    },
                    {
                        "x": 928.2878602478677,
                        "y": 871.0942492257846
                    },
                    {
                        "x": 926.544384861478,
                        "y": 861.9393926274732
                    },
                    {
                        "x": 922.6215652421012,
                        "y": 852.3485904768617
                    },
                    {
                        "x": 917.8270079295294,
                        "y": 842.3218427739494
                    },
                    {
                        "x": 914.7759260033473,
                        "y": 838.834278355545
                    },
                    {
                        "x": 937.8769748730111,
                        "y": 847.9891349538563
                    },
                    {
                        "x": 957.9269418164929,
                        "y": 851.9126449245609
                    },
                    {
                        "x": 964.029105668857,
                        "y": 853.6564271337631
                    },
                    {
                        "x": 971.8747449076106,
                        "y": 853.2204815814626
                    },
                    {
                        "x": 970.5671383678184,
                        "y": 857.579937104468
                    },
                    {
                        "x": 967.5160564416365,
                        "y": 859.3237193136702
                    },
                    {
                        "x": 968.3877941348312,
                        "y": 861.9393926274732
                    },
                    {
                        "x": 973.182351447403,
                        "y": 861.0675015228722
                    },
                    {
                        "x": 977.10517106678,
                        "y": 857.1439915521674
                    },
                    {
                        "x": 980.5921218395592,
                        "y": 856.2721004475663
                    },
                    {
                        "x": 984.9508103055337,
                        "y": 858.451828209069
                    },
                    {
                        "x": 989.3094987715078,
                        "y": 858.8877737613695
                    },
                    {
                        "x": 991.9247118510926,
                        "y": 856.708045999867
                    },
                    {
                        "x": 994.9757937772746,
                        "y": 853.2204815814626
                    },
                    {
                        "x": 1001.0779576296386,
                        "y": 853.2204815814626
                    },
                    {
                        "x": 1004.1290395558206,
                        "y": 851.04075381996
                    },
                    {
                        "x": 1007.6159903286,
                        "y": 845.373461640053
                    },
                    {
                        "x": 1009.7953345615872,
                        "y": 837.5264416986433
                    },
                    {
                        "x": 1011.9746787945744,
                        "y": 830.1153673095342
                    },
                    {
                        "x": 1014.1540230275616,
                        "y": 825.3199662342286
                    }
                ],
                "resin": 2,
                "browning": false
            }
        ],
        "object_id": "A_b06_B_3_5_22-10-03-10-49-1020"
    },
    "Metadata": {
        "Images": {
            "object_id": "A_b06_B_3_5_22-10-03-10-49-1020",
            "path": "1.Traning_원천데이터_꽃_미수정암꽃",
            "width": 2000,
            "height": 1500
        },
        "environment": {
            "area_id": "A",
            "hemp_id": "A_b06_B_3",
            "area_temp": 28.3,
            "area_hum": 76.8,
            "area_co2": 330,
            "area_Illum": 592,
            "water_temp": 23.7,
            "water_ec": 3.5,
            "water_ph": 5.2
        },
        "Growth Info": {
            "period": 94,
            "length": 72,
            "node_number": 26,
            "node_length": 2.7,
            "root_round": 18
        }
    }
}