{
    "annotations": {
        "label": {
            "category": 1
        },
        "polygon": [
            {
                "type": "POLYGON",
                "vertices": [
                    {
                        "x": 854.3944139266383,
                        "y": 616.7012473540018
                    },
                    {
                        "x": 855.2753337420663,
                        "y": 625.9477160496218
                    },
                    {
                        "x": 854.6146413601539,
                        "y": 634.9740290490377
                    },
                    {
                        "x": 855.7157986904633,
                        "y": 647.9631193855018
                    },
                    {
                        "x": 857.2574108878039,
                        "y": 658.7506628377748
                    },
                    {
                        "x": 858.3585682181133,
                        "y": 669.5382163678989
                    },
                    {
                        "x": 864.0845722218102,
                        "y": 681.6466839195463
                    },
                    {
                        "x": 868.7094188951977,
                        "y": 689.7923791730706
                    },
                    {
                        "x": 884.786273575979,
                        "y": 700.5799327031947
                    },
                    {
                        "x": 890.2920299834288,
                        "y": 715.3302585314416
                    },
                    {
                        "x": 894.256184274904,
                        "y": 722.8154816574278
                    },
                    {
                        "x": 891.1729598802227,
                        "y": 732.9425731378648
                    },
                    {
                        "x": 892.0538897770165,
                        "y": 743.9502672474165
                    },
                    {
                        "x": 891.1729598802227,
                        "y": 754.5176600424107
                    },
                    {
                        "x": 883.9053436791852,
                        "y": 758.7005930756635
                    },
                    {
                        "x": 872.4533356717914,
                        "y": 765.3052135725349
                    },
                    {
                        "x": 865.1857194707538,
                        "y": 771.4695327548488
                    },
                    {
                        "x": 859.0192606000257,
                        "y": 780.716001450469
                    },
                    {
                        "x": 855.4955712569476,
                        "y": 786.4399991625235
                    },
                    {
                        "x": 834.3534150357476,
                        "y": 786.254388261197
                    },
                    {
                        "x": 825.5441765560039,
                        "y": 784.9334641618227
                    },
                    {
                        "x": 814.0921887113415,
                        "y": 789.7768592447626
                    },
                    {
                        "x": 803.5211106007414,
                        "y": 795.0605556422597
                    },
                    {
                        "x": 796.0332568848227,
                        "y": 800.5644026970356
                    },
                    {
                        "x": 788.7656406837851,
                        "y": 808.4899472932813
                    },
                    {
                        "x": 785.2419412593414,
                        "y": 815.3147184474315
                    },
                    {
                        "x": 779.7361848518914,
                        "y": 819.497651480684
                    },
                    {
                        "x": 773.3494783849163,
                        "y": 818.837189430997
                    },
                    {
                        "x": 773.3494783849163,
                        "y": 812.8930309838127
                    },
                    {
                        "x": 771.1471738056632,
                        "y": 806.7287118014985
                    },
                    {
                        "x": 768.0639393296163,
                        "y": 802.1054774536885
                    },
                    {
                        "x": 758.1535536009288,
                        "y": 802.3256381888184
                    },
                    {
                        "x": 754.4096368243352,
                        "y": 803.8667129454714
                    },
                    {
                        "x": 757.4928612190163,
                        "y": 797.2620924485998
                    },
                    {
                        "x": 758.1535536009288,
                        "y": 793.299320150477
                    },
                    {
                        "x": 752.8680145456289,
                        "y": 792.6388581007899
                    },
                    {
                        "x": 746.9217831084163,
                        "y": 797.4822431058785
                    },
                    {
                        "x": 744.2790135807663,
                        "y": 803.6465622881926
                    },
                    {
                        "x": 747.1420206232976,
                        "y": 810.9116448347513
                    },
                    {
                        "x": 753.0882520605101,
                        "y": 815.5348791825612
                    },
                    {
                        "x": 759.9154033131507,
                        "y": 813.9937943480571
                    },
                    {
                        "x": 759.6951758796351,
                        "y": 819.497651480684
                    },
                    {
                        "x": 761.2367880769757,
                        "y": 828.0836581266169
                    },
                    {
                        "x": 774.0101707668289,
                        "y": 834.0278165738013
                    },
                    {
                        "x": 790.7477178295227,
                        "y": 831.6061291101825
                    },
                    {
                        "x": 826.8655613198289,
                        "y": 837.5502875573667
                    },
                    {
                        "x": 822.2407146464413,
                        "y": 844.8153701039254
                    },
                    {
                        "x": 810.7887268017789,
                        "y": 848.1176803523612
                    },
                    {
                        "x": 802.860418218829,
                        "y": 851.199829865667
                    },
                    {
                        "x": 796.6939492667351,
                        "y": 858.6850731473554
                    },
                    {
                        "x": 794.2714172539664,
                        "y": 868.151682422403
                    },
                    {
                        "x": 809.2471045230726,
                        "y": 873.6555395550299
                    },
                    {
                        "x": 840.2996464729601,
                        "y": 870.1330685714644
                    },
                    {
                        "x": 846.6863327772039,
                        "y": 872.9950775053429
                    },
                    {
                        "x": 843.1626535154915,
                        "y": 884.2229323500242
                    },
                    {
                        "x": 841.1805763697539,
                        "y": 899.853860807386
                    },
                    {
                        "x": 844.9244931463477,
                        "y": 910.2011130229528
                    },
                    {
                        "x": 853.2932565963289,
                        "y": 926.9328048445589
                    },
                    {
                        "x": 864.9655021186039,
                        "y": 938.6009811594998
                    },
                    {
                        "x": 878.3995671090039,
                        "y": 946.086204285486
                    },
                    {
                        "x": 890.5122674983102,
                        "y": 949.8288360041813
                    },
                    {
                        "x": 888.3099528376914,
                        "y": 957.0939185507399
                    },
                    {
                        "x": 886.9885680738664,
                        "y": 962.8179162627944
                    },
                    {
                        "x": 892.0538897770165,
                        "y": 977.3711145784473
                    },
                    {
                        "x": 895.5775690387289,
                        "y": 985.7369604892504
                    },
                    {
                        "x": 899.1012684631727,
                        "y": 995.2035899200001
                    },
                    {
                        "x": 900.4226532269977,
                        "y": 993.2222037709387
                    },
                    {
                        "x": 898.000121214229,
                        "y": 979.5726614626385
                    },
                    {
                        "x": 894.256184274904,
                        "y": 967.68434456827
                    },
                    {
                        "x": 895.1371141716977,
                        "y": 956.676630303016
                    },
                    {
                        "x": 898.4405760812602,
                        "y": 949.851869226717
                    },
                    {
                        "x": 894.256184274904,
                        "y": 941.4860031602117
                    },
                    {
                        "x": 887.2088055887477,
                        "y": 937.3030902826613
                    },
                    {
                        "x": 878.179349756854,
                        "y": 935.5418447130273
                    },
                    {
                        "x": 860.7811103122476,
                        "y": 921.0116796199102
                    },
                    {
                        "x": 856.1562636388602,
                        "y": 912.4256729739773
                    },
                    {
                        "x": 853.7337316260914,
                        "y": 898.5559699305472
                    },
                    {
                        "x": 854.6146413601539,
                        "y": 887.988577135553
                    },
                    {
                        "x": 855.9360261239789,
                        "y": 878.3018071253756
                    },
                    {
                        "x": 868.2689640281665,
                        "y": 878.0816463902459
                    },
                    {
                        "x": 878.6198046238852,
                        "y": 877.20103368328
                    },
                    {
                        "x": 899.321505978054,
                        "y": 866.413490231007
                    },
                    {
                        "x": 908.7914166769789,
                        "y": 861.3499444907885
                    },
                    {
                        "x": 919.142277435429,
                        "y": 871.6971866285041
                    },
                    {
                        "x": 933.4572723226227,
                        "y": 880.5033540095668
                    },
                    {
                        "x": 944.9092803300165,
                        "y": 875.659958926627
                    },
                    {
                        "x": 949.0936519736414,
                        "y": 876.9808830260013
                    },
                    {
                        "x": 953.0578062651165,
                        "y": 885.3467289368044
                    },
                    {
                        "x": 950.4150367374664,
                        "y": 892.3916709039354
                    },
                    {
                        "x": 946.6711401236041,
                        "y": 898.11566861599
                    },
                    {
                        "x": 943.147420536429,
                        "y": 904.7202891128615
                    },
                    {
                        "x": 942.927203184279,
                        "y": 912.8659944442369
                    },
                    {
                        "x": 940.5046510087789,
                        "y": 923.2132265041015
                    },
                    {
                        "x": 936.1000418502728,
                        "y": 930.0380077361027
                    },
                    {
                        "x": 929.713355546029,
                        "y": 931.7992331500343
                    },
                    {
                        "x": 923.7671241088165,
                        "y": 939.0643156965929
                    },
                    {
                        "x": 917.820892671604,
                        "y": 946.5495589782813
                    },
                    {
                        "x": 915.6185780109852,
                        "y": 953.1541794751528
                    },
                    {
                        "x": 913.856738380129,
                        "y": 960.6394026011388
                    },
                    {
                        "x": 910.1128014408039,
                        "y": 967.0238825185828
                    },
                    {
                        "x": 907.6902694280352,
                        "y": 971.2067953961331
                    },
                    {
                        "x": 908.571199324829,
                        "y": 971.8672574458203
                    },
                    {
                        "x": 909.892584088654,
                        "y": 970.3261927670186
                    },
                    {
                        "x": 919.142277435429,
                        "y": 961.299864650826
                    },
                    {
                        "x": 923.7671241088165,
                        "y": 950.9526325909615
                    },
                    {
                        "x": 929.713355546029,
                        "y": 943.0270879947158
                    },
                    {
                        "x": 940.5046510087789,
                        "y": 937.3030902826613
                    },
                    {
                        "x": 946.891357475754,
                        "y": 930.47830905066
                    },
                    {
                        "x": 949.0936519736414,
                        "y": 919.690755520536
                    },
                    {
                        "x": 951.5162041491415,
                        "y": 908.6830614109842
                    },
                    {
                        "x": 960.7658974959165,
                        "y": 897.235045831173
                    },
                    {
                        "x": 961.6468072299789,
                        "y": 887.988577135553
                    },
                    {
                        "x": 960.9861148480664,
                        "y": 878.0816463902459
                    },
                    {
                        "x": 957.6826529385039,
                        "y": 872.3576486781914
                    },
                    {
                        "x": 954.819666058704,
                        "y": 862.0104065404757
                    },
                    {
                        "x": 964.7300517873915,
                        "y": 862.4507179328842
                    },
                    {
                        "x": 976.8427320139665,
                        "y": 868.3948763800684
                    },
                    {
                        "x": 980.3664516011416,
                        "y": 874.9994968769399
                    },
                    {
                        "x": 982.7889634511789,
                        "y": 897.235045831173
                    },
                    {
                        "x": 982.1282710692665,
                        "y": 913.5264564939241
                    },
                    {
                        "x": 980.5866689532916,
                        "y": 925.4147733882926
                    },
                    {
                        "x": 981.0271439830541,
                        "y": 939.72477774628
                    },
                    {
                        "x": 981.247361335204,
                        "y": 950.9526325909615
                    },
                    {
                        "x": 981.9080537171166,
                        "y": 962.4006481707727
                    },
                    {
                        "x": 982.7889634511789,
                        "y": 969.8858712967589
                    },
                    {
                        "x": 982.3485287468791,
                        "y": 977.5912753135771
                    },
                    {
                        "x": 981.6878363649666,
                        "y": 987.9385073734416
                    },
                    {
                        "x": 982.3485287468791,
                        "y": 996.7446747545042
                    },
                    {
                        "x": 984.7710405969165,
                        "y": 1007.9725295991857
                    },
                    {
                        "x": 991.1577470638915,
                        "y": 1023.1631567419901
                    },
                    {
                        "x": 995.5623763851291,
                        "y": 1022.7228352717304
                    },
                    {
                        "x": 996.8837611489541,
                        "y": 1015.6779134603016
                    },
                    {
                        "x": 992.9196068574792,
                        "y": 1005.5508219798646
                    },
                    {
                        "x": 991.3779644160414,
                        "y": 994.7632886054429
                    },
                    {
                        "x": 990.2768373298292,
                        "y": 981.9943489262573
                    },
                    {
                        "x": 991.3779644160414,
                        "y": 972.9680409657672
                    },
                    {
                        "x": 994.9016840032166,
                        "y": 979.1323399923789
                    },
                    {
                        "x": 997.9848882351664,
                        "y": 985.7369604892504
                    },
                    {
                        "x": 1001.7288251744916,
                        "y": 980.6734248268831
                    },
                    {
                        "x": 997.7646708830165,
                        "y": 973.8486435948817
                    },
                    {
                        "x": 993.1398242096291,
                        "y": 965.262636948949
                    },
                    {
                        "x": 992.038656797954,
                        "y": 958.21771513752
                    },
                    {
                        "x": 993.360041561779,
                        "y": 942.806927259586
                    },
                    {
                        "x": 994.0207339436914,
                        "y": 932.2395344645918
                    },
                    {
                        "x": 995.5623763851291,
                        "y": 921.4520010901698
                    },
                    {
                        "x": 1001.288350144729,
                        "y": 902.9590636989296
                    },
                    {
                        "x": 1010.9785185212666,
                        "y": 887.5482758209957
                    },
                    {
                        "x": 1020.8889042499541,
                        "y": 884.6862668871172
                    },
                    {
                        "x": 1026.6149183350167,
                        "y": 882.2645794234984
                    },
                    {
                        "x": 1038.7275985615915,
                        "y": 891.5110481191185
                    },
                    {
                        "x": 1046.8761244966915,
                        "y": 891.2908873839888
                    },
                    {
                        "x": 1048.637984290279,
                        "y": 886.6676530361788
                    },
                    {
                        "x": 1059.209062400879,
                        "y": 895.033519102684
                    },
                    {
                        "x": 1068.678973099804,
                        "y": 902.9590636989296
                    },
                    {
                        "x": 1076.8275393603667,
                        "y": 913.5264564939241
                    },
                    {
                        "x": 1085.416540325229,
                        "y": 926.2953760174074
                    },
                    {
                        "x": 1088.9402195869416,
                        "y": 936.2023067627146
                    },
                    {
                        "x": 1092.0234641443542,
                        "y": 942.806927259586
                    },
                    {
                        "x": 1099.9517727273042,
                        "y": 952.7138580048932
                    },
                    {
                        "x": 1114.927439833679,
                        "y": 956.4564897235883
                    },
                    {
                        "x": 1127.2603777378665,
                        "y": 955.5758669387715
                    },
                    {
                        "x": 1134.748211291054,
                        "y": 960.6394026011388
                    },
                    {
                        "x": 1140.914700405879,
                        "y": 964.1618735847044
                    },
                    {
                        "x": 1145.7597644314167,
                        "y": 971.6471168663927
                    },
                    {
                        "x": 1148.8430089888293,
                        "y": 973.8486435948817
                    },
                    {
                        "x": 1145.9799817835665,
                        "y": 964.3820343198342
                    },
                    {
                        "x": 1141.355135110179,
                        "y": 957.3370923527033
                    },
                    {
                        "x": 1127.7008527676292,
                        "y": 950.0720098061446
                    },
                    {
                        "x": 1121.9748386825665,
                        "y": 948.0906236570831
                    },
                    {
                        "x": 1114.2667474517666,
                        "y": 947.2100210279684
                    },
                    {
                        "x": 1109.8621584559917,
                        "y": 944.34801209409
                    },
                    {
                        "x": 1094.6662336720042,
                        "y": 932.4596951997215
                    },
                    {
                        "x": 1090.702079380529,
                        "y": 919.9109162556657
                    },
                    {
                        "x": 1086.2974500592916,
                        "y": 910.8846082951756
                    },
                    {
                        "x": 1066.9171536316792,
                        "y": 889.9699632846143
                    },
                    {
                        "x": 1040.709675707329,
                        "y": 871.0367245788169
                    },
                    {
                        "x": 1032.7813671243791,
                        "y": 864.4321040819456
                    },
                    {
                        "x": 1041.1501507370917,
                        "y": 859.8088697341357
                    },
                    {
                        "x": 1048.1975092605164,
                        "y": 859.3685583417272
                    },
                    {
                        "x": 1049.7391517019541,
                        "y": 852.7639378448557
                    },
                    {
                        "x": 1048.858201642429,
                        "y": 846.3794680052629
                    },
                    {
                        "x": 1052.1616635519915,
                        "y": 842.41669570714
                    },
                    {
                        "x": 1057.8876776370541,
                        "y": 837.7934613593301
                    },
                    {
                        "x": 1054.143740697729,
                        "y": 832.5097649618328
                    },
                    {
                        "x": 1048.1975092605164,
                        "y": 828.54699266371
                    },
                    {
                        "x": 1053.923523345579,
                        "y": 824.5842203655872
                    },
                    {
                        "x": 1061.1911395466166,
                        "y": 818.6400619184028
                    },
                    {
                        "x": 1063.6136917221168,
                        "y": 812.4757528139398
                    },
                    {
                        "x": 1066.4766786019165,
                        "y": 807.1920564164427
                    },
                    {
                        "x": 1066.9171536316792,
                        "y": 798.3858991132311
                    },
                    {
                        "x": 1070.000357863629,
                        "y": 793.9828154226998
                    },
                    {
                        "x": 1072.4229100391292,
                        "y": 797.7254370635441
                    },
                    {
                        "x": 1074.8454622146292,
                        "y": 799.0463611629183
                    },
                    {
                        "x": 1078.8096165061042,
                        "y": 796.18435222904
                    },
                    {
                        "x": 1078.1489241241916,
                        "y": 789.7998874283727
                    },
                    {
                        "x": 1073.744294802954,
                        "y": 787.1580392296241
                    },
                    {
                        "x": 1068.238538395504,
                        "y": 786.497577179937
                    },
                    {
                        "x": 1070.000357863629,
                        "y": 780.773574428957
                    },
                    {
                        "x": 1073.964512155104,
                        "y": 772.4077184403027
                    },
                    {
                        "x": 1077.4882317422791,
                        "y": 763.8217117943698
                    },
                    {
                        "x": 1073.0836024210416,
                        "y": 757.4257303824348
                    },
                    {
                        "x": 1066.9171536316792,
                        "y": 756.7652683327476
                    },
                    {
                        "x": 1059.8697547827917,
                        "y": 757.2055746862306
                    },
                    {
                        "x": 1050.179586406254,
                        "y": 755.8616173643208
                    },
                    {
                        "x": 1051.0605364657793,
                        "y": 749.9174589171364
                    },
                    {
                        "x": 1058.7685873711164,
                        "y": 748.1562335032048
                    },
                    {
                        "x": 1065.1552938380917,
                        "y": 746.8353094038305
                    },
                    {
                        "x": 1069.5599231593292,
                        "y": 738.9097648075847
                    },
                    {
                        "x": 1068.458755747654,
                        "y": 730.7640594762092
                    },
                    {
                        "x": 1064.2743841040292,
                        "y": 721.737751515719
                    },
                    {
                        "x": 1056.786510225379,
                        "y": 716.6742057755006
                    },
                    {
                        "x": 1049.7391517019541,
                        "y": 712.2711220849692
                    },
                    {
                        "x": 1041.5905854413916,
                        "y": 703.9052761741661
                    },
                    {
                        "x": 1032.1206747424665,
                        "y": 695.7595708427906
                    },
                    {
                        "x": 1023.0911987478414,
                        "y": 690.4758744452935
                    },
                    {
                        "x": 1016.4842749287164,
                        "y": 687.6138755892662
                    },
                    {
                        "x": 1005.2525044362039,
                        "y": 672.6318824924728
                    },
                    {
                        "x": 999.5265105138727,
                        "y": 664.2660365816697
                    },
                    {
                        "x": 991.5982019309228,
                        "y": 659.8629528911383
                    },
                    {
                        "x": 970.0155908426915,
                        "y": 651.0567905490012
                    },
                    {
                        "x": 953.498281294879,
                        "y": 640.4893977540069
                    },
                    {
                        "x": 945.790190064079,
                        "y": 640.049091400524
                    },
                    {
                        "x": 937.4214266140978,
                        "y": 638.0677052514626
                    },
                    {
                        "x": 951.7364215012914,
                        "y": 630.8026227049039
                    },
                    {
                        "x": 964.9502691395414,
                        "y": 624.6383085615155
                    },
                    {
                        "x": 968.253731049104,
                        "y": 619.1344564678141
                    },
                    {
                        "x": 975.3011298979915,
                        "y": 618.2538412413854
                    },
                    {
                        "x": 983.4496558330915,
                        "y": 616.0292737319726
                    },
                    {
                        "x": 981.9080537171166,
                        "y": 612.0665014338496
                    },
                    {
                        "x": 974.1999624863164,
                        "y": 611.4060393841625
                    },
                    {
                        "x": 966.7121289331291,
                        "y": 614.7083496325982
                    },
                    {
                        "x": 961.426589877829,
                        "y": 619.1114232452785
                    },
                    {
                        "x": 951.0757291193789,
                        "y": 621.7532714440271
                    },
                    {
                        "x": 950.855511767229,
                        "y": 614.9285002898769
                    },
                    {
                        "x": 950.1948193853165,
                        "y": 607.6634177433183
                    },
                    {
                        "x": 944.6890428151352,
                        "y": 603.260334052787
                    },
                    {
                        "x": 937.2011890992164,
                        "y": 608.3238797930055
                    },
                    {
                        "x": 933.4572723226227,
                        "y": 613.8277268477813
                    },
                    {
                        "x": 927.070586018379,
                        "y": 622.4137334937142
                    },
                    {
                        "x": 922.4457393449915,
                        "y": 627.0369678415242
                    },
                    {
                        "x": 910.7734938227164,
                        "y": 630.1191274326812
                    },
                    {
                        "x": 912.3151161014227,
                        "y": 624.6152803779054
                    },
                    {
                        "x": 913.1960459982165,
                        "y": 619.3315839804083
                    },
                    {
                        "x": 906.8093395312414,
                        "y": 621.3129701294697
                    },
                    {
                        "x": 899.7619608450852,
                        "y": 626.5966665269668
                    },
                    {
                        "x": 897.3394288323165,
                        "y": 603.9207961024741
                    },
                    {
                        "x": 896.4584989355227,
                        "y": 594.013865357167
                    },
                    {
                        "x": 896.678736450404,
                        "y": 585.2077080539553
                    },
                    {
                        "x": 896.4584989355227,
                        "y": 576.181390015614
                    },
                    {
                        "x": 891.1729598802227,
                        "y": 571.558155667804
                    },
                    {
                        "x": 885.8874208249226,
                        "y": 566.934921319994
                    },
                    {
                        "x": 873.3342655685851,
                        "y": 557.4683019670954
                    },
                    {
                        "x": 864.3048097366915,
                        "y": 556.8078399174083
                    },
                    {
                        "x": 855.9360261239789,
                        "y": 561.6512249224969
                    },
                    {
                        "x": 852.1921093473852,
                        "y": 570.0170809111511
                    },
                    {
                        "x": 850.430269716529,
                        "y": 578.603087557084
                    },
                    {
                        "x": 850.430269716529,
                        "y": 587.8495562527039
                    },
                    {
                        "x": 850.430269716529,
                        "y": 599.5177224897939
                    },
                    {
                        "x": 851.9718718325039,
                        "y": 609.8649545496584
                    }
                ],
                "resin": 2,
                "browning": true
            }
        ],
        "object_id": "A_b14_B_3_1_22-10-03-10-58-1021"
    },
    "Metadata": {
        "Images": {
            "object_id": "A_b14_B_3_1_22-10-03-10-58-1021",
            "path": "1.Traning_원천데이터_꽃_미수정암꽃",
            "width": 2000,
            "height": 1500
        },
        "environment": {
            "area_id": "A",
            "hemp_id": "A_b14_B_3",
            "area_temp": 26.1,
            "area_hum": 80,
            "area_co2": 405,
            "area_Illum": 362,
            "water_temp": 22.6,
            "water_ec": 3.3,
            "water_ph": 4.4
        },
        "Growth Info": {
            "period": 94,
            "length": 70.7,
            "node_number": 23,
            "node_length": 3,
            "root_round": 23.9
        }
    }
}