{
    "annotations": {
        "label": {
            "category": 1
        },
        "polygon": [
            {
                "type": "POLYGON",
                "vertices": [
                    {
                        "x": 1064.6186454434778,
                        "y": 944.3706790097557
                    },
                    {
                        "x": 1071.5228079735812,
                        "y": 946.2539637956941
                    },
                    {
                        "x": 1075.9163659472833,
                        "y": 944.9984406050686
                    },
                    {
                        "x": 1079.054621642785,
                        "y": 941.2318710331919
                    },
                    {
                        "x": 1080.3099239209855,
                        "y": 931.1876855081877
                    },
                    {
                        "x": 1081.565226199186,
                        "y": 925.5378311503728
                    },
                    {
                        "x": 1087.841737590189,
                        "y": 922.3990231738088
                    },
                    {
                        "x": 1101.6500626503957,
                        "y": 927.4211159363109
                    },
                    {
                        "x": 1109.1818763195993,
                        "y": 931.1876855081877
                    },
                    {
                        "x": 1124.8731547971067,
                        "y": 936.8375398660024
                    },
                    {
                        "x": 1134.2879218836113,
                        "y": 934.9542550800642
                    },
                    {
                        "x": 1140.5644332746142,
                        "y": 929.3044007222493
                    },
                    {
                        "x": 1146.213293526517,
                        "y": 927.4211159363109
                    },
                    {
                        "x": 1152.48980491752,
                        "y": 931.1876855081877
                    },
                    {
                        "x": 1156.2557117521217,
                        "y": 937.4653014613152
                    },
                    {
                        "x": 1158.7663163085228,
                        "y": 945.6262022003812
                    },
                    {
                        "x": 1161.2769208649243,
                        "y": 951.903818153509
                    },
                    {
                        "x": 1163.159874282225,
                        "y": 956.2981493206983
                    },
                    {
                        "x": 1167.5534322559272,
                        "y": 958.1814341066366
                    },
                    {
                        "x": 1169.436385673228,
                        "y": 955.6703877253856
                    },
                    {
                        "x": 1167.5534322559272,
                        "y": 946.2539637956941
                    },
                    {
                        "x": 1165.6704788386262,
                        "y": 938.093063056628
                    },
                    {
                        "x": 1177.595850481532,
                        "y": 946.2539637956941
                    },
                    {
                        "x": 1182.6170595943343,
                        "y": 948.1372485816323
                    },
                    {
                        "x": 1188.265919846237,
                        "y": 947.5094869863196
                    },
                    {
                        "x": 1195.1700823763404,
                        "y": 945.6262022003812
                    },
                    {
                        "x": 1201.4465937673433,
                        "y": 944.9984406050686
                    },
                    {
                        "x": 1203.9571983237445,
                        "y": 945.6262022003812
                    },
                    {
                        "x": 1207.095454019246,
                        "y": 943.742917414443
                    },
                    {
                        "x": 1203.9571983237445,
                        "y": 939.3485862472536
                    },
                    {
                        "x": 1199.5636403500425,
                        "y": 938.093063056628
                    },
                    {
                        "x": 1193.2871289590394,
                        "y": 938.093063056628
                    },
                    {
                        "x": 1186.382966428936,
                        "y": 938.7208246519408
                    },
                    {
                        "x": 1180.7341061770335,
                        "y": 938.093063056628
                    },
                    {
                        "x": 1174.4575947860305,
                        "y": 935.582016675377
                    },
                    {
                        "x": 1170.0640368123284,
                        "y": 931.1876855081877
                    },
                    {
                        "x": 1167.5534322559272,
                        "y": 926.7933543409982
                    },
                    {
                        "x": 1188.8935709853374,
                        "y": 926.7933543409982
                    },
                    {
                        "x": 1195.7977335154405,
                        "y": 925.5378311503728
                    },
                    {
                        "x": 1203.3295471846443,
                        "y": 926.1655927456853
                    },
                    {
                        "x": 1210.8613608538478,
                        "y": 924.9100695550599
                    },
                    {
                        "x": 1215.2549188275498,
                        "y": 921.1434999831832
                    },
                    {
                        "x": 1217.7655233839512,
                        "y": 916.7491688159939
                    },
                    {
                        "x": 1217.7655233839512,
                        "y": 912.9825992441173
                    },
                    {
                        "x": 1213.371965410249,
                        "y": 914.2381224347429
                    },
                    {
                        "x": 1205.8401517410455,
                        "y": 918.6324536019322
                    },
                    {
                        "x": 1199.5636403500425,
                        "y": 919.8879767925578
                    },
                    {
                        "x": 1192.0318266808388,
                        "y": 919.260215197245
                    },
                    {
                        "x": 1166.9257811168268,
                        "y": 915.4936456253683
                    },
                    {
                        "x": 1159.3939674476233,
                        "y": 914.8658840300556
                    },
                    {
                        "x": 1155.000409473921,
                        "y": 911.099314458179
                    },
                    {
                        "x": 1145.5856423874166,
                        "y": 906.0772216956768
                    },
                    {
                        "x": 1138.053828718213,
                        "y": 901.6828905284874
                    },
                    {
                        "x": 1120.4795968234046,
                        "y": 891.0109434081703
                    },
                    {
                        "x": 1114.830736571502,
                        "y": 887.2443738362937
                    },
                    {
                        "x": 1110.4371785977999,
                        "y": 880.3389962878533
                    },
                    {
                        "x": 1108.554225180499,
                        "y": 873.433618739413
                    },
                    {
                        "x": 1114.830736571502,
                        "y": 865.9004795956596
                    },
                    {
                        "x": 1123.6178525189061,
                        "y": 862.7616716190958
                    },
                    {
                        "x": 1133.6602707445109,
                        "y": 854.6007708800297
                    },
                    {
                        "x": 1136.1708753009123,
                        "y": 844.5565853550254
                    },
                    {
                        "x": 1137.4261775791126,
                        "y": 832.6291150440828
                    },
                    {
                        "x": 1137.4261775791126,
                        "y": 819.4461215425147
                    },
                    {
                        "x": 1138.053828718213,
                        "y": 805.6353664456337
                    },
                    {
                        "x": 1143.0750378310154,
                        "y": 787.4302801815634
                    },
                    {
                        "x": 1147.4685958047176,
                        "y": 781.1526642284356
                    },
                    {
                        "x": 1151.8621537784195,
                        "y": 774.2472866799952
                    },
                    {
                        "x": 1155.000409473921,
                        "y": 767.3419091315549
                    },
                    {
                        "x": 1156.883362891222,
                        "y": 759.1810083924887
                    },
                    {
                        "x": 1156.2557117521217,
                        "y": 752.2756308440484
                    },
                    {
                        "x": 1155.6280606130215,
                        "y": 742.231445319044
                    },
                    {
                        "x": 1156.2557117521217,
                        "y": 735.9538293659164
                    },
                    {
                        "x": 1155.000409473921,
                        "y": 729.0484518174758
                    },
                    {
                        "x": 1152.48980491752,
                        "y": 724.6541206502865
                    },
                    {
                        "x": 1140.5644332746142,
                        "y": 725.2818822455993
                    },
                    {
                        "x": 1133.0326196054107,
                        "y": 729.0484518174758
                    },
                    {
                        "x": 1122.3625502407056,
                        "y": 734.0705445799781
                    },
                    {
                        "x": 1113.5754342933012,
                        "y": 739.7203989377929
                    },
                    {
                        "x": 1094.7459001202924,
                        "y": 749.7645844627973
                    },
                    {
                        "x": 1090.3523421465902,
                        "y": 756.042200415925
                    },
                    {
                        "x": 1083.4481796164869,
                        "y": 762.3198163690527
                    },
                    {
                        "x": 1080.9375750600857,
                        "y": 757.2977236065504
                    },
                    {
                        "x": 1083.4481796164869,
                        "y": 746.6257764862335
                    },
                    {
                        "x": 1084.0758307555873,
                        "y": 739.7203989377929
                    },
                    {
                        "x": 1090.9799932856906,
                        "y": 728.4206902221632
                    },
                    {
                        "x": 1098.5118069548942,
                        "y": 715.237696720595
                    },
                    {
                        "x": 1102.277713789496,
                        "y": 703.9379880049651
                    },
                    {
                        "x": 1105.4159694849975,
                        "y": 691.3827560987097
                    },
                    {
                        "x": 1112.947783154201,
                        "y": 672.5499082393267
                    },
                    {
                        "x": 1114.830736571502,
                        "y": 662.5057227143224
                    },
                    {
                        "x": 1117.341341127903,
                        "y": 656.2281067611947
                    },
                    {
                        "x": 1119.224294545204,
                        "y": 649.3227292127542
                    },
                    {
                        "x": 1117.9689922670034,
                        "y": 641.789590069001
                    },
                    {
                        "x": 1116.0860388497026,
                        "y": 636.7674973064989
                    },
                    {
                        "x": 1112.3201320151009,
                        "y": 633.628689329935
                    },
                    {
                        "x": 1111.0648297369,
                        "y": 627.3510733768073
                    },
                    {
                        "x": 1109.8095274586994,
                        "y": 620.4456958283669
                    },
                    {
                        "x": 1108.5542251804989,
                        "y": 612.2847950893009
                    },
                    {
                        "x": 1106.6712717631979,
                        "y": 605.3794175408605
                    },
                    {
                        "x": 1107.2989229022983,
                        "y": 600.985086373671
                    },
                    {
                        "x": 1107.9265740413987,
                        "y": 597.2185168017944
                    },
                    {
                        "x": 1106.6712717631979,
                        "y": 594.7074704205434
                    },
                    {
                        "x": 1104.160667206797,
                        "y": 594.7074704205434
                    },
                    {
                        "x": 1102.277713789496,
                        "y": 598.4740399924199
                    },
                    {
                        "x": 1101.0224115112953,
                        "y": 602.2406095642965
                    },
                    {
                        "x": 1100.394760372195,
                        "y": 608.5182255174242
                    },
                    {
                        "x": 1100.394760372195,
                        "y": 612.2847950893009
                    },
                    {
                        "x": 1081.565226199186,
                        "y": 612.9125566846136
                    },
                    {
                        "x": 1076.5440170863835,
                        "y": 611.6570334939881
                    },
                    {
                        "x": 1067.1292499998792,
                        "y": 611.6570334939881
                    },
                    {
                        "x": 1059.5974363306757,
                        "y": 613.5403182799264
                    },
                    {
                        "x": 1060.852738608876,
                        "y": 607.8904639221115
                    },
                    {
                        "x": 1067.7569011389794,
                        "y": 601.6128479689837
                    },
                    {
                        "x": 1072.7781102517818,
                        "y": 595.3352320158561
                    },
                    {
                        "x": 1077.171668225484,
                        "y": 590.9409008486667
                    },
                    {
                        "x": 1082.1928773382863,
                        "y": 589.6853776580411
                    },
                    {
                        "x": 1085.958784172888,
                        "y": 587.1743312767901
                    },
                    {
                        "x": 1085.958784172888,
                        "y": 581.5244769189752
                    },
                    {
                        "x": 1083.4481796164869,
                        "y": 579.0134305377242
                    },
                    {
                        "x": 1079.054621642785,
                        "y": 579.6411921330368
                    },
                    {
                        "x": 1074.6610636690828,
                        "y": 580.8967153236624
                    },
                    {
                        "x": 1067.7569011389794,
                        "y": 585.2910464908518
                    },
                    {
                        "x": 1060.852738608876,
                        "y": 590.9409008486667
                    },
                    {
                        "x": 1057.0868317742743,
                        "y": 597.8462783971072
                    },
                    {
                        "x": 1053.3209249396725,
                        "y": 604.7516559455477
                    },
                    {
                        "x": 1048.2997158268702,
                        "y": 612.9125566846136
                    },
                    {
                        "x": 1040.1402510185662,
                        "y": 623.5845038049307
                    },
                    {
                        "x": 1033.8637396275633,
                        "y": 619.1901726377413
                    },
                    {
                        "x": 1028.2148793756605,
                        "y": 612.9125566846136
                    },
                    {
                        "x": 1021.9383679846575,
                        "y": 606.0071791361731
                    },
                    {
                        "x": 1018.1724611500557,
                        "y": 602.2406095642965
                    },
                    {
                        "x": 1018.8001122891561,
                        "y": 596.5907552064816
                    },
                    {
                        "x": 1021.9383679846575,
                        "y": 593.4519472299178
                    },
                    {
                        "x": 1021.3107168455572,
                        "y": 588.4298544674157
                    },
                    {
                        "x": 1017.5448100109554,
                        "y": 585.2910464908518
                    },
                    {
                        "x": 1013.1512520372532,
                        "y": 584.0355233002263
                    },
                    {
                        "x": 1009.3853452026515,
                        "y": 588.4298544674157
                    },
                    {
                        "x": 1006.8747406462503,
                        "y": 594.0797088252306
                    },
                    {
                        "x": 1004.3641360898492,
                        "y": 600.3573247783582
                    },
                    {
                        "x": 998.7152758379464,
                        "y": 606.6349407314859
                    },
                    {
                        "x": 993.6940667251441,
                        "y": 607.8904639221115
                    },
                    {
                        "x": 982.3963462213386,
                        "y": 612.2847950893009
                    },
                    {
                        "x": 975.4921836912354,
                        "y": 614.1680798752392
                    },
                    {
                        "x": 964.8221143265303,
                        "y": 621.0734574236797
                    },
                    {
                        "x": 954.1520449618251,
                        "y": 634.8842125205605
                    },
                    {
                        "x": 949.758486988123,
                        "y": 642.4173516643137
                    },
                    {
                        "x": 946.6202312926216,
                        "y": 656.8558683565074
                    },
                    {
                        "x": 943.48197559712,
                        "y": 665.0167690955735
                    },
                    {
                        "x": 939.7160687625183,
                        "y": 673.1776698346393
                    },
                    {
                        "x": 940.9713710407187,
                        "y": 659.3669147377586
                    },
                    {
                        "x": 941.5990221798191,
                        "y": 649.3227292127542
                    },
                    {
                        "x": 942.2266733189194,
                        "y": 636.1397357111861
                    },
                    {
                        "x": 940.9713710407187,
                        "y": 625.467788590869
                    },
                    {
                        "x": 941.5990221798191,
                        "y": 616.0513646611774
                    },
                    {
                        "x": 940.9713710407187,
                        "y": 608.5182255174242
                    },
                    {
                        "x": 941.5990221798191,
                        "y": 598.4740399924199
                    },
                    {
                        "x": 942.2266733189194,
                        "y": 593.4519472299178
                    },
                    {
                        "x": 943.48197559712,
                        "y": 589.0576160627284
                    },
                    {
                        "x": 942.2266733189194,
                        "y": 583.4077617049135
                    },
                    {
                        "x": 939.7160687625183,
                        "y": 582.7800001096007
                    },
                    {
                        "x": 935.9501619279165,
                        "y": 584.0355233002263
                    },
                    {
                        "x": 932.8119062324149,
                        "y": 589.0576160627284
                    },
                    {
                        "x": 932.8119062324149,
                        "y": 594.0797088252306
                    },
                    {
                        "x": 932.8119062324149,
                        "y": 601.6128479689837
                    },
                    {
                        "x": 931.5566039542143,
                        "y": 615.4236030658648
                    },
                    {
                        "x": 932.1842550933147,
                        "y": 625.4677885908691
                    },
                    {
                        "x": 930.928952815114,
                        "y": 633.628689329935
                    },
                    {
                        "x": 929.0459993978131,
                        "y": 648.0672060221287
                    },
                    {
                        "x": 929.0459993978131,
                        "y": 663.1334843096352
                    },
                    {
                        "x": 927.1630459805123,
                        "y": 675.6887162158906
                    },
                    {
                        "x": 927.1630459805123,
                        "y": 686.9884249315205
                    },
                    {
                        "x": 924.6524414241111,
                        "y": 695.1493256705864
                    },
                    {
                        "x": 922.1418368677099,
                        "y": 703.3102264096524
                    },
                    {
                        "x": 919.0035811722084,
                        "y": 703.3102264096524
                    },
                    {
                        "x": 915.2376743376066,
                        "y": 703.3102264096524
                    },
                    {
                        "x": 911.4717675030048,
                        "y": 706.4490343862163
                    },
                    {
                        "x": 910.2164652248042,
                        "y": 711.4711271487184
                    },
                    {
                        "x": 910.8441163639045,
                        "y": 717.1209815065333
                    },
                    {
                        "x": 911.4717675030048,
                        "y": 721.5153126737226
                    },
                    {
                        "x": 906.4505583902024,
                        "y": 717.748743101846
                    },
                    {
                        "x": 900.8016981382998,
                        "y": 714.6099351252823
                    },
                    {
                        "x": 896.4081401645976,
                        "y": 716.4932199112205
                    },
                    {
                        "x": 892.0145821908956,
                        "y": 719.6320278877844
                    },
                    {
                        "x": 891.3869310517952,
                        "y": 725.9096438409122
                    },
                    {
                        "x": 892.0145821908956,
                        "y": 729.0484518174759
                    },
                    {
                        "x": 873.1850480178864,
                        "y": 717.1209815065333
                    },
                    {
                        "x": 866.2808854877832,
                        "y": 710.2156039580929
                    },
                    {
                        "x": 860.6320252358804,
                        "y": 704.5657496002779
                    },
                    {
                        "x": 849.9619558711753,
                        "y": 694.5215640752737
                    },
                    {
                        "x": 847.4513513147742,
                        "y": 690.1272329080844
                    },
                    {
                        "x": 843.6854444801724,
                        "y": 682.594093764331
                    },
                    {
                        "x": 841.1748399237711,
                        "y": 678.1997625971417
                    },
                    {
                        "x": 838.0365842282697,
                        "y": 675.6887162158906
                    },
                    {
                        "x": 835.5259796718684,
                        "y": 678.8275241924545
                    },
                    {
                        "x": 835.5259796718684,
                        "y": 684.4773785502692
                    },
                    {
                        "x": 836.7812819500691,
                        "y": 688.8717097174587
                    },
                    {
                        "x": 820.4623523334612,
                        "y": 676.9442394065161
                    },
                    {
                        "x": 816.6964454988595,
                        "y": 674.433193025265
                    },
                    {
                        "x": 811.0475852469568,
                        "y": 671.9221466440139
                    },
                    {
                        "x": 806.6540272732548,
                        "y": 670.0388618580757
                    },
                    {
                        "x": 803.5157715777532,
                        "y": 668.7833386674502
                    },
                    {
                        "x": 799.7498647431514,
                        "y": 668.7833386674502
                    },
                    {
                        "x": 795.9839579085497,
                        "y": 670.0388618580757
                    },
                    {
                        "x": 796.6116090476498,
                        "y": 675.0609546205778
                    },
                    {
                        "x": 798.4945624649508,
                        "y": 676.9442394065161
                    },
                    {
                        "x": 805.3987249950541,
                        "y": 678.8275241924545
                    },
                    {
                        "x": 812.9305386642577,
                        "y": 683.2218553596438
                    },
                    {
                        "x": 841.8024910628715,
                        "y": 705.1935111955908
                    },
                    {
                        "x": 848.0790024538744,
                        "y": 710.2156039580929
                    },
                    {
                        "x": 856.2384672621785,
                        "y": 717.748743101846
                    },
                    {
                        "x": 866.2808854877832,
                        "y": 728.4206902221632
                    },
                    {
                        "x": 875.6956525742877,
                        "y": 736.5815909612292
                    },
                    {
                        "x": 878.8339082697892,
                        "y": 740.9759221284185
                    },
                    {
                        "x": 863.1426297922817,
                        "y": 745.9980148909207
                    },
                    {
                        "x": 858.7490718185795,
                        "y": 746.6257764862335
                    },
                    {
                        "x": 841.1748399237711,
                        "y": 742.859206914357
                    },
                    {
                        "x": 835.5259796718684,
                        "y": 742.2314453190442
                    },
                    {
                        "x": 829.8771194199658,
                        "y": 743.4869685096696
                    },
                    {
                        "x": 826.111212585364,
                        "y": 748.5090612721717
                    },
                    {
                        "x": 819.2070500552607,
                        "y": 749.7645844627973
                    },
                    {
                        "x": 812.3028875251574,
                        "y": 752.2756308440484
                    },
                    {
                        "x": 807.9093295514552,
                        "y": 757.9254852018632
                    },
                    {
                        "x": 806.0263761341544,
                        "y": 763.5753395596782
                    },
                    {
                        "x": 803.5157715777532,
                        "y": 770.4807171081186
                    },
                    {
                        "x": 799.7498647431514,
                        "y": 774.2472866799953
                    },
                    {
                        "x": 795.3563067694492,
                        "y": 775.5028098706209
                    },
                    {
                        "x": 790.9627487957472,
                        "y": 779.2693794424974
                    },
                    {
                        "x": 791.5903999348475,
                        "y": 783.0359490143741
                    },
                    {
                        "x": 796.6116090476498,
                        "y": 784.2914722049995
                    },
                    {
                        "x": 804.1434227168535,
                        "y": 779.8971410378102
                    },
                    {
                        "x": 808.5369806905557,
                        "y": 774.2472866799953
                    },
                    {
                        "x": 815.4411432206589,
                        "y": 774.875048275308
                    },
                    {
                        "x": 820.4623523334612,
                        "y": 771.1084787034314
                    },
                    {
                        "x": 825.4835614462637,
                        "y": 769.8529555128059
                    },
                    {
                        "x": 833.0153751154672,
                        "y": 766.7141475362421
                    },
                    {
                        "x": 827.3665148635646,
                        "y": 777.3860946565592
                    },
                    {
                        "x": 823.6006080289628,
                        "y": 783.6637106096869
                    },
                    {
                        "x": 821.7176546116619,
                        "y": 789.9413265628144
                    },
                    {
                        "x": 822.9729568898624,
                        "y": 794.3356577300038
                    },
                    {
                        "x": 824.8559103071633,
                        "y": 799.357750492506
                    },
                    {
                        "x": 826.7388637244642,
                        "y": 805.007604850321
                    },
                    {
                        "x": 824.8559103071633,
                        "y": 810.657459208136
                    },
                    {
                        "x": 822.3453057507621,
                        "y": 819.4461215425147
                    },
                    {
                        "x": 822.3453057507621,
                        "y": 826.3514990909551
                    },
                    {
                        "x": 821.0900034725615,
                        "y": 830.7458302581445
                    },
                    {
                        "x": 823.6006080289628,
                        "y": 833.2568766393956
                    },
                    {
                        "x": 827.9941660026649,
                        "y": 827.6070222815807
                    },
                    {
                        "x": 829.8771194199658,
                        "y": 819.4461215425147
                    },
                    {
                        "x": 831.7600728372666,
                        "y": 810.657459208136
                    },
                    {
                        "x": 833.0153751154672,
                        "y": 807.518651231572
                    },
                    {
                        "x": 837.4089330891693,
                        "y": 808.1464128268849
                    },
                    {
                        "x": 841.8024910628715,
                        "y": 808.1464128268849
                    },
                    {
                        "x": 848.7066535929748,
                        "y": 806.2631280409464
                    },
                    {
                        "x": 859.3767229576799,
                        "y": 811.2852208034486
                    },
                    {
                        "x": 877.5786059915886,
                        "y": 835.7679230206467
                    },
                    {
                        "x": 883.2274662434913,
                        "y": 842.0455389737745
                    },
                    {
                        "x": 886.3657219389927,
                        "y": 848.323154926902
                    },
                    {
                        "x": 885.7380707998925,
                        "y": 855.2285324753425
                    },
                    {
                        "x": 876.323303713388,
                        "y": 861.5061484284703
                    },
                    {
                        "x": 868.7914900441845,
                        "y": 864.6449564050339
                    },
                    {
                        "x": 861.8873275140811,
                        "y": 862.7616716190958
                    },
                    {
                        "x": 853.1002115666769,
                        "y": 860.2506252378447
                    },
                    {
                        "x": 846.1960490365735,
                        "y": 862.1339100237828
                    },
                    {
                        "x": 839.9195376455706,
                        "y": 864.6449564050339
                    },
                    {
                        "x": 836.1536308109688,
                        "y": 867.7837643815978
                    },
                    {
                        "x": 834.8983285327682,
                        "y": 872.1780955487873
                    },
                    {
                        "x": 835.5259796718684,
                        "y": 876.5724267159766
                    },
                    {
                        "x": 838.66423536737,
                        "y": 879.0834730972276
                    },
                    {
                        "x": 833.6430262545674,
                        "y": 882.8500426691044
                    },
                    {
                        "x": 826.7388637244642,
                        "y": 888.4998970269193
                    },
                    {
                        "x": 820.4623523334611,
                        "y": 894.1497513847343
                    },
                    {
                        "x": 816.6964454988594,
                        "y": 899.1718441472364
                    },
                    {
                        "x": 813.5581898033579,
                        "y": 896.0330361706725
                    },
                    {
                        "x": 812.3028875251572,
                        "y": 891.6387050034832
                    },
                    {
                        "x": 810.4199341078563,
                        "y": 887.2443738362937
                    },
                    {
                        "x": 807.281678412355,
                        "y": 886.616612240981
                    },
                    {
                        "x": 804.7710738559537,
                        "y": 891.0109434081703
                    },
                    {
                        "x": 804.1434227168534,
                        "y": 896.0330361706725
                    },
                    {
                        "x": 805.3987249950541,
                        "y": 902.938413719113
                    },
                    {
                        "x": 807.9093295514551,
                        "y": 907.9605064816151
                    },
                    {
                        "x": 812.9305386642576,
                        "y": 909.8437912675535
                    },
                    {
                        "x": 818.5793989161602,
                        "y": 909.8437912675535
                    },
                    {
                        "x": 825.4835614462636,
                        "y": 904.1939369097385
                    },
                    {
                        "x": 833.0153751154672,
                        "y": 897.2885593612981
                    },
                    {
                        "x": 854.9831649839776,
                        "y": 887.8721354316066
                    },
                    {
                        "x": 865.0255832095824,
                        "y": 885.3610890503554
                    },
                    {
                        "x": 878.2062571306889,
                        "y": 882.8500426691044
                    },
                    {
                        "x": 888.2486753562936,
                        "y": 879.0834730972277
                    },
                    {
                        "x": 897.663442442798,
                        "y": 874.0613803347255
                    },
                    {
                        "x": 905.8229072511019,
                        "y": 862.7616716190958
                    },
                    {
                        "x": 914.6100231985062,
                        "y": 849.5786781175276
                    },
                    {
                        "x": 927.1630459805122,
                        "y": 840.7900157831489
                    },
                    {
                        "x": 939.0884176234179,
                        "y": 832.6291150440828
                    },
                    {
                        "x": 949.1308358490227,
                        "y": 832.6291150440828
                    },
                    {
                        "x": 963.5668120483296,
                        "y": 831.3735918534574
                    },
                    {
                        "x": 971.0986257175332,
                        "y": 838.2789694018978
                    },
                    {
                        "x": 977.3751371085363,
                        "y": 842.6733005690872
                    },
                    {
                        "x": 984.9069507777398,
                        "y": 842.6733005690872
                    },
                    {
                        "x": 986.7899041950408,
                        "y": 867.1560027862852
                    },
                    {
                        "x": 984.2792996386394,
                        "y": 878.4557115019151
                    },
                    {
                        "x": 979.2580905258371,
                        "y": 888.4998970269193
                    },
                    {
                        "x": 971.7262768566334,
                        "y": 897.9163209566109
                    },
                    {
                        "x": 961.6838586310287,
                        "y": 906.0772216956769
                    },
                    {
                        "x": 934.6948596497158,
                        "y": 932.4432086988131
                    },
                    {
                        "x": 926.535394841412,
                        "y": 939.3485862472536
                    },
                    {
                        "x": 917.7482788940077,
                        "y": 946.2539637956941
                    },
                    {
                        "x": 911.4717675030047,
                        "y": 954.41486453476
                    },
                    {
                        "x": 908.3335118075031,
                        "y": 960.0647188925749
                    },
                    {
                        "x": 905.1952561120017,
                        "y": 964.4590500597644
                    },
                    {
                        "x": 903.3123026947009,
                        "y": 970.1089044175792
                    },
                    {
                        "x": 903.3123026947009,
                        "y": 974.5032355847686
                    },
                    {
                        "x": 905.8229072511019,
                        "y": 978.897566751958
                    },
                    {
                        "x": 912.0994186421051,
                        "y": 977.0142819660197
                    },
                    {
                        "x": 915.2376743376064,
                        "y": 973.247712394143
                    },
                    {
                        "x": 918.3759300331079,
                        "y": 966.9700964410155
                    },
                    {
                        "x": 924.0247902850107,
                        "y": 966.9700964410155
                    },
                    {
                        "x": 932.8119062324149,
                        "y": 966.9700964410155
                    },
                    {
                        "x": 942.2266733189193,
                        "y": 965.0868116550771
                    },
                    {
                        "x": 947.2478824317218,
                        "y": 959.4369572972623
                    },
                    {
                        "x": 957.2903006573265,
                        "y": 955.0426261300728
                    },
                    {
                        "x": 961.6838586310287,
                        "y": 955.6703877253856
                    },
                    {
                        "x": 968.588021161132,
                        "y": 958.8091957019493
                    },
                    {
                        "x": 976.1198348303355,
                        "y": 963.8312884644516
                    },
                    {
                        "x": 986.1622530559403,
                        "y": 966.3423348457027
                    },
                    {
                        "x": 996.8323224206454,
                        "y": 968.2256196316409
                    },
                    {
                        "x": 1013.7789031763537,
                        "y": 963.8312884644516
                    },
                    {
                        "x": 1023.8213214019584,
                        "y": 957.5536725113238
                    },
                    {
                        "x": 1025.076623680159,
                        "y": 948.1372485816323
                    },
                    {
                        "x": 1029.4701816538611,
                        "y": 941.8596326285046
                    },
                    {
                        "x": 1038.2572976012652,
                        "y": 936.8375398660024
                    },
                    {
                        "x": 1046.4167624095692,
                        "y": 934.9542550800642
                    },
                    {
                        "x": 1052.0656226614717,
                        "y": 936.8375398660024
                    },
                    {
                        "x": 1061.4803897479762,
                        "y": 943.1151558191301
                    }
                ],
                "resin": 3,
                "browning": false
            }
        ],
        "object_id": "A_b11_A_3_3_22-10-04-09-40-1030"
    },
    "Metadata": {
        "Images": {
            "object_id": "A_b11_A_3_3_22-10-04-09-40-1030",
            "path": "1.Traning_원천데이터_꽃_미수정암꽃",
            "width": 2000,
            "height": 1500
        },
        "environment": {
            "area_id": "A",
            "hemp_id": "A_b11_A_3",
            "area_temp": 25.4,
            "area_hum": 80,
            "area_co2": 185,
            "area_Illum": 646,
            "water_temp": 22.6,
            "water_ec": 3.4,
            "water_ph": 4.4
        },
        "Growth Info": {
            "period": 95,
            "length": 76.3,
            "node_number": 25,
            "node_length": 3,
            "root_round": 17.1
        }
    }
}