{
    "annotations": {
        "label": {
            "category": 1
        },
        "polygon": [
            {
                "type": "POLYGON",
                "vertices": [
                    {
                        "x": 854.4749695224124,
                        "y": 521.3946875493614
                    },
                    {
                        "x": 854.4749695224124,
                        "y": 512.0994022031832
                    },
                    {
                        "x": 862.3025782349835,
                        "y": 504.76101903514774
                    },
                    {
                        "x": 871.5978635811616,
                        "y": 498.4010869561838
                    },
                    {
                        "x": 878.936246749197,
                        "y": 493.50883151082684
                    },
                    {
                        "x": 890.6776598180538,
                        "y": 487.6381249763986
                    },
                    {
                        "x": 895.080689718875,
                        "y": 477.364388541149
                    },
                    {
                        "x": 894.5914641743391,
                        "y": 464.644524383221
                    },
                    {
                        "x": 894.5914641743391,
                        "y": 450.94620913622157
                    },
                    {
                        "x": 893.6130130852679,
                        "y": 438.2263449782935
                    },
                    {
                        "x": 890.1884342735179,
                        "y": 423.54957864222274
                    },
                    {
                        "x": 886.7638554617681,
                        "y": 411.3189400288304
                    },
                    {
                        "x": 882.3608255609468,
                        "y": 401.0452035935808
                    },
                    {
                        "x": 876.4901190265186,
                        "y": 391.26069270286695
                    },
                    {
                        "x": 869.6409614030189,
                        "y": 380.9869562676174
                    },
                    {
                        "x": 865.7271570467333,
                        "y": 371.69167092143925
                    },
                    {
                        "x": 858.8779994232337,
                        "y": 363.8640622088681
                    },
                    {
                        "x": 853.9857439778768,
                        "y": 354.07955131815424
                    },
                    {
                        "x": 855.9426461560195,
                        "y": 350.6549725064044
                    },
                    {
                        "x": 862.3025782349835,
                        "y": 354.07955131815424
                    },
                    {
                        "x": 870.6194124920903,
                        "y": 365.8209643870109
                    },
                    {
                        "x": 878.936246749197,
                        "y": 380.00850517854605
                    },
                    {
                        "x": 884.8069532836255,
                        "y": 390.2822416137956
                    },
                    {
                        "x": 892.1453364516608,
                        "y": 404.95900794986636
                    },
                    {
                        "x": 900.4621707087674,
                        "y": 419.6357742859372
                    },
                    {
                        "x": 906.3328772431959,
                        "y": 441.1616982455077
                    },
                    {
                        "x": 908.2897794213387,
                        "y": 454.8600134925071
                    },
                    {
                        "x": 909.2682305104101,
                        "y": 467.09065210589944
                    },
                    {
                        "x": 909.7574560549457,
                        "y": 477.85361408568474
                    },
                    {
                        "x": 913.1820348666956,
                        "y": 484.2135461646487
                    },
                    {
                        "x": 920.0311924901952,
                        "y": 489.59502715454136
                    },
                    {
                        "x": 922.4773202128739,
                        "y": 495.46573368896964
                    },
                    {
                        "x": 922.9665457574094,
                        "y": 501.336440223398
                    },
                    {
                        "x": 921.4988691238025,
                        "y": 509.65327448050476
                    },
                    {
                        "x": 919.0527414011237,
                        "y": 518.4593342821472
                    },
                    {
                        "x": 914.6497115003026,
                        "y": 524.3300408165755
                    },
                    {
                        "x": 909.2682305104101,
                        "y": 532.1576495291466
                    },
                    {
                        "x": 910.7359071440171,
                        "y": 540.9637093307891
                    },
                    {
                        "x": 915.628162589374,
                        "y": 550.748220221503
                    },
                    {
                        "x": 920.0311924901952,
                        "y": 559.5542800231455
                    },
                    {
                        "x": 926.880350113695,
                        "y": 556.6189267559313
                    },
                    {
                        "x": 935.6864099153374,
                        "y": 548.7913180433602
                    },
                    {
                        "x": 947.9170485287298,
                        "y": 543.4098370534676
                    },
                    {
                        "x": 961.1261382311935,
                        "y": 538.028356063575
                    },
                    {
                        "x": 969.4429724883004,
                        "y": 535.0930027963608
                    },
                    {
                        "x": 982.6520621907639,
                        "y": 532.6468750736824
                    },
                    {
                        "x": 996.3503774377635,
                        "y": 532.6468750736824
                    },
                    {
                        "x": 1009.5594671402271,
                        "y": 535.5822283408964
                    },
                    {
                        "x": 1013.9624970410483,
                        "y": 539.9852582417177
                    },
                    {
                        "x": 1016.4086247637266,
                        "y": 541.4529348753248
                    },
                    {
                        "x": 1025.7039101099049,
                        "y": 532.1576495291466
                    },
                    {
                        "x": 1034.5099699115474,
                        "y": 521.3946875493614
                    },
                    {
                        "x": 1044.2944808022612,
                        "y": 507.69637230236197
                    },
                    {
                        "x": 1055.0574427820466,
                        "y": 494.48728259989826
                    },
                    {
                        "x": 1065.8204047618317,
                        "y": 482.25664398650594
                    },
                    {
                        "x": 1074.6264645634742,
                        "y": 471.98290755125635
                    },
                    {
                        "x": 1084.900200998724,
                        "y": 463.1768477496139
                    },
                    {
                        "x": 1093.7062608003664,
                        "y": 458.2845923042569
                    },
                    {
                        "x": 1101.5338695129374,
                        "y": 450.94620913622157
                    },
                    {
                        "x": 1112.2968314927227,
                        "y": 434.80176616654364
                    },
                    {
                        "x": 1118.167538027151,
                        "y": 425.5064808203655
                    },
                    {
                        "x": 1124.527470106115,
                        "y": 414.2542932960446
                    },
                    {
                        "x": 1130.887402185079,
                        "y": 402.0236546826522
                    },
                    {
                        "x": 1135.2904320859002,
                        "y": 392.2391437919384
                    },
                    {
                        "x": 1137.7365598085787,
                        "y": 383.43308399029587
                    },
                    {
                        "x": 1137.247334264043,
                        "y": 375.6054752777248
                    },
                    {
                        "x": 1133.3335299077576,
                        "y": 366.7994154760823
                    },
                    {
                        "x": 1132.8443043632217,
                        "y": 360.92870894165395
                    },
                    {
                        "x": 1136.2688831749717,
                        "y": 358.9718067635112
                    },
                    {
                        "x": 1141.6503641648642,
                        "y": 362.88561111979675
                    },
                    {
                        "x": 1144.5857174320784,
                        "y": 373.648573099582
                    },
                    {
                        "x": 1144.5857174320784,
                        "y": 388.8145649801885
                    },
                    {
                        "x": 1141.6503641648642,
                        "y": 399.0883014154381
                    },
                    {
                        "x": 1136.7581087195074,
                        "y": 408.38358676161624
                    },
                    {
                        "x": 1133.3335299077576,
                        "y": 416.2111954741873
                    },
                    {
                        "x": 1128.9305000069362,
                        "y": 426.4849319094369
                    },
                    {
                        "x": 1125.5059211951864,
                        "y": 434.80176616654364
                    },
                    {
                        "x": 1122.5705679279722,
                        "y": 445.56472814632895
                    },
                    {
                        "x": 1118.167538027151,
                        "y": 452.41388576982865
                    },
                    {
                        "x": 1112.7860570372584,
                        "y": 457.30614121518556
                    },
                    {
                        "x": 1106.4261249582944,
                        "y": 462.19839666054247
                    },
                    {
                        "x": 1101.0446439684017,
                        "y": 465.6229754722924
                    },
                    {
                        "x": 1092.7278097112949,
                        "y": 471.98290755125635
                    },
                    {
                        "x": 1086.3678776323309,
                        "y": 477.85361408568474
                    },
                    {
                        "x": 1071.2018857517244,
                        "y": 498.8903125007195
                    },
                    {
                        "x": 1061.9066004055462,
                        "y": 510.1425000250404
                    },
                    {
                        "x": 1053.1005406039037,
                        "y": 521.883913093897
                    },
                    {
                        "x": 1045.7621574358684,
                        "y": 530.6899728955395
                    },
                    {
                        "x": 1037.9345487232972,
                        "y": 539.9852582417177
                    },
                    {
                        "x": 1027.171586743512,
                        "y": 552.7051223996458
                    },
                    {
                        "x": 1025.7039101099049,
                        "y": 560.0435055676812
                    },
                    {
                        "x": 1032.0638421888689,
                        "y": 560.5327311122169
                    },
                    {
                        "x": 1043.31602971319,
                        "y": 554.1727990332529
                    },
                    {
                        "x": 1054.568217237511,
                        "y": 549.2805435878959
                    },
                    {
                        "x": 1063.3742770391534,
                        "y": 545.3667392316104
                    },
                    {
                        "x": 1078.54026891976,
                        "y": 540.9637093307891
                    },
                    {
                        "x": 1088.8140053550094,
                        "y": 538.028356063575
                    },
                    {
                        "x": 1095.1739374339734,
                        "y": 534.6037772518251
                    },
                    {
                        "x": 1102.023095057473,
                        "y": 529.7115218064682
                    },
                    {
                        "x": 1109.3614782255086,
                        "y": 528.7330707173968
                    },
                    {
                        "x": 1117.6783124826152,
                        "y": 534.1145517072894
                    },
                    {
                        "x": 1121.592116838901,
                        "y": 537.0499049745035
                    },
                    {
                        "x": 1129.4197255514719,
                        "y": 539.496032697182
                    },
                    {
                        "x": 1133.8227554522932,
                        "y": 533.6253261627537
                    },
                    {
                        "x": 1139.6934619867216,
                        "y": 532.6468750736824
                    },
                    {
                        "x": 1142.6288152539357,
                        "y": 535.5822283408964
                    },
                    {
                        "x": 1147.5210706992925,
                        "y": 539.9852582417177
                    },
                    {
                        "x": 1155.3486794118637,
                        "y": 540.9637093307891
                    },
                    {
                        "x": 1164.6439647580419,
                        "y": 543.4098370534676
                    },
                    {
                        "x": 1168.0685435697917,
                        "y": 546.3451903206818
                    },
                    {
                        "x": 1167.0900924807204,
                        "y": 551.7266713105744
                    },
                    {
                        "x": 1177.3638289159699,
                        "y": 552.21589685511
                    },
                    {
                        "x": 1184.2129865394695,
                        "y": 552.21589685511
                    },
                    {
                        "x": 1189.1052419848265,
                        "y": 550.2589946769673
                    },
                    {
                        "x": 1195.9543996083262,
                        "y": 549.2805435878959
                    },
                    {
                        "x": 1201.3358805982189,
                        "y": 552.7051223996458
                    },
                    {
                        "x": 1203.7820083208974,
                        "y": 558.0866033895384
                    },
                    {
                        "x": 1204.271233865433,
                        "y": 561.5111822012882
                    },
                    {
                        "x": 1211.1203914889327,
                        "y": 561.0219566567525
                    },
                    {
                        "x": 1213.5665192116112,
                        "y": 559.0650544786098
                    },
                    {
                        "x": 1219.9264512905752,
                        "y": 550.748220221503
                    },
                    {
                        "x": 1226.7756089140748,
                        "y": 541.4529348753248
                    },
                    {
                        "x": 1230.6894132703605,
                        "y": 534.6037772518251
                    },
                    {
                        "x": 1235.5816687157173,
                        "y": 526.7761685392541
                    },
                    {
                        "x": 1238.0277964383959,
                        "y": 518.4593342821472
                    },
                    {
                        "x": 1239.0062475274672,
                        "y": 511.12095111411185
                    },
                    {
                        "x": 1238.0277964383959,
                        "y": 503.2933424015407
                    },
                    {
                        "x": 1236.5601198047889,
                        "y": 498.4010869561838
                    },
                    {
                        "x": 1239.0062475274672,
                        "y": 495.46573368896964
                    },
                    {
                        "x": 1243.4092774282885,
                        "y": 498.4010869561838
                    },
                    {
                        "x": 1245.3661796064312,
                        "y": 504.27179349061214
                    },
                    {
                        "x": 1245.855405150967,
                        "y": 512.5886277477189
                    },
                    {
                        "x": 1244.8769540618955,
                        "y": 521.883913093897
                    },
                    {
                        "x": 1240.96314970561,
                        "y": 530.6899728955395
                    },
                    {
                        "x": 1238.0277964383959,
                        "y": 538.028356063575
                    },
                    {
                        "x": 1227.0598580151823,
                        "y": 557.1013575012372
                    },
                    {
                        "x": 1224.2286916694895,
                        "y": 561.0649903852069
                    },
                    {
                        "x": 1221.1144086892275,
                        "y": 565.3117399037459
                    },
                    {
                        "x": 1220.8312920546582,
                        "y": 568.4260228840078
                    },
                    {
                        "x": 1224.5118083040588,
                        "y": 570.4078393259928
                    },
                    {
                        "x": 1227.90920791889,
                        "y": 574.6545888445318
                    },
                    {
                        "x": 1228.7585578225978,
                        "y": 580.0338049013478
                    },
                    {
                        "x": 1229.0416744571671,
                        "y": 585.1299043235946
                    },
                    {
                        "x": 1230.174140995444,
                        "y": 589.6597704767029
                    },
                    {
                        "x": 1229.3247910917364,
                        "y": 592.7740534569648
                    },
                    {
                        "x": 1224.5118083040588,
                        "y": 594.4727532643805
                    },
                    {
                        "x": 1222.529991862074,
                        "y": 591.0753536495492
                    },
                    {
                        "x": 1223.0962251312123,
                        "y": 585.6961375927332
                    },
                    {
                        "x": 1222.529991862074,
                        "y": 580.8831548050556
                    },
                    {
                        "x": 1220.5481754200891,
                        "y": 576.9195219210859
                    },
                    {
                        "x": 1218.566358978104,
                        "y": 574.3714722099625
                    },
                    {
                        "x": 1214.036492824996,
                        "y": 574.937705479101
                    },
                    {
                        "x": 1210.3559765755954,
                        "y": 577.7688718247937
                    },
                    {
                        "x": 1205.5429937879178,
                        "y": 582.0156213433327
                    },
                    {
                        "x": 1197.8988446545477,
                        "y": 588.2441873038565
                    },
                    {
                        "x": 1191.6702786940239,
                        "y": 592.2078201878263
                    },
                    {
                        "x": 1183.459896291515,
                        "y": 597.0208029755038
                    },
                    {
                        "x": 1173.2676974470214,
                        "y": 600.7013192249043
                    },
                    {
                        "x": 1161.9430320642507,
                        "y": 604.9480687434433
                    },
                    {
                        "x": 1150.61836668148,
                        "y": 606.9298851854281
                    },
                    {
                        "x": 1138.4443513950016,
                        "y": 608.6285849928438
                    },
                    {
                        "x": 1129.384619088785,
                        "y": 610.0441681656902
                    },
                    {
                        "x": 1115.8459816236827,
                        "y": 619.7154324025761
                    },
                    {
                        "x": 1106.4691586867486,
                        "y": 626.2384396630521
                    },
                    {
                        "x": 1095.8692718884752,
                        "y": 631.9460710159684
                    },
                    {
                        "x": 1082.415569413744,
                        "y": 638.876766230224
                    },
                    {
                        "x": 1072.22337056925,
                        "y": 644.5843975831406
                    },
                    {
                        "x": 1057.1389162793996,
                        "y": 649.8843409822772
                    },
                    {
                        "x": 1047.3544053886856,
                        "y": 654.3689084738544
                    },
                    {
                        "x": 1037.162206544192,
                        "y": 658.4457880116519
                    },
                    {
                        "x": 1026.5623197459186,
                        "y": 663.3380434570088
                    },
                    {
                        "x": 1023.7085040694604,
                        "y": 664.9687952721277
                    },
                    {
                        "x": 1035.531454729073,
                        "y": 668.2302989023657
                    },
                    {
                        "x": 1048.1697812962452,
                        "y": 670.6764266250442
                    },
                    {
                        "x": 1059.585044002078,
                        "y": 674.3456182090619
                    },
                    {
                        "x": 1069.369554892792,
                        "y": 679.6455616081986
                    },
                    {
                        "x": 1078.746377829726,
                        "y": 683.3147531922162
                    },
                    {
                        "x": 1083.6386332750828,
                        "y": 686.983944776234
                    },
                    {
                        "x": 1087.7155128128804,
                        "y": 695.1377038518289
                    },
                    {
                        "x": 1087.7155128128804,
                        "y": 704.514526788763
                    },
                    {
                        "x": 1085.6770730439816,
                        "y": 711.8529099567984
                    },
                    {
                        "x": 1081.6001935061843,
                        "y": 716.7451654021553
                    },
                    {
                        "x": 1075.484874199488,
                        "y": 720.8220449399528
                    },
                    {
                        "x": 1068.5541789852323,
                        "y": 725.30661243153
                    },
                    {
                        "x": 1060.8081078634173,
                        "y": 729.7911799231072
                    },
                    {
                        "x": 1053.4697246953817,
                        "y": 733.4603715071248
                    },
                    {
                        "x": 1046.9467174349058,
                        "y": 737.5372510449223
                    },
                    {
                        "x": 1040.0160222206503,
                        "y": 741.20644262894
                    },
                    {
                        "x": 1033.0853270063947,
                        "y": 745.2833221667374
                    },
                    {
                        "x": 1026.9700076996985,
                        "y": 745.2833221667374
                    },
                    {
                        "x": 1024.1161920232403,
                        "y": 750.1755776120943
                    },
                    {
                        "x": 1025.3392558845794,
                        "y": 757.10627282635
                    },
                    {
                        "x": 1024.52387997702,
                        "y": 761.5908403179272
                    },
                    {
                        "x": 1019.631624531663,
                        "y": 763.6292800868259
                    },
                    {
                        "x": 1011.4778654560681,
                        "y": 764.8523439481652
                    },
                    {
                        "x": 1004.1394822880327,
                        "y": 764.8523439481652
                    },
                    {
                        "x": 1002.5087304729137,
                        "y": 768.5215355321828
                    },
                    {
                        "x": 1002.101042519134,
                        "y": 772.5984150699803
                    },
                    {
                        "x": 996.3934111662176,
                        "y": 773.8214789313196
                    },
                    {
                        "x": 992.3165316284201,
                        "y": 766.4830957632842
                    },
                    {
                        "x": 993.1319075359796,
                        "y": 760.7754644103677
                    },
                    {
                        "x": 997.2087870737771,
                        "y": 758.3293366876892
                    },
                    {
                        "x": 1004.5471702418124,
                        "y": 757.9216487339095
                    },
                    {
                        "x": 1012.7009293174074,
                        "y": 757.9216487339095
                    },
                    {
                        "x": 1015.9624329476453,
                        "y": 758.3293366876892
                    },
                    {
                        "x": 1017.5931847627643,
                        "y": 753.0293932885526
                    },
                    {
                        "x": 1017.1854968089846,
                        "y": 745.6910101205171
                    },
                    {
                        "x": 1018.000872716544,
                        "y": 740.3910667213805
                    },
                    {
                        "x": 1021.2623763467819,
                        "y": 737.944938998702
                    },
                    {
                        "x": 1029.4161354223768,
                        "y": 737.5372510449223
                    },
                    {
                        "x": 1035.531454729073,
                        "y": 735.4988112760235
                    },
                    {
                        "x": 1043.685213804668,
                        "y": 731.4219317382261
                    },
                    {
                        "x": 1049.3928451575844,
                        "y": 727.7527401542084
                    },
                    {
                        "x": 1063.6619235398755,
                        "y": 717.9682292634945
                    },
                    {
                        "x": 1068.5541789852323,
                        "y": 714.2990376794769
                    },
                    {
                        "x": 1073.854122384369,
                        "y": 710.6298460954591
                    },
                    {
                        "x": 1079.1540657835058,
                        "y": 706.9606545114415
                    },
                    {
                        "x": 1079.1540657835058,
                        "y": 702.4760870198643
                    },
                    {
                        "x": 1074.6694982919284,
                        "y": 697.1761436207275
                    },
                    {
                        "x": 1066.1080512625538,
                        "y": 693.5069520367099
                    },
                    {
                        "x": 1055.5081644642805,
                        "y": 690.245448406472
                    },
                    {
                        "x": 1042.4621499433288,
                        "y": 687.3916327300137
                    },
                    {
                        "x": 1027.785383607258,
                        "y": 683.722441145996
                    },
                    {
                        "x": 1013.5163052249668,
                        "y": 679.2378736544188
                    },
                    {
                        "x": 1003.731794334253,
                        "y": 675.9763700241808
                    },
                    {
                        "x": 998.0241629813365,
                        "y": 675.1609941166214
                    },
                    {
                        "x": 993.5395954897593,
                        "y": 675.1609941166214
                    },
                    {
                        "x": 984.570460506605,
                        "y": 678.830185700639
                    },
                    {
                        "x": 976.0090134772304,
                        "y": 682.091689330877
                    },
                    {
                        "x": 965.409126678957,
                        "y": 687.3916327300137
                    },
                    {
                        "x": 956.4399916958026,
                        "y": 692.2838881753706
                    },
                    {
                        "x": 947.4708567126482,
                        "y": 696.7684556669478
                    },
                    {
                        "x": 939.7247855908331,
                        "y": 699.2145833896263
                    },
                    {
                        "x": 933.2017783303572,
                        "y": 702.4760870198643
                    },
                    {
                        "x": 928.71721083878,
                        "y": 711.4452220030187
                    },
                    {
                        "x": 924.6403313009826,
                        "y": 717.9682292634945
                    },
                    {
                        "x": 919.3403879018458,
                        "y": 731.0142437844463
                    },
                    {
                        "x": 917.3019481329471,
                        "y": 741.20644262894
                    },
                    {
                        "x": 917.3019481329471,
                        "y": 751.3986414734336
                    },
                    {
                        "x": 918.5250119942864,
                        "y": 765.6677198557246
                    },
                    {
                        "x": 920.5634517631851,
                        "y": 775.0445427926587
                    },
                    {
                        "x": 921.3788276707446,
                        "y": 785.6444295909321
                    },
                    {
                        "x": 922.194203578304,
                        "y": 790.9443729900688
                    },
                    {
                        "x": 924.6403313009826,
                        "y": 787.6828693598309
                    },
                    {
                        "x": 931.1633385614584,
                        "y": 781.9752380069144
                    },
                    {
                        "x": 934.4248421916964,
                        "y": 775.8599187002183
                    },
                    {
                        "x": 938.0940337757141,
                        "y": 771.7830391624208
                    },
                    {
                        "x": 941.3555374059521,
                        "y": 770.5599753010815
                    },
                    {
                        "x": 943.8016651286306,
                        "y": 774.2291668850993
                    },
                    {
                        "x": 942.986289221071,
                        "y": 779.5291102842359
                    },
                    {
                        "x": 940.1324735446128,
                        "y": 783.6059898220334
                    },
                    {
                        "x": 935.6479060530356,
                        "y": 788.4982452673903
                    },
                    {
                        "x": 930.7556506076787,
                        "y": 794.2058766203068
                    },
                    {
                        "x": 926.2710831161015,
                        "y": 798.690444111884
                    },
                    {
                        "x": 923.4172674396433,
                        "y": 802.3596356959016
                    },
                    {
                        "x": 922.6018915320839,
                        "y": 808.4749550025978
                    },
                    {
                        "x": 923.0095794858636,
                        "y": 815.4056502168535
                    },
                    {
                        "x": 924.2326433472028,
                        "y": 822.7440333848889
                    },
                    {
                        "x": 926.6787710698812,
                        "y": 835.7900479058407
                    },
                    {
                        "x": 924.6403313009826,
                        "y": 842.3130551663166
                    },
                    {
                        "x": 919.3403879018458,
                        "y": 845.5745587965546
                    },
                    {
                        "x": 911.5943167800307,
                        "y": 847.2053106116736
                    },
                    {
                        "x": 903.0328697506561,
                        "y": 850.0591262881318
                    },
                    {
                        "x": 896.1021745364004,
                        "y": 852.5052540108102
                    },
                    {
                        "x": 887.9484154608056,
                        "y": 854.9513817334887
                    },
                    {
                        "x": 879.3869684314309,
                        "y": 858.2128853637266
                    },
                    {
                        "x": 871.6408973096158,
                        "y": 860.6590130864051
                    },
                    {
                        "x": 868.3793936793778,
                        "y": 863.5128287628634
                    },
                    {
                        "x": 869.6024575407171,
                        "y": 871.2588998846785
                    },
                    {
                        "x": 873.2716491247347,
                        "y": 877.7819071451544
                    },
                    {
                        "x": 876.5331527549727,
                        "y": 883.081850544291
                    },
                    {
                        "x": 878.5715925238715,
                        "y": 888.3817939434277
                    },
                    {
                        "x": 877.3485286625322,
                        "y": 892.8663614350049
                    },
                    {
                        "x": 874.0870250322943,
                        "y": 896.5355530190226
                    },
                    {
                        "x": 870.0101454944968,
                        "y": 899.7970566492605
                    },
                    {
                        "x": 867.5640177718183,
                        "y": 903.4662482332783
                    },
                    {
                        "x": 866.7486418642588,
                        "y": 908.7661916324149
                    },
                    {
                        "x": 865.9332659566993,
                        "y": 913.2507591239921
                    },
                    {
                        "x": 863.4871382340209,
                        "y": 917.3276386617896
                    },
                    {
                        "x": 860.225634603783,
                        "y": 921.8122061533668
                    },
                    {
                        "x": 858.594882788664,
                        "y": 927.5198375062832
                    },
                    {
                        "x": 859.0025707424437,
                        "y": 935.6735965818781
                    },
                    {
                        "x": 863.8948261878006,
                        "y": 940.565852027235
                    },
                    {
                        "x": 869.6024575407171,
                        "y": 940.9735399810148
                    },
                    {
                        "x": 875.3100888936335,
                        "y": 940.9735399810148
                    },
                    {
                        "x": 878.9792804776512,
                        "y": 941.7889158885743
                    },
                    {
                        "x": 880.6100322927701,
                        "y": 945.0504195188122
                    },
                    {
                        "x": 874.0870250322943,
                        "y": 947.4965472414907
                    },
                    {
                        "x": 870.0101454944968,
                        "y": 947.4965472414907
                    },
                    {
                        "x": 862.2640743726816,
                        "y": 946.2734833801514
                    },
                    {
                        "x": 855.7410671122058,
                        "y": 942.6042917961338
                    },
                    {
                        "x": 852.8872514357475,
                        "y": 937.304348396997
                    },
                    {
                        "x": 851.6641875744083,
                        "y": 925.8890856911643
                    },
                    {
                        "x": 853.2949393895273,
                        "y": 920.9968302458072
                    },
                    {
                        "x": 855.3333791584259,
                        "y": 916.9199507080099
                    },
                    {
                        "x": 856.9641309735449,
                        "y": 914.0661350315517
                    },
                    {
                        "x": 858.1871948348842,
                        "y": 909.1738795861947
                    },
                    {
                        "x": 859.4102586962234,
                        "y": 904.2816241408377
                    },
                    {
                        "x": 861.4486984651221,
                        "y": 898.9816807417011
                    },
                    {
                        "x": 866.3409539104791,
                        "y": 895.3124891576834
                    },
                    {
                        "x": 869.1947695869372,
                        "y": 892.0509855274454
                    },
                    {
                        "x": 868.7870816331575,
                        "y": 886.7510421283088
                    },
                    {
                        "x": 866.3409539104791,
                        "y": 881.451098729172
                    },
                    {
                        "x": 863.4871382340209,
                        "y": 875.7434673762557
                    },
                    {
                        "x": 859.4102586962234,
                        "y": 869.6281480695595
                    },
                    {
                        "x": 856.1487550659855,
                        "y": 868.4050842082203
                    },
                    {
                        "x": 847.5873080366108,
                        "y": 870.0358360233392
                    },
                    {
                        "x": 839.8412369147957,
                        "y": 872.8896516997975
                    },
                    {
                        "x": 819.0491512720288,
                        "y": 882.2664746367316
                    },
                    {
                        "x": 811.7107681039934,
                        "y": 886.7510421283088
                    },
                    {
                        "x": 804.7800728897377,
                        "y": 891.6432975736657
                    },
                    {
                        "x": 797.0340017679225,
                        "y": 897.7586168803618
                    },
                    {
                        "x": 789.2879306461074,
                        "y": 905.0970000483973
                    },
                    {
                        "x": 781.949547478072,
                        "y": 911.6200073088731
                    },
                    {
                        "x": 776.2419161251555,
                        "y": 918.1430145693491
                    },
                    {
                        "x": 768.9035329571202,
                        "y": 926.296773644944
                    },
                    {
                        "x": 761.9728377428645,
                        "y": 934.0428447667591
                    },
                    {
                        "x": 756.6728943437278,
                        "y": 943.4196677036932
                    },
                    {
                        "x": 755.0421425286088,
                        "y": 949.9426749641691
                    },
                    {
                        "x": 757.4882702512873,
                        "y": 957.6887460859843
                    },
                    {
                        "x": 759.1190220664063,
                        "y": 964.2117533464602
                    },
                    {
                        "x": 761.157461835305,
                        "y": 970.7347606069361
                    },
                    {
                        "x": 767.680469095781,
                        "y": 973.5885762833943
                    },
                    {
                        "x": 771.7573486335783,
                        "y": 976.4423919598526
                    },
                    {
                        "x": 772.1650365873581,
                        "y": 979.2962076363108
                    },
                    {
                        "x": 770.1265968184593,
                        "y": 982.9653992203284
                    },
                    {
                        "x": 767.680469095781,
                        "y": 987.8576546656853
                    },
                    {
                        "x": 762.3805256966442,
                        "y": 991.5268462497031
                    },
                    {
                        "x": 756.6728943437278,
                        "y": 992.7499101110424
                    },
                    {
                        "x": 755.0421425286088,
                        "y": 989.8960944345841
                    },
                    {
                        "x": 760.7497738815252,
                        "y": 983.780775127888
                    },
                    {
                        "x": 756.265206389948,
                        "y": 978.4808317287512
                    },
                    {
                        "x": 747.7037593605735,
                        "y": 975.627016052293
                    },
                    {
                        "x": 745.257631637895,
                        "y": 971.1424485607158
                    },
                    {
                        "x": 746.0730075454545,
                        "y": 962.988689485121
                    },
                    {
                        "x": 745.257631637895,
                        "y": 959.727185854883
                    },
                    {
                        "x": 741.1807521000975,
                        "y": 961.357937670002
                    },
                    {
                        "x": 734.2500568858419,
                        "y": 963.8040653926805
                    },
                    {
                        "x": 726.0962978102469,
                        "y": 965.4348172077995
                    },
                    {
                        "x": 718.7579146422116,
                        "y": 962.988689485121
                    },
                    {
                        "x": 717.5348507808724,
                        "y": 957.6887460859843
                    },
                    {
                        "x": 721.20404236489,
                        "y": 956.8733701784248
                    },
                    {
                        "x": 728.1347375791457,
                        "y": 957.2810581322045
                    },
                    {
                        "x": 732.6193050707229,
                        "y": 956.0579942708653
                    },
                    {
                        "x": 739.1423123311988,
                        "y": 953.2041785944072
                    },
                    {
                        "x": 742.4038159614367,
                        "y": 948.3119231490501
                    },
                    {
                        "x": 744.0345677765557,
                        "y": 942.6042917961338
                    },
                    {
                        "x": 744.8499436841153,
                        "y": 934.4505327205388
                    },
                    {
                        "x": 744.8499436841153,
                        "y": 928.3352134138427
                    },
                    {
                        "x": 743.626879822776,
                        "y": 923.4429579684858
                    },
                    {
                        "x": 735.0654327934013,
                        "y": 923.035270014706
                    },
                    {
                        "x": 724.8732339489078,
                        "y": 920.9968302458072
                    },
                    {
                        "x": 717.5348507808724,
                        "y": 917.3276386617896
                    },
                    {
                        "x": 712.2349073817356,
                        "y": 914.4738229853314
                    },
                    {
                        "x": 708.1580278439383,
                        "y": 909.1738795861947
                    },
                    {
                        "x": 706.5272760288193,
                        "y": 914.8815109391111
                    },
                    {
                        "x": 701.6350205834623,
                        "y": 920.5891422920275
                    },
                    {
                        "x": 697.5581410456649,
                        "y": 923.8506459222655
                    },
                    {
                        "x": 691.0351337851889,
                        "y": 926.296773644944
                    },
                    {
                        "x": 686.142878339832,
                        "y": 927.5198375062832
                    },
                    {
                        "x": 682.4736867558144,
                        "y": 931.5967170440806
                    },
                    {
                        "x": 680.8429349406954,
                        "y": 936.8966604432173
                    },
                    {
                        "x": 679.6198710793561,
                        "y": 941.3812279347945
                    },
                    {
                        "x": 675.5429915415586,
                        "y": 943.4196677036932
                    },
                    {
                        "x": 674.3199276802194,
                        "y": 938.5274122583363
                    },
                    {
                        "x": 675.1353035877789,
                        "y": 931.1890290903009
                    },
                    {
                        "x": 677.9891192642372,
                        "y": 925.8890856911643
                    },
                    {
                        "x": 682.0659988020345,
                        "y": 922.2198941071465
                    },
                    {
                        "x": 687.773630154951,
                        "y": 920.5891422920275
                    },
                    {
                        "x": 693.4812615078674,
                        "y": 919.7737663844681
                    },
                    {
                        "x": 698.3735169532243,
                        "y": 916.9199507080099
                    },
                    {
                        "x": 700.8196446759029,
                        "y": 912.4353832164327
                    },
                    {
                        "x": 702.4503964910218,
                        "y": 905.9123759559568
                    },
                    {
                        "x": 704.8965242137002,
                        "y": 900.2047446030404
                    },
                    {
                        "x": 710.6041555666167,
                        "y": 899.7970566492605
                    },
                    {
                        "x": 715.9040989657534,
                        "y": 903.873936187058
                    },
                    {
                        "x": 722.4271062262293,
                        "y": 908.7661916324149
                    },
                    {
                        "x": 732.2116171169431,
                        "y": 911.6200073088731
                    },
                    {
                        "x": 739.9576882387582,
                        "y": 912.027695262653
                    },
                    {
                        "x": 746.888383453014,
                        "y": 907.5431277710758
                    },
                    {
                        "x": 748.9268232219126,
                        "y": 894.0894252963442
                    },
                    {
                        "x": 751.7806388983709,
                        "y": 883.081850544291
                    },
                    {
                        "x": 754.2267666210494,
                        "y": 866.7743323931013
                    },
                    {
                        "x": 758.3036461588468,
                        "y": 830.0824165529243
                    },
                    {
                        "x": 759.1190220664063,
                        "y": 826.8209129226863
                    },
                    {
                        "x": 760.7497738815252,
                        "y": 818.2594658933117
                    },
                    {
                        "x": 761.5651497890848,
                        "y": 807.2518911412586
                    },
                    {
                        "x": 766.4574052344417,
                        "y": 772.1907271162006
                    },
                    {
                        "x": 767.680469095781,
                        "y": 762.4062162254867
                    },
                    {
                        "x": 769.7189088646796,
                        "y": 752.214017380993
                    },
                    {
                        "x": 770.1265968184593,
                        "y": 741.20644262894
                    },
                    {
                        "x": 772.9804124949176,
                        "y": 728.5681160617679
                    },
                    {
                        "x": 775.0188522638164,
                        "y": 719.5989810786135
                    },
                    {
                        "x": 768.4958450033404,
                        "y": 724.4912365239704
                    },
                    {
                        "x": 763.1959016042038,
                        "y": 727.3450522004287
                    },
                    {
                        "x": 755.8575184361683,
                        "y": 731.4219317382261
                    },
                    {
                        "x": 742.4038159614367,
                        "y": 738.7603149062616
                    },
                    {
                        "x": 734.2500568858419,
                        "y": 737.1295630911426
                    },
                    {
                        "x": 731.3962412093837,
                        "y": 730.1988678768869
                    },
                    {
                        "x": 733.0269930245026,
                        "y": 722.4527967550717
                    },
                    {
                        "x": 735.8808087009609,
                        "y": 716.3374774483756
                    },
                    {
                        "x": 739.5500002849785,
                        "y": 708.9990942803402
                    },
                    {
                        "x": 743.626879822776,
                        "y": 700.8453352047453
                    },
                    {
                        "x": 754.2267666210494,
                        "y": 686.983944776234
                    },
                    {
                        "x": 757.895958205067,
                        "y": 678.0148097930796
                    },
                    {
                        "x": 761.5651497890848,
                        "y": 671.4918025326036
                    },
                    {
                        "x": 758.3036461588468,
                        "y": 671.4918025326036
                    },
                    {
                        "x": 750.9652629908114,
                        "y": 675.1609941166214
                    },
                    {
                        "x": 746.4806954992342,
                        "y": 678.4224977468593
                    },
                    {
                        "x": 740.7730641463178,
                        "y": 685.3531929611149
                    },
                    {
                        "x": 737.1038725623001,
                        "y": 690.6531363602517
                    },
                    {
                        "x": 730.988553255604,
                        "y": 695.1377038518289
                    },
                    {
                        "x": 726.9116737178065,
                        "y": 697.5838315745074
                    },
                    {
                        "x": 720.3886664573306,
                        "y": 700.8453352047453
                    },
                    {
                        "x": 713.0502832892952,
                        "y": 707.7760304190009
                    },
                    {
                        "x": 708.1580278439383,
                        "y": 714.2990376794769
                    },
                    {
                        "x": 705.7119001212598,
                        "y": 719.5989810786135
                    },
                    {
                        "x": 700.411956722123,
                        "y": 730.6065558306666
                    },
                    {
                        "x": 696.3350771843257,
                        "y": 729.3834919693273
                    },
                    {
                        "x": 695.9273892305459,
                        "y": 720.4143569861731
                    },
                    {
                        "x": 695.1120133229864,
                        "y": 713.0759738181376
                    },
                    {
                        "x": 696.3350771843257,
                        "y": 706.5529665576616
                    },
                    {
                        "x": 699.5965808145636,
                        "y": 700.8453352047453
                    },
                    {
                        "x": 704.4888362599205,
                        "y": 694.7300158980491
                    },
                    {
                        "x": 718.3502266884318,
                        "y": 687.3916327300137
                    },
                    {
                        "x": 723.6501700875685,
                        "y": 682.9070652384365
                    },
                    {
                        "x": 727.3193616715862,
                        "y": 676.7917459317404
                    },
                    {
                        "x": 729.357801440485,
                        "y": 670.2687386712645
                    },
                    {
                        "x": 728.9501134867052,
                        "y": 665.7841711796873
                    },
                    {
                        "x": 718.7579146422116,
                        "y": 655.5919723351936
                    },
                    {
                        "x": 711.8272194279559,
                        "y": 649.8843409822772
                    },
                    {
                        "x": 701.6350205834623,
                        "y": 641.7305819066823
                    },
                    {
                        "x": 693.0735735540877,
                        "y": 634.3921987386469
                    },
                    {
                        "x": 684.512126524713,
                        "y": 627.869191478171
                    },
                    {
                        "x": 677.5814313104573,
                        "y": 622.1615601252546
                    },
                    {
                        "x": 669.8353601886422,
                        "y": 614.4154890034395
                    },
                    {
                        "x": 661.2739131592676,
                        "y": 607.077105835404
                    },
                    {
                        "x": 653.1201540836727,
                        "y": 598.5156588060294
                    },
                    {
                        "x": 644.9663950080778,
                        "y": 593.2157154068927
                    },
                    {
                        "x": 638.8510757013817,
                        "y": 585.8773322388573
                    },
                    {
                        "x": 632.3280684409058,
                        "y": 581.8004527010598
                    },
                    {
                        "x": 624.1743093653108,
                        "y": 585.8773322388573
                    },
                    {
                        "x": 616.4282382434957,
                        "y": 589.9542117766548
                    },
                    {
                        "x": 608.6821671216805,
                        "y": 594.0310913144522
                    },
                    {
                        "x": 601.751471907425,
                        "y": 598.1079708522497
                    },
                    {
                        "x": 594.8207766931693,
                        "y": 602.5925383438268
                    },
                    {
                        "x": 589.5208332940326,
                        "y": 606.6694178816243
                    },
                    {
                        "x": 581.7747621722174,
                        "y": 610.7462974194217
                    },
                    {
                        "x": 572.8056271890631,
                        "y": 610.338609465642
                    },
                    {
                        "x": 569.9518115126049,
                        "y": 605.4463540202851
                    },
                    {
                        "x": 574.0286910504022,
                        "y": 601.3694744824876
                    },
                    {
                        "x": 579.7363224033187,
                        "y": 597.2925949446902
                    },
                    {
                        "x": 587.0747055713541,
                        "y": 591.5849635917738
                    },
                    {
                        "x": 593.59771283183,
                        "y": 587.1003961001966
                    },
                    {
                        "x": 602.1591598612047,
                        "y": 580.9850767935004
                    },
                    {
                        "x": 609.9052309830198,
                        "y": 576.9081972557029
                    },
                    {
                        "x": 613.1667346132577,
                        "y": 574.4620695330245
                    },
                    {
                        "x": 609.4975430292401,
                        "y": 567.5313743187688
                    },
                    {
                        "x": 605.0129755376629,
                        "y": 563.4544947809713
                    },
                    {
                        "x": 596.4515285082882,
                        "y": 558.5622393356144
                    },
                    {
                        "x": 591.1515851091516,
                        "y": 551.223856167579
                    },
                    {
                        "x": 587.0747055713541,
                        "y": 544.7008489071031
                    },
                    {
                        "x": 587.8900814789135,
                        "y": 539.8085934617462
                    },
                    {
                        "x": 585.0362658024554,
                        "y": 531.2471464323716
                    },
                    {
                        "x": 582.1824501259972,
                        "y": 525.1318271256754
                    },
                    {
                        "x": 579.7363224033187,
                        "y": 516.162692142521
                    },
                    {
                        "x": 577.69788263442,
                        "y": 509.6396848820451
                    },
                    {
                        "x": 575.2517549117415,
                        "y": 501.0782378526705
                    },
                    {
                        "x": 574.8440669579618,
                        "y": 492.1091028695161
                    },
                    {
                        "x": 574.0286910504022,
                        "y": 485.58609560904017
                    },
                    {
                        "x": 573.6210030966225,
                        "y": 479.470776302344
                    },
                    {
                        "x": 572.3979392352833,
                        "y": 474.1708329032073
                    },
                    {
                        "x": 571.9902512815036,
                        "y": 469.2785774578504
                    },
                    {
                        "x": 573.2133151428428,
                        "y": 465.20169792005294
                    },
                    {
                        "x": 575.6594428655212,
                        "y": 462.34788224359477
                    },
                    {
                        "x": 582.9978260335566,
                        "y": 457.0479388444581
                    },
                    {
                        "x": 586.6670176175744,
                        "y": 455.00949907555935
                    },
                    {
                        "x": 588.2977694326934,
                        "y": 457.0479388444581
                    },
                    {
                        "x": 585.8516417100149,
                        "y": 460.309442474696
                    },
                    {
                        "x": 582.5901380797769,
                        "y": 462.7555701973745
                    },
                    {
                        "x": 578.5132585419794,
                        "y": 466.0170738276124
                    },
                    {
                        "x": 576.4748187730808,
                        "y": 469.68626541163013
                    },
                    {
                        "x": 576.8825067268605,
                        "y": 474.5785208569871
                    },
                    {
                        "x": 577.2901946806403,
                        "y": 478.6554003947845
                    },
                    {
                        "x": 578.9209464957593,
                        "y": 485.17840765526046
                    },
                    {
                        "x": 580.5516983108782,
                        "y": 491.70141491573634
                    },
                    {
                        "x": 582.5901380797769,
                        "y": 499.85517399133124
                    },
                    {
                        "x": 585.4439537562351,
                        "y": 509.23199692826535
                    },
                    {
                        "x": 587.8900814789135,
                        "y": 516.162692142521
                    },
                    {
                        "x": 591.1515851091516,
                        "y": 523.9087632643361
                    },
                    {
                        "x": 596.0438405545085,
                        "y": 530.8394584785918
                    },
                    {
                        "x": 608.6821671216805,
                        "y": 543.8854729995436
                    },
                    {
                        "x": 614.7974864283767,
                        "y": 548.3700404911208
                    },
                    {
                        "x": 619.2820539199539,
                        "y": 553.2622959364778
                    },
                    {
                        "x": 623.3589334577514,
                        "y": 553.2622959364778
                    },
                    {
                        "x": 628.658876856888,
                        "y": 553.2622959364778
                    },
                    {
                        "x": 634.3665082098045,
                        "y": 550.4084802600196
                    },
                    {
                        "x": 639.2587636551614,
                        "y": 547.1469766297816
                    },
                    {
                        "x": 645.7817709156374,
                        "y": 546.7392886760018
                    },
                    {
                        "x": 650.2663384072146,
                        "y": 550.0007923062398
                    },
                    {
                        "x": 652.3047781761132,
                        "y": 557.3391754742752
                    },
                    {
                        "x": 658.0124095290297,
                        "y": 556.9314875204955
                    },
                    {
                        "x": 666.9815445121841,
                        "y": 554.485359797817
                    },
                    {
                        "x": 675.1353035877789,
                        "y": 552.4469200289183
                    },
                    {
                        "x": 684.9198144784928,
                        "y": 549.59310435246
                    },
                    {
                        "x": 689.40438197007,
                        "y": 547.5546645835614
                    },
                    {
                        "x": 698.3735169532243,
                        "y": 544.2931609533234
                    },
                    {
                        "x": 709.7887796590572,
                        "y": 538.9932175541867
                    },
                    {
                        "x": 727.7270496253659,
                        "y": 524.316451218116
                    },
                    {
                        "x": 735.4731207471812,
                        "y": 516.9780680500805
                    },
                    {
                        "x": 745.257631637895,
                        "y": 507.19355715936666
                    },
                    {
                        "x": 751.7806388983709,
                        "y": 503.1166776215692
                    },
                    {
                        "x": 759.526710020186,
                        "y": 499.03979808377176
                    },
                    {
                        "x": 768.4958450033404,
                        "y": 496.5936703610933
                    },
                    {
                        "x": 777.4649799864948,
                        "y": 497.001358314873
                    },
                    {
                        "x": 790.9186824612264,
                        "y": 498.632110129992
                    },
                    {
                        "x": 801.9262572132794,
                        "y": 499.85517399133124
                    },
                    {
                        "x": 812.1184560577731,
                        "y": 503.1166776215692
                    },
                    {
                        "x": 822.7183428560464,
                        "y": 505.9704932980274
                    },
                    {
                        "x": 835.7643573769982,
                        "y": 509.6396848820451
                    },
                    {
                        "x": 843.9181164525932,
                        "y": 515.3473162349616
                    },
                    {
                        "x": 850.0334357592893,
                        "y": 519.0165078189792
                    }
                ],
                "resin": 2,
                "browning": true
            }
        ],
        "object_id": "A_b13_B_2_3_22-10-06-10-21-1021"
    },
    "Metadata": {
        "Images": {
            "object_id": "A_b13_B_2_3_22-10-06-10-21-1021",
            "path": "1.Traning_원천데이터_꽃_미수정암꽃",
            "width": 2000,
            "height": 1500
        },
        "environment": {
            "area_id": "A",
            "hemp_id": "A_b13_B_2",
            "area_temp": 25.2,
            "area_hum": 80,
            "area_co2": 212,
            "area_Illum": 95,
            "water_temp": 21.8,
            "water_ec": 3.6,
            "water_ph": 4.4
        },
        "Growth Info": {
            "period": 97,
            "length": 30.3,
            "node_number": 19,
            "node_length": 1.5,
            "root_round": 7.2
        }
    }
}