{
    "annotations": {
        "label": {
            "category": 1
        },
        "polygon": [
            {
                "type": "POLYGON",
                "vertices": [
                    {
                        "x": 1286.7538305835524,
                        "y": 777.9256713750426
                    },
                    {
                        "x": 1286.7538305835524,
                        "y": 765.4005872478692
                    },
                    {
                        "x": 1285.0458645662106,
                        "y": 751.7368591091347
                    },
                    {
                        "x": 1279.3526445084044,
                        "y": 740.3504189935226
                    },
                    {
                        "x": 1275.936712473721,
                        "y": 730.6719448952523
                    },
                    {
                        "x": 1278.2140004968433,
                        "y": 714.7309287333953
                    },
                    {
                        "x": 1284.47654256043,
                        "y": 707.3297426582474
                    },
                    {
                        "x": 1292.4470506413584,
                        "y": 697.0819465541965
                    },
                    {
                        "x": 1294.1550166587003,
                        "y": 685.1261844328037
                    },
                    {
                        "x": 1292.4470506413584,
                        "y": 660.6453381842376
                    },
                    {
                        "x": 1293.0163726471392,
                        "y": 645.8429660339418
                    },
                    {
                        "x": 1290.169762618236,
                        "y": 630.4712718778654
                    },
                    {
                        "x": 1286.7538305835524,
                        "y": 613.3916117044473
                    },
                    {
                        "x": 1281.0606105257464,
                        "y": 596.8812735368097
                    },
                    {
                        "x": 1276.5060344795015,
                        "y": 580.3709353691721
                    },
                    {
                        "x": 1277.075356485282,
                        "y": 562.7219531899733
                    },
                    {
                        "x": 1278.7833225026238,
                        "y": 548.4889030454581
                    },
                    {
                        "x": 1280.4912885199658,
                        "y": 537.102462929846
                    },
                    {
                        "x": 1285.0458645662106,
                        "y": 531.9785648778205
                    },
                    {
                        "x": 1281.0606105257464,
                        "y": 527.4239888315757
                    },
                    {
                        "x": 1277.075356485282,
                        "y": 529.7012768546981
                    },
                    {
                        "x": 1274.228746456379,
                        "y": 538.2411069414072
                    },
                    {
                        "x": 1271.9514584332567,
                        "y": 546.7809370281162
                    },
                    {
                        "x": 1270.8128144216955,
                        "y": 559.8753431610702
                    },
                    {
                        "x": 1270.8128144216955,
                        "y": 587.2027994385394
                    },
                    {
                        "x": 1275.936712473721,
                        "y": 611.1143236813249
                    },
                    {
                        "x": 1279.3526445084044,
                        "y": 627.6246618489624
                    },
                    {
                        "x": 1281.629932531527,
                        "y": 640.1497459761358
                    },
                    {
                        "x": 1281.0606105257464,
                        "y": 646.9816100455031
                    },
                    {
                        "x": 1276.5060344795015,
                        "y": 648.6895760628449
                    },
                    {
                        "x": 1279.3526445084044,
                        "y": 651.5361860917479
                    },
                    {
                        "x": 1279.9219665141852,
                        "y": 662.92262620736
                    },
                    {
                        "x": 1278.7833225026238,
                        "y": 676.5863543460946
                    },
                    {
                        "x": 1279.9219665141852,
                        "y": 690.8194044906098
                    },
                    {
                        "x": 1278.2140004968433,
                        "y": 694.8046585310741
                    },
                    {
                        "x": 1273.6594244505984,
                        "y": 682.2795744039007
                    },
                    {
                        "x": 1266.8275603812313,
                        "y": 673.170422311411
                    },
                    {
                        "x": 1260.5650183176444,
                        "y": 662.3533042015795
                    },
                    {
                        "x": 1254.3024762540579,
                        "y": 650.3975420801867
                    },
                    {
                        "x": 1249.1785782020324,
                        "y": 646.4122880397225
                    },
                    {
                        "x": 1246.90129017891,
                        "y": 637.3031359472327
                    },
                    {
                        "x": 1249.747900207813,
                        "y": 626.4860178374013
                    },
                    {
                        "x": 1250.8865442193742,
                        "y": 609.9756796697636
                    },
                    {
                        "x": 1250.3172222135936,
                        "y": 590.0494094674424
                    },
                    {
                        "x": 1245.1933241615682,
                        "y": 555.890089120606
                    },
                    {
                        "x": 1239.500104103762,
                        "y": 531.4092428720398
                    },
                    {
                        "x": 1238.3614600922008,
                        "y": 502.37382057722897
                    },
                    {
                        "x": 1238.3614600922008,
                        "y": 479.6009403460047
                    },
                    {
                        "x": 1238.9307820979814,
                        "y": 471.06111025929556
                    },
                    {
                        "x": 1241.7773921268845,
                        "y": 464.2292461899283
                    },
                    {
                        "x": 1247.4706121846905,
                        "y": 457.397382120561
                    },
                    {
                        "x": 1248.6092561962519,
                        "y": 451.1348400569743
                    },
                    {
                        "x": 1241.7773921268845,
                        "y": 451.1348400569743
                    },
                    {
                        "x": 1233.2375620401754,
                        "y": 459.1053481379028
                    },
                    {
                        "x": 1228.6829859939305,
                        "y": 468.78382223617314
                    },
                    {
                        "x": 1224.6977319534662,
                        "y": 483.58619438646895
                    },
                    {
                        "x": 1226.9750199765888,
                        "y": 489.279414444275
                    },
                    {
                        "x": 1225.8363759650274,
                        "y": 514.3295826986217
                    },
                    {
                        "x": 1224.1284099476857,
                        "y": 535.3944969125041
                    },
                    {
                        "x": 1228.11366398815,
                        "y": 562.7219531899733
                    },
                    {
                        "x": 1230.960274017053,
                        "y": 589.4800874616618
                    },
                    {
                        "x": 1228.11366398815,
                        "y": 602.5744935946158
                    },
                    {
                        "x": 1227.5443419823694,
                        "y": 616.8075437391309
                    },
                    {
                        "x": 1221.2817999187826,
                        "y": 612.252967692886
                    },
                    {
                        "x": 1216.7272238725377,
                        "y": 618.5155097564727
                    },
                    {
                        "x": 1222.420443930344,
                        "y": 622.500763796937
                    },
                    {
                        "x": 1225.8363759650274,
                        "y": 629.9019498720849
                    },
                    {
                        "x": 1225.2670539592468,
                        "y": 642.9963560050388
                    },
                    {
                        "x": 1224.1284099476857,
                        "y": 656.0907621379928
                    },
                    {
                        "x": 1217.2965458783183,
                        "y": 660.076016178457
                    },
                    {
                        "x": 1213.8806138436348,
                        "y": 663.4919482131406
                    },
                    {
                        "x": 1219.0045118956602,
                        "y": 667.4772022536049
                    },
                    {
                        "x": 1220.1431559072214,
                        "y": 676.5863543460946
                    },
                    {
                        "x": 1219.0045118956602,
                        "y": 687.4034724559261
                    },
                    {
                        "x": 1218.4351898898797,
                        "y": 701.0672005946607
                    },
                    {
                        "x": 1214.4499358494154,
                        "y": 703.9138106235638
                    },
                    {
                        "x": 1208.1873937858286,
                        "y": 692.5273705079516
                    },
                    {
                        "x": 1200.7862077106809,
                        "y": 685.6955064385843
                    },
                    {
                        "x": 1193.9543436413135,
                        "y": 678.863642369217
                    },
                    {
                        "x": 1184.2758695430432,
                        "y": 656.6600841437734
                    },
                    {
                        "x": 1173.4587514332118,
                        "y": 631.6099158894267
                    },
                    {
                        "x": 1162.6416333233801,
                        "y": 607.1290696408606
                    },
                    {
                        "x": 1154.6711252424516,
                        "y": 586.0641554269781
                    },
                    {
                        "x": 1144.9926511441813,
                        "y": 567.2765292362182
                    },
                    {
                        "x": 1137.5914650690333,
                        "y": 555.3207671148253
                    },
                    {
                        "x": 1134.1755330343499,
                        "y": 542.2263609818714
                    },
                    {
                        "x": 1127.912990970763,
                        "y": 533.1172088893817
                    },
                    {
                        "x": 1118.8038388782734,
                        "y": 521.161446767989
                    },
                    {
                        "x": 1110.8333307973448,
                        "y": 506.9283966234738
                    },
                    {
                        "x": 1100.0162126875134,
                        "y": 490.9873804616168
                    },
                    {
                        "x": 1090.9070605950237,
                        "y": 483.58619438646895
                    },
                    {
                        "x": 1081.797908502534,
                        "y": 463.6599241841477
                    },
                    {
                        "x": 1086.9218065545595,
                        "y": 461.95195816680587
                    },
                    {
                        "x": 1090.3377385892431,
                        "y": 456.2587381089998
                    },
                    {
                        "x": 1083.5058745198758,
                        "y": 453.9814500858774
                    },
                    {
                        "x": 1085.7831625429983,
                        "y": 446.0109420049489
                    },
                    {
                        "x": 1090.3377385892431,
                        "y": 430.6392478488725
                    },
                    {
                        "x": 1092.0457046065849,
                        "y": 415.8368756985767
                    },
                    {
                        "x": 1087.49112856034,
                        "y": 419.25280773326034
                    },
                    {
                        "x": 1086.3524845487789,
                        "y": 426.08467180262767
                    },
                    {
                        "x": 1084.0751965256563,
                        "y": 434.05517988355615
                    },
                    {
                        "x": 1079.5206204794115,
                        "y": 444.30297598760706
                    },
                    {
                        "x": 1076.6740104505086,
                        "y": 453.41212808009675
                    },
                    {
                        "x": 1075.5353664389472,
                        "y": 459.67467014368344
                    },
                    {
                        "x": 1070.9807903927024,
                        "y": 454.55077209165796
                    },
                    {
                        "x": 1068.70350236958,
                        "y": 447.7189080222907
                    },
                    {
                        "x": 1065.856892340677,
                        "y": 455.1200940974386
                    },
                    {
                        "x": 1070.9807903927024,
                        "y": 463.6599241841477
                    },
                    {
                        "x": 1075.5353664389472,
                        "y": 468.78382223617314
                    },
                    {
                        "x": 1076.1046884447278,
                        "y": 476.18500831132104
                    },
                    {
                        "x": 1076.1046884447278,
                        "y": 492.69534647895864
                    },
                    {
                        "x": 1081.2285864967535,
                        "y": 510.34432865815745
                    },
                    {
                        "x": 1089.7684165834626,
                        "y": 529.7012768546981
                    },
                    {
                        "x": 1102.8628227164165,
                        "y": 550.7661910685805
                    },
                    {
                        "x": 1115.9572288493703,
                        "y": 568.4151732477793
                    },
                    {
                        "x": 1128.4823129765437,
                        "y": 590.618731473223
                    },
                    {
                        "x": 1137.0221430632528,
                        "y": 608.8370356582025
                    },
                    {
                        "x": 1149.5472271904262,
                        "y": 633.8872039125491
                    },
                    {
                        "x": 1159.2257012886964,
                        "y": 660.076016178457
                    },
                    {
                        "x": 1167.7655313754055,
                        "y": 683.4182184154619
                    },
                    {
                        "x": 1170.6121414043087,
                        "y": 690.2500824848291
                    },
                    {
                        "x": 1170.6121414043087,
                        "y": 695.9433025426353
                    },
                    {
                        "x": 1169.4734973927475,
                        "y": 698.2205905657577
                    },
                    {
                        "x": 1161.502989311819,
                        "y": 693.0966925137323
                    },
                    {
                        "x": 1149.5472271904262,
                        "y": 688.5421164674874
                    },
                    {
                        "x": 1138.1607870748142,
                        "y": 678.863642369217
                    },
                    {
                        "x": 1117.6651948667122,
                        "y": 661.2146601900182
                    },
                    {
                        "x": 1109.6946867857837,
                        "y": 658.9373721668958
                    },
                    {
                        "x": 1095.4616366412686,
                        "y": 639.0111019645746
                    },
                    {
                        "x": 1086.9218065545595,
                        "y": 627.0553398431819
                    },
                    {
                        "x": 1078.951298473631,
                        "y": 615.6688997275697
                    },
                    {
                        "x": 1067.564858358019,
                        "y": 603.1438156003964
                    },
                    {
                        "x": 1052.762486207723,
                        "y": 591.1880534790037
                    },
                    {
                        "x": 1037.3907920516467,
                        "y": 578.6629693518303
                    },
                    {
                        "x": 1022.5884199013509,
                        "y": 564.9992412130957
                    },
                    {
                        "x": 1011.2019797857388,
                        "y": 557.0287331321672
                    },
                    {
                        "x": 1002.6621496990297,
                        "y": 546.7809370281162
                    },
                    {
                        "x": 995.2609636238817,
                        "y": 543.3650049934326
                    },
                    {
                        "x": 987.2904555429533,
                        "y": 534.8251749067235
                    },
                    {
                        "x": 972.4880833926575,
                        "y": 524.008056796892
                    },
                    {
                        "x": 961.6709652828259,
                        "y": 512.6216166812799
                    },
                    {
                        "x": 957.1163892365811,
                        "y": 498.95788854254533
                    },
                    {
                        "x": 955.4084232192392,
                        "y": 489.279414444275
                    },
                    {
                        "x": 955.9777452250199,
                        "y": 473.9077202881986
                    },
                    {
                        "x": 951.423169178775,
                        "y": 477.8929743286629
                    },
                    {
                        "x": 950.2845251672138,
                        "y": 488.71009243849437
                    },
                    {
                        "x": 951.9924911845557,
                        "y": 502.37382057722897
                    },
                    {
                        "x": 957.6857112423617,
                        "y": 518.314836739086
                    },
                    {
                        "x": 971.3494393810962,
                        "y": 533.6865308951624
                    },
                    {
                        "x": 989.5677435660757,
                        "y": 550.7661910685805
                    },
                    {
                        "x": 1001.5235056874684,
                        "y": 563.2912751957539
                    },
                    {
                        "x": 1016.3258778377642,
                        "y": 575.2470373171466
                    },
                    {
                        "x": 1026.573673941815,
                        "y": 586.0641554269781
                    },
                    {
                        "x": 1042.5146901036721,
                        "y": 600.8665275772739
                    },
                    {
                        "x": 1058.455706265529,
                        "y": 619.6541537680339
                    },
                    {
                        "x": 1072.1194344042638,
                        "y": 638.441779958794
                    },
                    {
                        "x": 1088.0604505661206,
                        "y": 663.4919482131406
                    },
                    {
                        "x": 1097.1696026586103,
                        "y": 680.5716083865589
                    },
                    {
                        "x": 1097.1696026586103,
                        "y": 687.4034724559261
                    },
                    {
                        "x": 1096.0309586470491,
                        "y": 697.0819465541965
                    },
                    {
                        "x": 1086.3524845487789,
                        "y": 693.6660145195128
                    },
                    {
                        "x": 1075.5353664389472,
                        "y": 689.111438473268
                    },
                    {
                        "x": 1061.8716383002127,
                        "y": 685.6955064385843
                    },
                    {
                        "x": 1043.6533341152333,
                        "y": 678.863642369217
                    },
                    {
                        "x": 1028.8509619649376,
                        "y": 671.4624562940692
                    },
                    {
                        "x": 1018.6031658608866,
                        "y": 668.0465242593855
                    },
                    {
                        "x": 1012.3406237972999,
                        "y": 659.5066941726765
                    },
                    {
                        "x": 1007.2167257452745,
                        "y": 662.92262620736
                    },
                    {
                        "x": 998.1075736527848,
                        "y": 659.5066941726765
                    },
                    {
                        "x": 987.8597775487339,
                        "y": 657.2294061495539
                    },
                    {
                        "x": 975.9040154273412,
                        "y": 652.6748301033091
                    },
                    {
                        "x": 963.9482533059484,
                        "y": 649.8282200744061
                    },
                    {
                        "x": 955.9777452250199,
                        "y": 646.4122880397225
                    },
                    {
                        "x": 946.2992711267495,
                        "y": 645.2736440281612
                    },
                    {
                        "x": 938.3287630458211,
                        "y": 645.8429660339418
                    },
                    {
                        "x": 928.0809669417702,
                        "y": 642.9963560050388
                    },
                    {
                        "x": 917.8331708377192,
                        "y": 637.8724579530134
                    },
                    {
                        "x": 905.3080867105459,
                        "y": 633.8872039125491
                    },
                    {
                        "x": 888.2284265371277,
                        "y": 627.0553398431819
                    },
                    {
                        "x": 879.119274444638,
                        "y": 622.500763796937
                    },
                    {
                        "x": 871.71808836949,
                        "y": 623.6394078084982
                    },
                    {
                        "x": 872.8567323810513,
                        "y": 628.7633058605237
                    },
                    {
                        "x": 885.9511385140053,
                        "y": 634.4565259183297
                    },
                    {
                        "x": 916.694526826158,
                        "y": 648.1202540570642
                    },
                    {
                        "x": 936.6207970284793,
                        "y": 656.0907621379928
                    },
                    {
                        "x": 944.5913051094077,
                        "y": 658.3680501611152
                    },
                    {
                        "x": 948.576559149872,
                        "y": 662.92262620736
                    },
                    {
                        "x": 941.1753730747241,
                        "y": 662.3533042015795
                    },
                    {
                        "x": 944.0219831036271,
                        "y": 665.1999142304825
                    },
                    {
                        "x": 956.5470672308005,
                        "y": 665.769236236263
                    },
                    {
                        "x": 966.7948633348514,
                        "y": 667.4772022536049
                    },
                    {
                        "x": 983.8745235082696,
                        "y": 675.4477103345334
                    },
                    {
                        "x": 998.6768956585654,
                        "y": 680.5716083865589
                    },
                    {
                        "x": 1011.7713017915194,
                        "y": 685.6955064385843
                    },
                    {
                        "x": 1028.281639959157,
                        "y": 697.6512685599771
                    },
                    {
                        "x": 1061.302316294432,
                        "y": 709.6070306813698
                    },
                    {
                        "x": 1085.2138405372177,
                        "y": 719.2855047796402
                    },
                    {
                        "x": 1091.4763826008043,
                        "y": 722.1321148085432
                    },
                    {
                        "x": 1091.4763826008043,
                        "y": 735.7958429472777
                    },
                    {
                        "x": 1089.1990945776818,
                        "y": 750.5982150975735
                    },
                    {
                        "x": 1085.2138405372177,
                        "y": 760.2766891958438
                    },
                    {
                        "x": 1082.3672305083146,
                        "y": 768.8165192825529
                    },
                    {
                        "x": 1078.951298473631,
                        "y": 775.0790613461396
                    },
                    {
                        "x": 1075.5353664389472,
                        "y": 785.3268574501906
                    },
                    {
                        "x": 1078.951298473631,
                        "y": 789.3121114906547
                    },
                    {
                        "x": 1084.0751965256563,
                        "y": 780.7722814039456
                    },
                    {
                        "x": 1090.9070605950237,
                        "y": 768.2471972767723
                    },
                    {
                        "x": 1095.4616366412686,
                        "y": 757.9994011727214
                    },
                    {
                        "x": 1097.7389246643909,
                        "y": 752.875503120696
                    },
                    {
                        "x": 1100.585534693294,
                        "y": 754.5834691380378
                    },
                    {
                        "x": 1101.7241787048551,
                        "y": 765.4005872478692
                    },
                    {
                        "x": 1105.7094327453194,
                        "y": 776.7870273634815
                    },
                    {
                        "x": 1113.1106188204674,
                        "y": 786.4655014617517
                    },
                    {
                        "x": 1116.526550855151,
                        "y": 791.5893995137772
                    },
                    {
                        "x": 1114.2492628320285,
                        "y": 798.4212635831444
                    },
                    {
                        "x": 1112.5412968146868,
                        "y": 808.6690596871954
                    },
                    {
                        "x": 1114.2492628320285,
                        "y": 818.9168557912463
                    },
                    {
                        "x": 1116.526550855151,
                        "y": 826.8873638721748
                    },
                    {
                        "x": 1111.9719748089062,
                        "y": 832.5805839299809
                    },
                    {
                        "x": 1105.1401107395388,
                        "y": 836.5658379704452
                    },
                    {
                        "x": 1099.4468906817328,
                        "y": 837.7044819820063
                    },
                    {
                        "x": 1089.7684165834626,
                        "y": 832.0112619242003
                    },
                    {
                        "x": 1076.1046884447278,
                        "y": 825.179397854833
                    },
                    {
                        "x": 1067.564858358019,
                        "y": 821.7634658201493
                    },
                    {
                        "x": 1057.3170622539678,
                        "y": 822.9021098317106
                    },
                    {
                        "x": 1045.9306221383558,
                        "y": 827.4566858779555
                    },
                    {
                        "x": 1037.9601140574273,
                        "y": 836.5658379704452
                    },
                    {
                        "x": 1032.2668939996213,
                        "y": 842.8283800340319
                    },
                    {
                        "x": 1024.2963859186927,
                        "y": 851.3682101207409
                    },
                    {
                        "x": 1015.1872338262029,
                        "y": 859.90804020745
                    },
                    {
                        "x": 1007.2167257452745,
                        "y": 859.3387182016694
                    },
                    {
                        "x": 999.246217664346,
                        "y": 855.9227861669857
                    },
                    {
                        "x": 992.9836756007593,
                        "y": 855.3534641612051
                    },
                    {
                        "x": 991.2757095834176,
                        "y": 862.7546502363531
                    },
                    {
                        "x": 998.6768956585654,
                        "y": 868.4478702941591
                    },
                    {
                        "x": 1018.033843855106,
                        "y": 873.0024463404039
                    },
                    {
                        "x": 1027.7123179533764,
                        "y": 873.0024463404039
                    },
                    {
                        "x": 1030.5589279822793,
                        "y": 874.1410903519652
                    },
                    {
                        "x": 1023.1577419071315,
                        "y": 880.4036324155519
                    },
                    {
                        "x": 1016.3258778377642,
                        "y": 883.2502424444549
                    },
                    {
                        "x": 1007.7860477510551,
                        "y": 886.0968524733579
                    },
                    {
                        "x": 1002.6621496990297,
                        "y": 886.0968524733579
                    },
                    {
                        "x": 1000.9541836816878,
                        "y": 876.9877003808682
                    },
                    {
                        "x": 991.2757095834176,
                        "y": 882.6809204386743
                    },
                    {
                        "x": 979.8892694678053,
                        "y": 888.9434625022609
                    },
                    {
                        "x": 969.0721513579738,
                        "y": 896.3446485774089
                    },
                    {
                        "x": 959.9629992654841,
                        "y": 905.4538006698986
                    },
                    {
                        "x": 950.2845251672138,
                        "y": 915.1322747681688
                    },
                    {
                        "x": 940.0367290631629,
                        "y": 924.2414268606585
                    },
                    {
                        "x": 932.635542988015,
                        "y": 932.7812569473676
                    },
                    {
                        "x": 921.8184248781835,
                        "y": 939.0437990109543
                    },
                    {
                        "x": 909.2933407510101,
                        "y": 944.7370190687604
                    },
                    {
                        "x": 893.9216465949337,
                        "y": 952.1382051439083
                    },
                    {
                        "x": 876.8419864215156,
                        "y": 956.6927811901531
                    },
                    {
                        "x": 854.0691061902912,
                        "y": 961.247357236398
                    },
                    {
                        "x": 840.4053780515567,
                        "y": 962.3860012479593
                    },
                    {
                        "x": 828.449615930164,
                        "y": 962.3860012479593
                    },
                    {
                        "x": 829.0189379359446,
                        "y": 967.5098992999847
                    },
                    {
                        "x": 839.2667340399955,
                        "y": 968.0792213057653
                    },
                    {
                        "x": 856.3463942134136,
                        "y": 965.8019332826428
                    },
                    {
                        "x": 870.0101223521483,
                        "y": 964.6632892710817
                    },
                    {
                        "x": 890.5057145602501,
                        "y": 960.6780352306174
                    },
                    {
                        "x": 908.7240187452295,
                        "y": 953.8461711612501
                    },
                    {
                        "x": 928.0809669417702,
                        "y": 944.1676970629798
                    },
                    {
                        "x": 936.6207970284793,
                        "y": 937.9051549993932
                    },
                    {
                        "x": 934.9128310111374,
                        "y": 943.5983750571992
                    },
                    {
                        "x": 923.5263908955253,
                        "y": 952.1382051439083
                    },
                    {
                        "x": 910.4319847625713,
                        "y": 964.093967265301
                    },
                    {
                        "x": 896.1989346180561,
                        "y": 976.0497293866938
                    },
                    {
                        "x": 883.1045284851023,
                        "y": 985.7282034849641
                    },
                    {
                        "x": 864.3169022943422,
                        "y": 994.8373555774538
                    },
                    {
                        "x": 853.4997841845106,
                        "y": 997.6839656063569
                    },
                    {
                        "x": 843.8213100862404,
                        "y": 995.975999589015
                    },
                    {
                        "x": 836.4201240110924,
                        "y": 994.8373555774538
                    },
                    {
                        "x": 836.4201240110924,
                        "y": 1000.5305756352599
                    },
                    {
                        "x": 848.3758861324852,
                        "y": 1003.9465076699436
                    },
                    {
                        "x": 866.024868311684,
                        "y": 1002.2385416526017
                    },
                    {
                        "x": 879.6885964504186,
                        "y": 994.8373555774538
                    },
                    {
                        "x": 903.0307986874235,
                        "y": 980.0349834271581
                    },
                    {
                        "x": 921.8184248781835,
                        "y": 962.9553232537398
                    },
                    {
                        "x": 945.1606271151884,
                        "y": 946.4449850861022
                    },
                    {
                        "x": 970.7801173753156,
                        "y": 931.0732909300259
                    },
                    {
                        "x": 983.8745235082696,
                        "y": 926.518714883781
                    },
                    {
                        "x": 986.7211335371726,
                        "y": 923.672104854878
                    },
                    {
                        "x": 1007.7860477510551,
                        "y": 924.2414268606585
                    },
                    {
                        "x": 1024.2963859186927,
                        "y": 918.5482068028525
                    },
                    {
                        "x": 1037.9601140574273,
                        "y": 910.0083767161434
                    },
                    {
                        "x": 1046.4999441441364,
                        "y": 903.1765126467761
                    },
                    {
                        "x": 1053.9011302192841,
                        "y": 902.0378686352149
                    },
                    {
                        "x": 1050.4851981846007,
                        "y": 913.4243087508271
                    },
                    {
                        "x": 1051.0545201903813,
                        "y": 923.1027828490974
                    },
                    {
                        "x": 1065.856892340677,
                        "y": 937.3358329936125
                    },
                    {
                        "x": 1082.9365525140952,
                        "y": 942.459731045638
                    },
                    {
                        "x": 1107.986720768442,
                        "y": 941.8904090398573
                    },
                    {
                        "x": 1131.3289230054468,
                        "y": 937.3358329936125
                    },
                    {
                        "x": 1152.3938372193293,
                        "y": 932.7812569473676
                    },
                    {
                        "x": 1150.1165491962067,
                        "y": 939.0437990109543
                    },
                    {
                        "x": 1144.4233291384007,
                        "y": 954.4154931670307
                    },
                    {
                        "x": 1142.715363121059,
                        "y": 968.648543311546
                    },
                    {
                        "x": 1140.4380750979365,
                        "y": 977.7576954040356
                    },
                    {
                        "x": 1135.314177045911,
                        "y": 989.1441355196478
                    },
                    {
                        "x": 1126.2050249534213,
                        "y": 1001.669219646821
                    },
                    {
                        "x": 1117.0958728609316,
                        "y": 1009.6397277277496
                    },
                    {
                        "x": 1109.125364780003,
                        "y": 1014.1943037739944
                    },
                    {
                        "x": 1111.9719748089062,
                        "y": 1017.0409138028974
                    },
                    {
                        "x": 1120.5118048956153,
                        "y": 1014.1943037739944
                    },
                    {
                        "x": 1130.7596009996662,
                        "y": 1003.3771856641629
                    },
                    {
                        "x": 1141.007397103717,
                        "y": 989.1441355196478
                    },
                    {
                        "x": 1150.1165491962067,
                        "y": 971.495153340449
                    },
                    {
                        "x": 1160.3643453002578,
                        "y": 954.4154931670307
                    },
                    {
                        "x": 1167.196209369625,
                        "y": 939.6131210167349
                    },
                    {
                        "x": 1172.3201074216504,
                        "y": 932.7812569473676
                    },
                    {
                        "x": 1178.0133274794566,
                        "y": 935.0585449704901
                    },
                    {
                        "x": 1181.9985815199207,
                        "y": 933.9199009589289
                    },
                    {
                        "x": 1183.137225531482,
                        "y": 944.1676970629798
                    },
                    {
                        "x": 1183.137225531482,
                        "y": 960.6780352306174
                    },
                    {
                        "x": 1182.5679035257015,
                        "y": 978.3270174098162
                    },
                    {
                        "x": 1185.983835560385,
                        "y": 1015.9022697913363
                    },
                    {
                        "x": 1187.691801577727,
                        "y": 1042.0910820572442
                    },
                    {
                        "x": 1188.830445589288,
                        "y": 1064.8639622884684
                    },
                    {
                        "x": 1187.1224795719463,
                        "y": 1078.527690427203
                    },
                    {
                        "x": 1185.4145135546044,
                        "y": 1089.9141305428152
                    },
                    {
                        "x": 1176.3053614621147,
                        "y": 1108.7017567335752
                    },
                    {
                        "x": 1165.4882433522832,
                        "y": 1120.657518854968
                    },
                    {
                        "x": 1156.3790912597935,
                        "y": 1129.7666709474577
                    },
                    {
                        "x": 1153.5324812308904,
                        "y": 1136.5985350168248
                    },
                    {
                        "x": 1156.9484132655741,
                        "y": 1140.0144670515085
                    },
                    {
                        "x": 1165.4882433522832,
                        "y": 1131.4746369647994
                    },
                    {
                        "x": 1178.5826494852372,
                        "y": 1115.5336208029426
                    },
                    {
                        "x": 1187.1224795719463,
                        "y": 1103.5778586815497
                    },
                    {
                        "x": 1195.0929876528746,
                        "y": 1084.7902324907898
                    },
                    {
                        "x": 1199.6475636991195,
                        "y": 1065.433284294249
                    },
                    {
                        "x": 1201.3555297164614,
                        "y": 1041.5217600514636
                    },
                    {
                        "x": 1201.924851722242,
                        "y": 1010.7783717393108
                    },
                    {
                        "x": 1203.6328177395837,
                        "y": 988.5748135138672
                    },
                    {
                        "x": 1206.4794277684869,
                        "y": 962.3860012479593
                    },
                    {
                        "x": 1206.4794277684869,
                        "y": 946.4449850861022
                    },
                    {
                        "x": 1207.0487497742674,
                        "y": 937.3358329936125
                    },
                    {
                        "x": 1211.6033258205123,
                        "y": 928.2266809011228
                    },
                    {
                        "x": 1218.4351898898797,
                        "y": 920.8254948259749
                    },
                    {
                        "x": 1223.559087941905,
                        "y": 925.9493928780004
                    },
                    {
                        "x": 1229.8216300054917,
                        "y": 927.6573588953422
                    },
                    {
                        "x": 1235.514850063298,
                        "y": 914.5629527623882
                    },
                    {
                        "x": 1246.3319681731293,
                        "y": 911.1470207277046
                    },
                    {
                        "x": 1259.9956963118639,
                        "y": 912.2856647392658
                    },
                    {
                        "x": 1267.3968823870118,
                        "y": 921.3948168317555
                    },
                    {
                        "x": 1281.0606105257464,
                        "y": 923.672104854878
                    },
                    {
                        "x": 1294.724338664481,
                        "y": 938.4744770051738
                    },
                    {
                        "x": 1306.1107787800931,
                        "y": 962.9553232537398
                    },
                    {
                        "x": 1313.5119648552409,
                        "y": 977.188373398255
                    },
                    {
                        "x": 1331.1609470344397,
                        "y": 1015.3329477855557
                    },
                    {
                        "x": 1348.8099292136385,
                        "y": 1039.8137940341217
                    },
                    {
                        "x": 1356.2111152887865,
                        "y": 1055.1854881901982
                    },
                    {
                        "x": 1373.8600974679853,
                        "y": 1073.9731143809581
                    },
                    {
                        "x": 1380.6919615373524,
                        "y": 1073.4037923751775
                    },
                    {
                        "x": 1396.063655693429,
                        "y": 1063.7253182769073
                    },
                    {
                        "x": 1404.603485780138,
                        "y": 1073.9731143809581
                    },
                    {
                        "x": 1413.1433158668472,
                        "y": 1079.0970124329835
                    },
                    {
                        "x": 1419.4058579304337,
                        "y": 1076.2504024040807
                    },
                    {
                        "x": 1413.7126378726277,
                        "y": 1068.8492163289327
                    },
                    {
                        "x": 1406.8807738032604,
                        "y": 1057.4627762133205
                    },
                    {
                        "x": 1397.7716217107707,
                        "y": 1034.6898959820962
                    },
                    {
                        "x": 1389.2317916240615,
                        "y": 1022.7341338607035
                    },
                    {
                        "x": 1377.276029502669,
                        "y": 1004.5158296757241
                    },
                    {
                        "x": 1367.0282333986179,
                        "y": 993.6987115658926
                    },
                    {
                        "x": 1360.7656913350313,
                        "y": 984.0202374676223
                    },
                    {
                        "x": 1351.6565392425416,
                        "y": 969.7871873231071
                    },
                    {
                        "x": 1341.4087431384908,
                        "y": 952.7075271496889
                    },
                    {
                        "x": 1331.7302690402203,
                        "y": 940.1824430225156
                    },
                    {
                        "x": 1315.7892528783634,
                        "y": 925.9493928780004
                    },
                    {
                        "x": 1307.8187447974349,
                        "y": 912.8549867450464
                    },
                    {
                        "x": 1306.6801007858737,
                        "y": 898.6219366005313
                    },
                    {
                        "x": 1306.1107787800931,
                        "y": 884.388886456016
                    },
                    {
                        "x": 1303.8334907569706,
                        "y": 874.7104123577458
                    },
                    {
                        "x": 1320.3438289246083,
                        "y": 882.6809204386743
                    },
                    {
                        "x": 1330.591625028659,
                        "y": 891.790072531164
                    },
                    {
                        "x": 1347.1019631962968,
                        "y": 902.6071906409956
                    },
                    {
                        "x": 1356.780437294567,
                        "y": 911.7163427334852
                    },
                    {
                        "x": 1380.1226395315718,
                        "y": 927.6573588953422
                    },
                    {
                        "x": 1401.1875537454544,
                        "y": 941.8904090398573
                    },
                    {
                        "x": 1417.697891913092,
                        "y": 949.2915951150053
                    },
                    {
                        "x": 1431.3616200518265,
                        "y": 961.247357236398
                    },
                    {
                        "x": 1448.4412802252448,
                        "y": 977.188373398255
                    },
                    {
                        "x": 1456.4117883061733,
                        "y": 990.8521015369896
                    },
                    {
                        "x": 1462.67433036976,
                        "y": 1020.4568458375811
                    },
                    {
                        "x": 1465.520940398663,
                        "y": 1034.6898959820962
                    },
                    {
                        "x": 1467.7982284217853,
                        "y": 1042.6604040630248
                    },
                    {
                        "x": 1465.520940398663,
                        "y": 1053.4775221728562
                    },
                    {
                        "x": 1462.67433036976,
                        "y": 1064.8639622884684
                    },
                    {
                        "x": 1462.67433036976,
                        "y": 1077.9583684214224
                    },
                    {
                        "x": 1467.7982284217853,
                        "y": 1082.5129444676672
                    },
                    {
                        "x": 1471.214160456469,
                        "y": 1076.2504024040807
                    },
                    {
                        "x": 1473.4914484795913,
                        "y": 1056.89345420754
                    },
                    {
                        "x": 1474.6300924911527,
                        "y": 1040.3831160399025
                    },
                    {
                        "x": 1473.4914484795913,
                        "y": 1020.4568458375811
                    },
                    {
                        "x": 1467.7982284217853,
                        "y": 995.4066775832345
                    },
                    {
                        "x": 1462.67433036976,
                        "y": 976.0497293866938
                    },
                    {
                        "x": 1454.1345002830508,
                        "y": 963.5246452595204
                    },
                    {
                        "x": 1439.332128132755,
                        "y": 948.152951103444
                    },
                    {
                        "x": 1428.5150100229234,
                        "y": 940.7517650282962
                    },
                    {
                        "x": 1418.2672139188726,
                        "y": 933.9199009589289
                    },
                    {
                        "x": 1410.296705837944,
                        "y": 927.6573588953422
                    },
                    {
                        "x": 1418.2672139188726,
                        "y": 927.6573588953422
                    },
                    {
                        "x": 1435.3468740922908,
                        "y": 940.1824430225156
                    },
                    {
                        "x": 1455.8424663003925,
                        "y": 955.554137178592
                    },
                    {
                        "x": 1479.7539905431781,
                        "y": 972.0644753462295
                    },
                    {
                        "x": 1513.9133108900146,
                        "y": 995.975999589015
                    },
                    {
                        "x": 1530.423649057652,
                        "y": 1009.6397277277496
                    },
                    {
                        "x": 1538.9634791443611,
                        "y": 1020.4568458375811
                    },
                    {
                        "x": 1544.6566992021674,
                        "y": 1032.412607958974
                    },
                    {
                        "x": 1545.7953432137285,
                        "y": 1043.2297260688053
                    },
                    {
                        "x": 1542.9487331848254,
                        "y": 1051.7695561555145
                    },
                    {
                        "x": 1537.8248351328,
                        "y": 1060.3093862422236
                    },
                    {
                        "x": 1535.5475471096777,
                        "y": 1069.4185383347133
                    },
                    {
                        "x": 1540.1021231559225,
                        "y": 1071.126504352055
                    },
                    {
                        "x": 1546.364665219509,
                        "y": 1061.4480302537847
                    },
                    {
                        "x": 1552.6272072830957,
                        "y": 1049.4922681323922
                    },
                    {
                        "x": 1553.1965292888765,
                        "y": 1035.2592179878768
                    },
                    {
                        "x": 1550.3499192599734,
                        "y": 1021.0261678433617
                    },
                    {
                        "x": 1544.0873771963866,
                        "y": 1011.3476937450914
                    },
                    {
                        "x": 1532.131615074994,
                        "y": 1000.5305756352599
                    },
                    {
                        "x": 1517.329242924698,
                        "y": 987.4361695023059
                    },
                    {
                        "x": 1505.942802809086,
                        "y": 976.6190513924744
                    },
                    {
                        "x": 1495.1256846992544,
                        "y": 965.8019332826428
                    },
                    {
                        "x": 1476.3380585084944,
                        "y": 952.1382051439083
                    },
                    {
                        "x": 1462.1050083639793,
                        "y": 940.1824430225156
                    },
                    {
                        "x": 1450.718568248367,
                        "y": 931.0732909300259
                    },
                    {
                        "x": 1441.0400941500968,
                        "y": 923.672104854878
                    },
                    {
                        "x": 1430.792298046046,
                        "y": 914.5629527623882
                    },
                    {
                        "x": 1418.2672139188726,
                        "y": 903.7458346525567
                    },
                    {
                        "x": 1405.7421297916992,
                        "y": 893.4980385485059
                    },
                    {
                        "x": 1393.2170456645258,
                        "y": 887.2354964849192
                    },
                    {
                        "x": 1385.815859589378,
                        "y": 879.2649884039906
                    },
                    {
                        "x": 1372.7214534564241,
                        "y": 871.2944803230621
                    },
                    {
                        "x": 1359.0577253176896,
                        "y": 862.7546502363531
                    },
                    {
                        "x": 1343.1167091558325,
                        "y": 857.061430178547
                    },
                    {
                        "x": 1329.452981017098,
                        "y": 851.3682101207409
                    },
                    {
                        "x": 1317.4972188957051,
                        "y": 845.6749900629349
                    },
                    {
                        "x": 1305.5414567743123,
                        "y": 842.8283800340319
                    },
                    {
                        "x": 1295.2936606702615,
                        "y": 842.2590580282512
                    },
                    {
                        "x": 1281.629932531527,
                        "y": 842.8283800340319
                    },
                    {
                        "x": 1270.2434924159147,
                        "y": 841.6897360224706
                    },
                    {
                        "x": 1258.2877302945221,
                        "y": 839.4124479993482
                    },
                    {
                        "x": 1246.90129017891,
                        "y": 833.1499059357615
                    },
                    {
                        "x": 1238.9307820979814,
                        "y": 821.7634658201493
                    },
                    {
                        "x": 1237.2228160806396,
                        "y": 806.391771664073
                    },
                    {
                        "x": 1241.208070121104,
                        "y": 789.8814334964354
                    },
                    {
                        "x": 1248.039934190471,
                        "y": 780.7722814039456
                    },
                    {
                        "x": 1259.9956963118639,
                        "y": 779.6336373923845
                    },
                    {
                        "x": 1269.6741704101341,
                        "y": 781.3416034097263
                    }
                ],
                "resin": 1,
                "browning": false
            }
        ],
        "object_id": "A_c06_B_3_5_22-10-07-10-12-1010"
    },
    "Metadata": {
        "Images": {
            "object_id": "A_c06_B_3_5_22-10-07-10-12-1010",
            "path": "1.Traning_원천데이터_꽃_미수정암꽃",
            "width": 2000,
            "height": 1500
        },
        "environment": {
            "area_id": "A",
            "hemp_id": "A_c06_B_3",
            "area_temp": 28,
            "area_hum": 80,
            "area_co2": 385,
            "area_Illum": 534,
            "water_temp": 23.8,
            "water_ec": 5.2,
            "water_ph": 5.5
        },
        "Growth Info": {
            "period": 98,
            "length": 133.5,
            "node_number": 26,
            "node_length": 5.1,
            "root_round": 28.2
        }
    }
}