{
    "annotations": {
        "label": {
            "category": 1
        },
        "polygon": [
            {
                "type": "POLYGON",
                "vertices": [
                    {
                        "x": 761.3529377532585,
                        "y": 490.4259483353329
                    },
                    {
                        "x": 760.1753236225943,
                        "y": 496.8965929798237
                    },
                    {
                        "x": 756.6424610154378,
                        "y": 499.83777673133494
                    },
                    {
                        "x": 754.2872125389457,
                        "y": 505.72016442994044
                    },
                    {
                        "x": 748.9879489509561,
                        "y": 509.83786207322225
                    },
                    {
                        "x": 744.8662792784676,
                        "y": 511.6025521285458
                    },
                    {
                        "x": 740.744609605979,
                        "y": 514.5437560756401
                    },
                    {
                        "x": 737.8005540641548,
                        "y": 517.4849600227345
                    },
                    {
                        "x": 737.8005540641548,
                        "y": 521.0143805245477
                    },
                    {
                        "x": 740.744609605979,
                        "y": 525.7202947225488
                    },
                    {
                        "x": 745.4550863437998,
                        "y": 531.6026824211543
                    },
                    {
                        "x": 748.3991216704607,
                        "y": 534.5438863682486
                    },
                    {
                        "x": 752.5207913429492,
                        "y": 538.073306870062
                    },
                    {
                        "x": 757.8200953612655,
                        "y": 547.4851352660639
                    },
                    {
                        "x": 761.3529377532585,
                        "y": 552.1910494640649
                    },
                    {
                        "x": 765.4746074257471,
                        "y": 562.1911146103693
                    },
                    {
                        "x": 767.2410286217437,
                        "y": 566.8970288083702
                    },
                    {
                        "x": 769.00744981774,
                        "y": 571.6029430063712
                    },
                    {
                        "x": 776.073175032053,
                        "y": 579.8382777061856
                    },
                    {
                        "x": 781.3724588352059,
                        "y": 583.3677184035821
                    },
                    {
                        "x": 793.7374476375082,
                        "y": 592.7795467995842
                    },
                    {
                        "x": 803.1584011131497,
                        "y": 598.6619748893559
                    },
                    {
                        "x": 816.7010242612799,
                        "y": 609.8384933406815
                    },
                    {
                        "x": 824.9443231759302,
                        "y": 613.3679542336612
                    },
                    {
                        "x": 837.8981594738916,
                        "y": 623.367958793216
                    },
                    {
                        "x": 843.7862301272132,
                        "y": 627.4856362409147
                    },
                    {
                        "x": 852.0295694721904,
                        "y": 634.5445176357077
                    },
                    {
                        "x": 856.1512391446789,
                        "y": 636.897505028083
                    },
                    {
                        "x": 864.394618919983,
                        "y": 639.2504116381257
                    },
                    {
                        "x": 877.3483743572906,
                        "y": 638.0739381375212
                    },
                    {
                        "x": 887.3581146831008,
                        "y": 636.3092480821975
                    },
                    {
                        "x": 889.1245560942608,
                        "y": 626.8974196861956
                    },
                    {
                        "x": 886.1805005524366,
                        "y": 622.1915256837777
                    },
                    {
                        "x": 881.4700440297792,
                        "y": 614.5443873430993
                    },
                    {
                        "x": 878.525988487955,
                        "y": 611.0149668412859
                    },
                    {
                        "x": 873.226745115129,
                        "y": 606.3090324477018
                    },
                    {
                        "x": 866.1609794704892,
                        "y": 604.5443625879614
                    },
                    {
                        "x": 862.6281370784963,
                        "y": 598.6619748893559
                    },
                    {
                        "x": 863.8057512091607,
                        "y": 596.8972242472829
                    },
                    {
                        "x": 867.3386340314804,
                        "y": 599.2501712484918
                    },
                    {
                        "x": 872.0490905541378,
                        "y": 595.7207709422617
                    },
                    {
                        "x": 869.1050350123135,
                        "y": 591.6030732989797
                    },
                    {
                        "x": 862.0393097980007,
                        "y": 581.0147714023732
                    },
                    {
                        "x": 858.5065078363344,
                        "y": 575.7206204540701
                    },
                    {
                        "x": 854.3847977335191,
                        "y": 570.4264695057667
                    },
                    {
                        "x": 851.4407421916948,
                        "y": 565.1323185574635
                    },
                    {
                        "x": 846.7302856690376,
                        "y": 552.7792862143672
                    },
                    {
                        "x": 845.5526715383731,
                        "y": 545.1322084604382
                    },
                    {
                        "x": 847.9078997997018,
                        "y": 533.3674128676441
                    },
                    {
                        "x": 851.4407421916948,
                        "y": 525.1320579722466
                    },
                    {
                        "x": 854.9736250140147,
                        "y": 521.6026374704331
                    },
                    {
                        "x": 862.6281370784963,
                        "y": 518.0731967730367
                    },
                    {
                        "x": 866.1609794704892,
                        "y": 516.8967030768491
                    },
                    {
                        "x": 869.1050350123135,
                        "y": 515.7202497718278
                    },
                    {
                        "x": 878.525988487955,
                        "y": 519.8379070239433
                    },
                    {
                        "x": 883.2364450106122,
                        "y": 516.8967030768491
                    },
                    {
                        "x": 886.1805005524366,
                        "y": 518.6614537189221
                    },
                    {
                        "x": 895.6014540280781,
                        "y": 516.3084663265469
                    },
                    {
                        "x": 899.7231641308935,
                        "y": 509.83786207322225
                    },
                    {
                        "x": 896.7791085890693,
                        "y": 498.07308667601137
                    },
                    {
                        "x": 893.835053047245,
                        "y": 491.0142052812183
                    },
                    {
                        "x": 889.1245560942608,
                        "y": 481.6023768852163
                    },
                    {
                        "x": 886.1805005524366,
                        "y": 474.5435156860063
                    },
                    {
                        "x": 880.292429899115,
                        "y": 462.7787402887954
                    },
                    {
                        "x": 877.3483743572906,
                        "y": 455.1316221437001
                    },
                    {
                        "x": 873.8155319652977,
                        "y": 449.83747119539686
                    },
                    {
                        "x": 880.8812167492837,
                        "y": 446.30803049800033
                    },
                    {
                        "x": 884.4140995716035,
                        "y": 438.66092245069666
                    },
                    {
                        "x": 887.9469823939233,
                        "y": 433.36679169797657
                    },
                    {
                        "x": 889.7133833747564,
                        "y": 429.24910415248615
                    },
                    {
                        "x": 892.0686116360852,
                        "y": 418.6608123536713
                    },
                    {
                        "x": 890.8910379357477,
                        "y": 409.8372308057631
                    },
                    {
                        "x": 889.7133833747564,
                        "y": 398.0724352129691
                    },
                    {
                        "x": 889.7133833747564,
                        "y": 393.3665311127596
                    },
                    {
                        "x": 889.7133833747564,
                        "y": 383.9547027167576
                    },
                    {
                        "x": 890.8910379357477,
                        "y": 375.71935791915166
                    },
                    {
                        "x": 900.3119509810623,
                        "y": 374.54287432075563
                    },
                    {
                        "x": 904.4335802232241,
                        "y": 370.4251968730568
                    },
                    {
                        "x": 909.1440771762083,
                        "y": 363.3663356738469
                    },
                    {
                        "x": 915.0321478295299,
                        "y": 361.6016153251486
                    },
                    {
                        "x": 920.9202589131785,
                        "y": 361.6016153251486
                    },
                    {
                        "x": 919.742644782514,
                        "y": 366.30752952314964
                    },
                    {
                        "x": 916.7985892406899,
                        "y": 368.0722498718479
                    },
                    {
                        "x": 909.732864026377,
                        "y": 375.1311110710578
                    },
                    {
                        "x": 905.6112347842151,
                        "y": 380.42526201936107
                    },
                    {
                        "x": 901.4895651117265,
                        "y": 383.36645586866376
                    },
                    {
                        "x": 900.3119509810623,
                        "y": 386.89589656606034
                    },
                    {
                        "x": 901.4895651117265,
                        "y": 394.5430046133641
                    },
                    {
                        "x": 902.0783519618954,
                        "y": 408.07250035927325
                    },
                    {
                        "x": 902.0783519618954,
                        "y": 415.71961850436855
                    },
                    {
                        "x": 901.4895651117265,
                        "y": 427.48440399937107
                    },
                    {
                        "x": 900.9007378312311,
                        "y": 434.5432551007894
                    },
                    {
                        "x": 899.1342964200711,
                        "y": 442.1903732458847
                    },
                    {
                        "x": 897.9566822894068,
                        "y": 446.30803049800033
                    },
                    {
                        "x": 895.0126671779094,
                        "y": 449.83747119539686
                    },
                    {
                        "x": 892.657398486254,
                        "y": 452.77865494690803
                    },
                    {
                        "x": 892.657398486254,
                        "y": 456.3080956443046
                    },
                    {
                        "x": 896.7791085890693,
                        "y": 466.3081607906088
                    },
                    {
                        "x": 899.7231641308935,
                        "y": 473.36702198981874
                    },
                    {
                        "x": 905.0224075037197,
                        "y": 483.9553238864253
                    },
                    {
                        "x": 906.7888489148795,
                        "y": 489.2494950303116
                    },
                    {
                        "x": 909.732864026377,
                        "y": 492.7789155321249
                    },
                    {
                        "x": 914.443401409688,
                        "y": 485.1317973870297
                    },
                    {
                        "x": 918.5650306518496,
                        "y": 485.720054332915
                    },
                    {
                        "x": 920.3314720630096,
                        "y": 476.89646268721526
                    },
                    {
                        "x": 921.509086193674,
                        "y": 472.7787852395165
                    },
                    {
                        "x": 924.4531013051712,
                        "y": 471.60233193449517
                    },
                    {
                        "x": 928.57477097766,
                        "y": 477.48471963310067
                    },
                    {
                        "x": 926.8083699968269,
                        "y": 489.83771158503066
                    },
                    {
                        "x": 921.509086193674,
                        "y": 493.3671522824272
                    },
                    {
                        "x": 916.7985892406899,
                        "y": 496.30835622952145
                    },
                    {
                        "x": 913.2657468486968,
                        "y": 503.36721742873146
                    },
                    {
                        "x": 910.9105185873683,
                        "y": 508.66136837703465
                    },
                    {
                        "x": 907.966463045544,
                        "y": 514.5437560756401
                    },
                    {
                        "x": 909.1440771762083,
                        "y": 517.4849600227345
                    },
                    {
                        "x": 915.6209751100255,
                        "y": 525.1320579722466
                    },
                    {
                        "x": 923.8643144550027,
                        "y": 531.6026824211543
                    },
                    {
                        "x": 934.4628820613084,
                        "y": 541.6027475674586
                    },
                    {
                        "x": 939.7621658644614,
                        "y": 548.0733922119493
                    },
                    {
                        "x": 944.4726223871187,
                        "y": 553.3675229646694
                    },
                    {
                        "x": 949.183119340103,
                        "y": 559.2499106632749
                    },
                    {
                        "x": 952.1271344516003,
                        "y": 565.7205755033489
                    },
                    {
                        "x": 955.660057704247,
                        "y": 571.6029430063712
                    },
                    {
                        "x": 966.2585848802261,
                        "y": 574.5441267578824
                    },
                    {
                        "x": 979.2124211781875,
                        "y": 575.1323635081847
                    },
                    {
                        "x": 1000.9983432409679,
                        "y": 579.2500409558834
                    },
                    {
                        "x": 1011.5969108472736,
                        "y": 579.8382777061856
                    },
                    {
                        "x": 1028.0835491069013,
                        "y": 583.9559551538844
                    },
                    {
                        "x": 1040.448558124367,
                        "y": 586.8971591009787
                    },
                    {
                        "x": 1050.4582984501772,
                        "y": 588.0736326015832
                    },
                    {
                        "x": 1053.4023539920015,
                        "y": 591.6030732989797
                    },
                    {
                        "x": 1052.2247398613372,
                        "y": 598.6619748893559
                    },
                    {
                        "x": 1052.8135671418327,
                        "y": 603.3678486961907
                    },
                    {
                        "x": 1051.6359125808415,
                        "y": 613.9561303972139
                    },
                    {
                        "x": 1051.0471257306729,
                        "y": 621.6032687378923
                    },
                    {
                        "x": 1048.1030701888485,
                        "y": 629.2503666874045
                    },
                    {
                        "x": 1044.8006539666173,
                        "y": 638.7478648989596
                    },
                    {
                        "x": 1045.9783085276085,
                        "y": 652.2773707426604
                    },
                    {
                        "x": 1047.7447095084417,
                        "y": 656.3950481903591
                    },
                    {
                        "x": 1049.5111509196017,
                        "y": 659.9244888877557
                    },
                    {
                        "x": 1054.8104347227545,
                        "y": 661.6891991386624
                    },
                    {
                        "x": 1061.8761599370673,
                        "y": 665.2186196404758
                    },
                    {
                        "x": 1065.4090023290605,
                        "y": 669.3362970881745
                    },
                    {
                        "x": 1068.9418851513801,
                        "y": 676.3951784829676
                    },
                    {
                        "x": 1072.4747275433733,
                        "y": 681.1010724853854
                    },
                    {
                        "x": 1081.8956405886877,
                        "y": 679.924598984781
                    },
                    {
                        "x": 1094.2606496061537,
                        "y": 676.3951784829676
                    },
                    {
                        "x": 1116.6353989494296,
                        "y": 674.0422112861755
                    },
                    {
                        "x": 1140.7765897038657,
                        "y": 669.3362970881745
                    },
                    {
                        "x": 1161.9737249164773,
                        "y": 669.3362970881745
                    },
                    {
                        "x": 1180.8156722980873,
                        "y": 673.4539745358733
                    },
                    {
                        "x": 1203.7791680612052,
                        "y": 669.3362970881745
                    },
                    {
                        "x": 1222.621075012488,
                        "y": 668.7480805334554
                    },
                    {
                        "x": 1233.2196426187938,
                        "y": 671.1010275346644
                    },
                    {
                        "x": 1245.5846920665865,
                        "y": 669.3362970881745
                    },
                    {
                        "x": 1252.6503768505725,
                        "y": 668.7480805334554
                    },
                    {
                        "x": 1253.2391637007413,
                        "y": 664.0421461398713
                    },
                    {
                        "x": 1259.1272747843898,
                        "y": 665.2186196404758
                    },
                    {
                        "x": 1262.6601171763828,
                        "y": 668.15982358757
                    },
                    {
                        "x": 1263.8377313070473,
                        "y": 675.2186847867799
                    },
                    {
                        "x": 1256.1832192425657,
                        "y": 676.9834152332699
                    },
                    {
                        "x": 1248.5287476084109,
                        "y": 678.1598887338744
                    },
                    {
                        "x": 1239.696580982938,
                        "y": 678.7481254841765
                    },
                    {
                        "x": 1232.0420284881297,
                        "y": 679.924598984781
                    },
                    {
                        "x": 1219.677019470664,
                        "y": 680.5128559306663
                    },
                    {
                        "x": 1212.6113346866778,
                        "y": 681.6893294312708
                    },
                    {
                        "x": 1203.1903812110363,
                        "y": 682.277566181573
                    },
                    {
                        "x": 1195.5359095768815,
                        "y": 684.0422764324799
                    },
                    {
                        "x": 1187.8813166517464,
                        "y": 685.8069866833864
                    },
                    {
                        "x": 1183.7596874095848,
                        "y": 685.8069866833864
                    },
                    {
                        "x": 1171.3946783921187,
                        "y": 689.9246641310854
                    },
                    {
                        "x": 1164.9177804583016,
                        "y": 692.2776313278773
                    },
                    {
                        "x": 1159.6184966551486,
                        "y": 695.8070518296907
                    },
                    {
                        "x": 1154.9079997021645,
                        "y": 699.3364925270873
                    },
                    {
                        "x": 1158.4408825244843,
                        "y": 703.7911232577136
                    },
                    {
                        "x": 1163.1513794774685,
                        "y": 708.4970576512977
                    },
                    {
                        "x": 1166.0954350192928,
                        "y": 712.6147149034135
                    },
                    {
                        "x": 1171.3946783921187,
                        "y": 721.4383065491132
                    },
                    {
                        "x": 1173.1611198032788,
                        "y": 725.5559638012288
                    },
                    {
                        "x": 1177.2827490454406,
                        "y": 724.3794903006243
                    },
                    {
                        "x": 1185.5260883904177,
                        "y": 720.8500496032278
                    },
                    {
                        "x": 1201.4239802302031,
                        "y": 717.3206492969975
                    },
                    {
                        "x": 1219.677019470664,
                        "y": 714.9676619046224
                    },
                    {
                        "x": 1236.752525441114,
                        "y": 712.0264781531112
                    },
                    {
                        "x": 1248.5287476084109,
                        "y": 705.5558537042035
                    },
                    {
                        "x": 1266.1929999987028,
                        "y": 699.673466005598
                    },
                    {
                        "x": 1283.2684251084988,
                        "y": 692.614584610805
                    },
                    {
                        "x": 1298.577489667789,
                        "y": 690.8498945554815
                    },
                    {
                        "x": 1307.9984431434307,
                        "y": 686.1439601618973
                    },
                    {
                        "x": 1312.7088996660877,
                        "y": 682.6145194645007
                    },
                    {
                        "x": 1321.5410662915606,
                        "y": 681.4380459638963
                    },
                    {
                        "x": 1326.2515228142179,
                        "y": 687.3204336625018
                    },
                    {
                        "x": 1321.5410662915606,
                        "y": 690.8498945554815
                    },
                    {
                        "x": 1317.419396619072,
                        "y": 690.261637609596
                    },
                    {
                        "x": 1310.9424986852548,
                        "y": 693.7910783069925
                    },
                    {
                        "x": 1310.353671404759,
                        "y": 697.9087355591081
                    },
                    {
                        "x": 1316.8305693385764,
                        "y": 700.8499395062025
                    },
                    {
                        "x": 1319.185797599905,
                        "y": 706.1440904545059
                    },
                    {
                        "x": 1319.185797599905,
                        "y": 713.2029516537157
                    },
                    {
                        "x": 1318.0081834692407,
                        "y": 716.14415560081
                    },
                    {
                        "x": 1313.8865137967523,
                        "y": 714.9676619046224
                    },
                    {
                        "x": 1309.1760572740948,
                        "y": 712.6147149034135
                    },
                    {
                        "x": 1303.8767734709418,
                        "y": 706.732327204808
                    },
                    {
                        "x": 1302.110332059782,
                        "y": 703.2028865074114
                    },
                    {
                        "x": 1296.2222614064603,
                        "y": 705.5558537042035
                    },
                    {
                        "x": 1287.3900947809875,
                        "y": 707.9088007054124
                    },
                    {
                        "x": 1276.7915271746817,
                        "y": 712.0264781531112
                    },
                    {
                        "x": 1268.5482282600312,
                        "y": 715.5558986549246
                    },
                    {
                        "x": 1256.7720060927345,
                        "y": 719.0853393523212
                    },
                    {
                        "x": 1250.295108158917,
                        "y": 722.0265432994155
                    },
                    {
                        "x": 1241.462981963771,
                        "y": 726.1442207471142
                    },
                    {
                        "x": 1236.1636981606182,
                        "y": 727.9089309980209
                    },
                    {
                        "x": 1226.7427446849767,
                        "y": 729.0854246942085
                    },
                    {
                        "x": 1226.153957834808,
                        "y": 735.556028947533
                    },
                    {
                        "x": 1220.8546740316551,
                        "y": 736.7325024481374
                    },
                    {
                        "x": 1211.4337205560134,
                        "y": 739.6737063952319
                    },
                    {
                        "x": 1206.1344367528607,
                        "y": 742.0266533964408
                    },
                    {
                        "x": 1201.4239802302031,
                        "y": 744.967857343535
                    },
                    {
                        "x": 1196.7134832772192,
                        "y": 747.3208043447439
                    },
                    {
                        "x": 1194.9470418660592,
                        "y": 750.2620082918384
                    },
                    {
                        "x": 1200.246325669212,
                        "y": 755.5561794357246
                    },
                    {
                        "x": 1206.7232236030295,
                        "y": 762.6150204393515
                    },
                    {
                        "x": 1210.2561064253491,
                        "y": 765.5562243864458
                    },
                    {
                        "x": 1219.0882730508222,
                        "y": 774.3798160321455
                    },
                    {
                        "x": 1226.7427446849767,
                        "y": 776.7327630333546
                    },
                    {
                        "x": 1249.1174940282526,
                        "y": 778.4974732842611
                    },
                    {
                        "x": 1270.3146292408644,
                        "y": 780.8504404810532
                    },
                    {
                        "x": 1291.511764453476,
                        "y": 783.7916242325643
                    },
                    {
                        "x": 1305.0543876016063,
                        "y": 782.6151507319598
                    },
                    {
                        "x": 1309.7648441242636,
                        "y": 783.7916242325643
                    },
                    {
                        "x": 1304.4655603211106,
                        "y": 789.6740119311698
                    },
                    {
                        "x": 1297.9886623872935,
                        "y": 790.2622688770552
                    },
                    {
                        "x": 1282.6796382583302,
                        "y": 792.0269791279619
                    },
                    {
                        "x": 1270.3146292408644,
                        "y": 790.8505056273575
                    },
                    {
                        "x": 1260.3049293453812,
                        "y": 787.9093016802632
                    },
                    {
                        "x": 1247.9398798975885,
                        "y": 786.1445914293564
                    },
                    {
                        "x": 1240.2853678331069,
                        "y": 786.7328281796587
                    },
                    {
                        "x": 1227.920399245968,
                        "y": 787.9093016802632
                    },
                    {
                        "x": 1216.7330043591664,
                        "y": 784.3798609828666
                    },
                    {
                        "x": 1206.7232236030295,
                        "y": 781.4386772313555
                    },
                    {
                        "x": 1202.012767080372,
                        "y": 776.7327630333546
                    },
                    {
                        "x": 1197.8910974078835,
                        "y": 772.0268488353535
                    },
                    {
                        "x": 1187.8813166517464,
                        "y": 761.4385671343301
                    },
                    {
                        "x": 1179.6380177370959,
                        "y": 753.2032122389326
                    },
                    {
                        "x": 1166.0954350192928,
                        "y": 753.7914489892348
                    },
                    {
                        "x": 1162.562552196973,
                        "y": 752.026718542745
                    },
                    {
                        "x": 1158.4408825244843,
                        "y": 753.7914489892348
                    },
                    {
                        "x": 1166.0954350192928,
                        "y": 764.9679876361436
                    },
                    {
                        "x": 1169.0394905611172,
                        "y": 771.4386120850512
                    },
                    {
                        "x": 1170.8058511116233,
                        "y": 778.4974732842611
                    },
                    {
                        "x": 1175.5163480646074,
                        "y": 785.5563546790543
                    },
                    {
                        "x": 1179.0491904566004,
                        "y": 788.4975384305653
                    },
                    {
                        "x": 1187.2925298015775,
                        "y": 792.0269791279619
                    },
                    {
                        "x": 1193.7694277353949,
                        "y": 794.3799665203371
                    },
                    {
                        "x": 1196.7134832772192,
                        "y": 796.1446565756607
                    },
                    {
                        "x": 1201.4239802302031,
                        "y": 799.6740770774742
                    },
                    {
                        "x": 1209.078451864358,
                        "y": 804.9682280257773
                    },
                    {
                        "x": 1213.7889488173423,
                        "y": 813.8775096826133
                    },
                    {
                        "x": 1220.2658467511594,
                        "y": 820.3481543271042
                    },
                    {
                        "x": 1227.3315719654722,
                        "y": 823.8775748289175
                    },
                    {
                        "x": 1232.6308557686252,
                        "y": 830.3481992778252
                    },
                    {
                        "x": 1236.752525441114,
                        "y": 836.2305869764307
                    },
                    {
                        "x": 1236.752525441114,
                        "y": 842.1129746750362
                    },
                    {
                        "x": 1230.2755870769697,
                        "y": 848.5836193195271
                    },
                    {
                        "x": 1225.5651305543124,
                        "y": 852.1130398213403
                    },
                    {
                        "x": 1222.621075012488,
                        "y": 852.7012967672257
                    },
                    {
                        "x": 1219.0882730508222,
                        "y": 856.2307172690391
                    },
                    {
                        "x": 1217.321791209335,
                        "y": 858.5836844658312
                    },
                    {
                        "x": 1216.1442175089978,
                        "y": 860.9366314670402
                    },
                    {
                        "x": 1219.677019470664,
                        "y": 869.7602231127399
                    },
                    {
                        "x": 1223.2099022929838,
                        "y": 866.2307824153434
                    },
                    {
                        "x": 1225.5651305543124,
                        "y": 867.99549266625
                    },
                    {
                        "x": 1226.7427446849767,
                        "y": 870.9366966133443
                    },
                    {
                        "x": 1226.153957834808,
                        "y": 877.407321062252
                    },
                    {
                        "x": 1222.0323285926463,
                        "y": 882.7014720105553
                    },
                    {
                        "x": 1217.9106184898308,
                        "y": 883.2897087608575
                    },
                    {
                        "x": 1214.377735667511,
                        "y": 876.2308677572308
                    },
                    {
                        "x": 1211.4337205560134,
                        "y": 870.3484800586253
                    },
                    {
                        "x": 1209.6672791448536,
                        "y": 864.4660721644367
                    },
                    {
                        "x": 1209.078451864358,
                        "y": 859.1719212161333
                    },
                    {
                        "x": 1209.078451864358,
                        "y": 854.4660070181326
                    },
                    {
                        "x": 1205.545609472365,
                        "y": 848.5836193195271
                    },
                    {
                        "x": 1197.3022701273878,
                        "y": 841.524737924734
                    },
                    {
                        "x": 1191.414199474066,
                        "y": 833.8776399752217
                    },
                    {
                        "x": 1183.7596874095848,
                        "y": 826.8187585804286
                    },
                    {
                        "x": 1177.2827490454406,
                        "y": 820.9363708818231
                    },
                    {
                        "x": 1173.7499066534476,
                        "y": 817.995187130312
                    },
                    {
                        "x": 1170.8058511116233,
                        "y": 807.9951219840078
                    },
                    {
                        "x": 1167.27300871963,
                        "y": 802.7009912312877
                    },
                    {
                        "x": 1163.1513794774685,
                        "y": 802.1127342854023
                    },
                    {
                        "x": 1156.6744411133245,
                        "y": 799.7597872841934
                    },
                    {
                        "x": 1150.197543179507,
                        "y": 797.9950568377036
                    },
                    {
                        "x": 1145.48708665685,
                        "y": 795.0538528906093
                    },
                    {
                        "x": 1140.7765897038657,
                        "y": 793.877399585588
                    },
                    {
                        "x": 1134.888478620217,
                        "y": 792.7009058894004
                    },
                    {
                        "x": 1133.122077639384,
                        "y": 791.5244323887958
                    },
                    {
                        "x": 1129.0004079668954,
                        "y": 785.6420446901905
                    },
                    {
                        "x": 1125.4675655749024,
                        "y": 789.1714651920038
                    },
                    {
                        "x": 1124.8787787247338,
                        "y": 795.6421098364947
                    },
                    {
                        "x": 1127.8228342665582,
                        "y": 805.6421749827989
                    },
                    {
                        "x": 1127.8228342665582,
                        "y": 815.0539831832178
                    },
                    {
                        "x": 1130.1780220975597,
                        "y": 833.8776399752217
                    },
                    {
                        "x": 1130.1780220975597,
                        "y": 844.4659418718282
                    },
                    {
                        "x": 1128.4115806864,
                        "y": 855.0542437684347
                    },
                    {
                        "x": 1124.2899110139113,
                        "y": 860.9366314670402
                    },
                    {
                        "x": 1119.579454491254,
                        "y": 869.1719661668545
                    },
                    {
                        "x": 1114.280170688101,
                        "y": 876.2308677572308
                    },
                    {
                        "x": 1109.5697141654439,
                        "y": 881.5249985099509
                    },
                    {
                        "x": 1106.0368313431238,
                        "y": 886.8191494582541
                    },
                    {
                        "x": 1103.6816030817952,
                        "y": 892.7015371568596
                    },
                    {
                        "x": 1103.6816030817952,
                        "y": 895.0544841580685
                    },
                    {
                        "x": 1127.8228342665582,
                        "y": 933.6270079708896
                    },
                    {
                        "x": 1149.6087158990117,
                        "y": 966.5683669657302
                    },
                    {
                        "x": 1166.0954350192928,
                        "y": 994.215615403434
                    },
                    {
                        "x": 1180.8156722980873,
                        "y": 1019.5099168399289
                    },
                    {
                        "x": 1187.2925298015775,
                        "y": 1034.804112738953
                    },
                    {
                        "x": 1190.2365853434019,
                        "y": 1041.2747371878609
                    },
                    {
                        "x": 1191.414199474066,
                        "y": 1047.1571046908832
                    },
                    {
                        "x": 1194.9470418660592,
                        "y": 1053.0395125850719
                    },
                    {
                        "x": 1199.6575388190433,
                        "y": 1058.333663533375
                    },
                    {
                        "x": 1199.6575388190433,
                        "y": 1061.8630840351884
                    },
                    {
                        "x": 1196.1246559967235,
                        "y": 1064.2160310363975
                    },
                    {
                        "x": 1190.2365853434019,
                        "y": 1060.0983939798648
                    },
                    {
                        "x": 1182.5820328485936,
                        "y": 1051.8630794756336
                    },
                    {
                        "x": 1176.6939621952718,
                        "y": 1044.215941134955
                    },
                    {
                        "x": 1164.328953177806,
                        "y": 1021.2746068952524
                    },
                    {
                        "x": 1153.7303855715002,
                        "y": 1004.8039374956235
                    },
                    {
                        "x": 1146.6647007875142,
                        "y": 995.3920889040385
                    },
                    {
                        "x": 1136.654960461704,
                        "y": 981.2743463100354
                    },
                    {
                        "x": 1129.5891948170643,
                        "y": 970.686044413429
                    },
                    {
                        "x": 1122.5235100330783,
                        "y": 960.0977627124056
                    },
                    {
                        "x": 1114.8689979685967,
                        "y": 949.5094406202161
                    },
                    {
                        "x": 1109.5697141654439,
                        "y": 944.2152896719128
                    },
                    {
                        "x": 1105.448044492955,
                        "y": 937.1564284727029
                    },
                    {
                        "x": 1101.9151616706351,
                        "y": 929.5093103276076
                    },
                    {
                        "x": 1097.7934919981467,
                        "y": 924.2151593793044
                    },
                    {
                        "x": 1094.2606496061537,
                        "y": 918.3327716806989
                    },
                    {
                        "x": 1086.0173102611764,
                        "y": 925.9798898257942
                    },
                    {
                        "x": 1081.306853738519,
                        "y": 931.8622775243997
                    },
                    {
                        "x": 1073.6523416740376,
                        "y": 940.097612224214
                    },
                    {
                        "x": 1069.530672001549,
                        "y": 948.9212038699138
                    },
                    {
                        "x": 1066.5866164597248,
                        "y": 958.921269016218
                    },
                    {
                        "x": 1065.4090023290605,
                        "y": 966.5683669657302
                    },
                    {
                        "x": 1065.997829609556,
                        "y": 978.3331625585242
                    },
                    {
                        "x": 1067.764230590389,
                        "y": 989.5097012054331
                    },
                    {
                        "x": 1070.7082861322133,
                        "y": 1004.215660354155
                    },
                    {
                        "x": 1071.8859406932045,
                        "y": 1011.8627784992505
                    },
                    {
                        "x": 1071.8859406932045,
                        "y": 1020.0981333946479
                    },
                    {
                        "x": 1067.764230590389,
                        "y": 1024.2158108423466
                    },
                    {
                        "x": 1063.6425609179005,
                        "y": 1020.0981333946479
                    },
                    {
                        "x": 1060.1097589562344,
                        "y": 1011.274521553365
                    },
                    {
                        "x": 1058.932104395243,
                        "y": 1003.6274236038529
                    },
                    {
                        "x": 1058.3432771147477,
                        "y": 994.8038521537362
                    },
                    {
                        "x": 1057.16570341441,
                        "y": 988.3332075092453
                    },
                    {
                        "x": 1054.8104347227545,
                        "y": 985.9802605080365
                    },
                    {
                        "x": 1048.3335772192643,
                        "y": 990.0979379557352
                    },
                    {
                        "x": 1043.623039835953,
                        "y": 998.9215497970182
                    },
                    {
                        "x": 1035.3797409213028,
                        "y": 1010.6863453898122
                    },
                    {
                        "x": 1030.08045711815,
                        "y": 1014.8039824463448
                    },
                    {
                        "x": 1024.781173314997,
                        "y": 1014.8039824463448
                    },
                    {
                        "x": 1020.0706763620127,
                        "y": 1012.4510354451359
                    },
                    {
                        "x": 1015.9490066895241,
                        "y": 1005.980390800645
                    },
                    {
                        "x": 1013.5937784281955,
                        "y": 1000.6862398523417
                    },
                    {
                        "x": 1008.8833016903748,
                        "y": 988.3332075092453
                    },
                    {
                        "x": 1007.1168804943782,
                        "y": 980.6861095597333
                    },
                    {
                        "x": 1004.1728249525539,
                        "y": 970.686044413429
                    },
                    {
                        "x": 998.284734084069,
                        "y": 956.568301819426
                    },
                    {
                        "x": 994.7518714769124,
                        "y": 946.5682568687049
                    },
                    {
                        "x": 990.0413947390916,
                        "y": 931.8622775243997
                    },
                    {
                        "x": 988.2749735430953,
                        "y": 927.1563633263987
                    },
                    {
                        "x": 985.9197452817666,
                        "y": 919.5092451813033
                    },
                    {
                        "x": 983.5644968052744,
                        "y": 911.273910481489
                    },
                    {
                        "x": 981.2092685439459,
                        "y": 905.9797595331858
                    },
                    {
                        "x": 979.4428271327859,
                        "y": 901.862082085487
                    },
                    {
                        "x": 975.3211776754607,
                        "y": 896.5679311371837
                    },
                    {
                        "x": 971.5578686833788,
                        "y": 910.6856737311867
                    },
                    {
                        "x": 966.2585848802261,
                        "y": 921.8622325736786
                    },
                    {
                        "x": 962.7257020579061,
                        "y": 928.3328368270032
                    },
                    {
                        "x": 957.4264182547531,
                        "y": 937.7446652230051
                    },
                    {
                        "x": 952.7160021624227,
                        "y": 947.7447303693094
                    },
                    {
                        "x": 950.3607334707673,
                        "y": 954.8035915685193
                    },
                    {
                        "x": 946.8278910787743,
                        "y": 964.2154199645214
                    },
                    {
                        "x": 943.8838759672768,
                        "y": 975.39195861143
                    },
                    {
                        "x": 940.9398204254526,
                        "y": 983.0390565609422
                    },
                    {
                        "x": 935.0517093418042,
                        "y": 992.4508849569442
                    },
                    {
                        "x": 929.7523851083245,
                        "y": 997.7450359052474
                    },
                    {
                        "x": 921.509086193674,
                        "y": 1008.333357997437
                    },
                    {
                        "x": 916.2098023905211,
                        "y": 1013.6275493369066
                    },
                    {
                        "x": 909.732864026377,
                        "y": 1023.6275538964613
                    },
                    {
                        "x": 903.8447933730554,
                        "y": 1033.0393822924632
                    },
                    {
                        "x": 899.1342964200711,
                        "y": 1043.6276841890697
                    },
                    {
                        "x": 886.1805005524366,
                        "y": 1056.5689330868852
                    },
                    {
                        "x": 875.5819329461307,
                        "y": 1061.8630840351884
                    },
                    {
                        "x": 867.9274208816493,
                        "y": 1061.8630840351884
                    },
                    {
                        "x": 860.8616956673363,
                        "y": 1062.4513409810738
                    },
                    {
                        "x": 857.917680555839,
                        "y": 1061.2748674804693
                    },
                    {
                        "x": 859.6840815366721,
                        "y": 1058.333663533375
                    },
                    {
                        "x": 863.2169643589918,
                        "y": 1058.921880088094
                    },
                    {
                        "x": 869.6938622928091,
                        "y": 1057.7454469786558
                    },
                    {
                        "x": 876.7595470767951,
                        "y": 1055.3924595862807
                    },
                    {
                        "x": 882.058871310275,
                        "y": 1053.0395125850719
                    },
                    {
                        "x": 888.5357288137652,
                        "y": 1046.568888136164
                    },
                    {
                        "x": 894.4238398974137,
                        "y": 1037.1571001313284
                    },
                    {
                        "x": 906.7888489148795,
                        "y": 1018.3334029481581
                    },
                    {
                        "x": 918.5650306518496,
                        "y": 999.5097663517373
                    },
                    {
                        "x": 928.57477097766,
                        "y": 984.8037870074319
                    },
                    {
                        "x": 933.2852679306442,
                        "y": 974.8037218611278
                    },
                    {
                        "x": 936.8181103226372,
                        "y": 961.274216017427
                    },
                    {
                        "x": 942.1173941257902,
                        "y": 946.5682568687049
                    },
                    {
                        "x": 945.6502365177831,
                        "y": 935.391698026213
                    },
                    {
                        "x": 948.5942920596073,
                        "y": 926.5681265760963
                    },
                    {
                        "x": 950.3607334707673,
                        "y": 920.0975021271887
                    },
                    {
                        "x": 949.183119340103,
                        "y": 918.3327716806989
                    },
                    {
                        "x": 946.2390637982787,
                        "y": 918.9210286265843
                    },
                    {
                        "x": 933.874054780813,
                        "y": 920.6857388774911
                    },
                    {
                        "x": 927.9859841274913,
                        "y": 918.9210286265843
                    },
                    {
                        "x": 923.8643144550027,
                        "y": 915.9798448750731
                    },
                    {
                        "x": 919.742644782514,
                        "y": 914.2150942330002
                    },
                    {
                        "x": 915.0321478295299,
                        "y": 913.0386409279788
                    },
                    {
                        "x": 911.4993458678637,
                        "y": 914.2150942330002
                    },
                    {
                        "x": 907.966463045544,
                        "y": 918.9210286265843
                    },
                    {
                        "x": 903.8447933730554,
                        "y": 928.3328368270032
                    },
                    {
                        "x": 900.9007378312311,
                        "y": 935.391698026213
                    },
                    {
                        "x": 898.5455095699024,
                        "y": 942.4505996165893
                    },
                    {
                        "x": 896.7791085890693,
                        "y": 947.7447303693094
                    },
                    {
                        "x": 894.4238398974137,
                        "y": 952.4506445673104
                    },
                    {
                        "x": 896.7791085890693,
                        "y": 953.0388813176125
                    },
                    {
                        "x": 901.4895651117265,
                        "y": 953.6271180679149
                    },
                    {
                        "x": 904.4335802232241,
                        "y": 954.2153750138001
                    },
                    {
                        "x": 906.2000216343839,
                        "y": 956.568301819426
                    },
                    {
                        "x": 903.2559660925597,
                        "y": 962.4507097136146
                    },
                    {
                        "x": 899.7231641308935,
                        "y": 969.5095709128245
                    },
                    {
                        "x": 894.4238398974137,
                        "y": 973.0390116102211
                    },
                    {
                        "x": 887.9469823939233,
                        "y": 980.097872809431
                    },
                    {
                        "x": 880.292429899115,
                        "y": 983.6273135068276
                    },
                    {
                        "x": 876.1708006569532,
                        "y": 983.6273135068276
                    },
                    {
                        "x": 871.4602632736421,
                        "y": 979.5096360591288
                    },
                    {
                        "x": 869.6938622928091,
                        "y": 976.5684321120345
                    },
                    {
                        "x": 864.9833653398249,
                        "y": 966.5683669657302
                    },
                    {
                        "x": 866.7498067509849,
                        "y": 958.3330322659159
                    },
                    {
                        "x": 870.2826895733047,
                        "y": 949.5094406202161
                    },
                    {
                        "x": 871.4602632736421,
                        "y": 944.2152896719128
                    },
                    {
                        "x": 878.525988487955,
                        "y": 931.2740407740974
                    },
                    {
                        "x": 887.3581146831008,
                        "y": 913.0386409279788
                    },
                    {
                        "x": 893.835053047245,
                        "y": 900.6856085848825
                    },
                    {
                        "x": 896.7791085890693,
                        "y": 892.4502738850681
                    },
                    {
                        "x": 899.7231641308935,
                        "y": 886.5678861864627
                    },
                    {
                        "x": 893.5619550870503,
                        "y": 882.7014720105553
                    },
                    {
                        "x": 890.617899545226,
                        "y": 875.0543740610431
                    },
                    {
                        "x": 889.4403258448885,
                        "y": 870.9366966133443
                    },
                    {
                        "x": 887.085057153233,
                        "y": 861.5248884129256
                    },
                    {
                        "x": 884.1410016114087,
                        "y": 857.4071907696436
                    },
                    {
                        "x": 880.0193319389201,
                        "y": 850.936566320736
                    },
                    {
                        "x": 877.0752763970959,
                        "y": 847.9953623736417
                    },
                    {
                        "x": 870.5983784632787,
                        "y": 843.8777253171091
                    },
                    {
                        "x": 866.4767087907901,
                        "y": 847.4071256233394
                    },
                    {
                        "x": 862.943906829124,
                        "y": 850.3483295704336
                    },
                    {
                        "x": 858.8221967263086,
                        "y": 850.3483295704336
                    },
                    {
                        "x": 857.6445825956442,
                        "y": 849.1718560698292
                    },
                    {
                        "x": 858.8221967263086,
                        "y": 840.9365213700147
                    },
                    {
                        "x": 857.6445825956442,
                        "y": 837.9953174229205
                    },
                    {
                        "x": 851.1677250921538,
                        "y": 839.7600276738272
                    },
                    {
                        "x": 838.8026756443611,
                        "y": 841.524737924734
                    },
                    {
                        "x": 814.6614848899252,
                        "y": 850.936566320736
                    },
                    {
                        "x": 772.8560417451973,
                        "y": 870.9366966133443
                    },
                    {
                        "x": 761.0798600082271,
                        "y": 875.6426108113454
                    },
                    {
                        "x": 747.5372368600971,
                        "y": 879.1720515087419
                    },
                    {
                        "x": 736.9386692537912,
                        "y": 882.7014720105553
                    },
                    {
                        "x": 724.5736602363255,
                        "y": 885.0544392073474
                    },
                    {
                        "x": 718.0967623025082,
                        "y": 889.7603332097652
                    },
                    {
                        "x": 715.1527269758474,
                        "y": 893.8780308530471
                    },
                    {
                        "x": 711.619864368691,
                        "y": 902.1133655528615
                    },
                    {
                        "x": 708.0870017615346,
                        "y": 905.0545493043727
                    },
                    {
                        "x": 705.1429664348738,
                        "y": 902.1133655528615
                    },
                    {
                        "x": 705.7317735002058,
                        "y": 895.6427209083706
                    },
                    {
                        "x": 710.4422502380266,
                        "y": 887.9956431544416
                    },
                    {
                        "x": 717.5079552371761,
                        "y": 877.407321062252
                    },
                    {
                        "x": 730.4617511048106,
                        "y": 872.7014068642512
                    },
                    {
                        "x": 743.4155671876085,
                        "y": 867.99549266625
                    },
                    {
                        "x": 774.0336558758617,
                        "y": 855.0542437684347
                    },
                    {
                        "x": 800.5300748916264,
                        "y": 840.3482644241295
                    },
                    {
                        "x": 821.1383828237423,
                        "y": 830.3481992778252
                    },
                    {
                        "x": 842.9243453168497,
                        "y": 819.7598973812188
                    },
                    {
                        "x": 862.3550391183015,
                        "y": 814.4657666284987
                    },
                    {
                        "x": 891.7955136758904,
                        "y": 808.5833789298932
                    },
                    {
                        "x": 912.992689318829,
                        "y": 805.0539180369135
                    },
                    {
                        "x": 933.6009972509449,
                        "y": 792.3639526064727
                    },
                    {
                        "x": 947.7324072492438,
                        "y": 787.0697814625863
                    },
                    {
                        "x": 955.9757465942212,
                        "y": 787.0697814625863
                    },
                    {
                        "x": 967.7519283311912,
                        "y": 781.7756305142831
                    },
                    {
                        "x": 976.584054526337,
                        "y": 775.3050060653754
                    },
                    {
                        "x": 977.1728818068327,
                        "y": 772.3638223138644
                    },
                    {
                        "x": 974.2288262650085,
                        "y": 767.069671365561
                    },
                    {
                        "x": 970.6959434426885,
                        "y": 762.36375716756
                    },
                    {
                        "x": 968.3407151813599,
                        "y": 758.8343164701635
                    },
                    {
                        "x": 966.5743142005268,
                        "y": 754.1284224677457
                    },
                    {
                        "x": 963.041471808534,
                        "y": 750.0107248244638
                    },
                    {
                        "x": 954.209345613388,
                        "y": 749.4224880741615
                    },
                    {
                        "x": 947.7324072492438,
                        "y": 748.8342513238593
                    },
                    {
                        "x": 942.4331638764178,
                        "y": 745.8930675723481
                    },
                    {
                        "x": 931.8345558397851,
                        "y": 742.3636470705347
                    },
                    {
                        "x": 924.7688710557991,
                        "y": 738.2459494272528
                    },
                    {
                        "x": 914.7590902996619,
                        "y": 732.9517984789495
                    },
                    {
                        "x": 908.2821923658447,
                        "y": 728.2458842809486
                    },
                    {
                        "x": 896.5059701985476,
                        "y": 720.0105495811341
                    },
                    {
                        "x": 889.4403258448885,
                        "y": 714.716398632831
                    },
                    {
                        "x": 877.6641441079182,
                        "y": 705.8928069871312
                    },
                    {
                        "x": 871.1872057437743,
                        "y": 702.3633763875263
                    },
                    {
                        "x": 863.5326532489659,
                        "y": 696.4809886889208
                    },
                    {
                        "x": 857.0557957454754,
                        "y": 692.9515479915242
                    },
                    {
                        "x": 853.5229129231556,
                        "y": 690.0103541422214
                    },
                    {
                        "x": 849.9900705311626,
                        "y": 687.6573970432211
                    },
                    {
                        "x": 844.101959447514,
                        "y": 682.95148284522
                    },
                    {
                        "x": 840.569117055521,
                        "y": 681.1867725943132
                    },
                    {
                        "x": 835.269833252368,
                        "y": 680.0102889959172
                    },
                    {
                        "x": 828.7929353185509,
                        "y": 681.1867725943132
                    },
                    {
                        "x": 820.5495959735738,
                        "y": 684.7162031939183
                    },
                    {
                        "x": 814.6614848899252,
                        "y": 686.4809437381996
                    },
                    {
                        "x": 807.0070132557705,
                        "y": 691.7750744909197
                    },
                    {
                        "x": 804.651744564115,
                        "y": 696.4809886889208
                    },
                    {
                        "x": 798.1748870606245,
                        "y": 706.4810437374334
                    },
                    {
                        "x": 794.053176957809,
                        "y": 711.7751946857367
                    },
                    {
                        "x": 786.9874517434962,
                        "y": 718.2458191346443
                    },
                    {
                        "x": 781.6881679403433,
                        "y": 722.3634965823431
                    },
                    {
                        "x": 776.3888841371903,
                        "y": 727.6576677262295
                    },
                    {
                        "x": 771.6784276145331,
                        "y": 732.3635617286473
                    },
                    {
                        "x": 771.0896003340375,
                        "y": 735.8930024260438
                    },
                    {
                        "x": 771.0896003340375,
                        "y": 743.540100375556
                    },
                    {
                        "x": 771.6784276145331,
                        "y": 754.1284224677457
                    },
                    {
                        "x": 772.8560417451973,
                        "y": 760.010810166351
                    },
                    {
                        "x": 775.2112700065261,
                        "y": 768.8344018120509
                    },
                    {
                        "x": 776.9777114176859,
                        "y": 774.7167895106562
                    },
                    {
                        "x": 778.1553255483503,
                        "y": 787.6580384084717
                    },
                    {
                        "x": 779.3329396790147,
                        "y": 792.9521893567749
                    },
                    {
                        "x": 781.6881679403433,
                        "y": 804.1287481992667
                    },
                    {
                        "x": 782.8657820710076,
                        "y": 808.8346422016846
                    },
                    {
                        "x": 784.6322234821677,
                        "y": 816.4817401511968
                    },
                    {
                        "x": 789.3427204351518,
                        "y": 815.8935235964777
                    },
                    {
                        "x": 792.286775976976,
                        "y": 819.422944098291
                    },
                    {
                        "x": 790.5202941354893,
                        "y": 824.128838100709
                    },
                    {
                        "x": 786.3986648933275,
                        "y": 825.8935685471988
                    },
                    {
                        "x": 784.6322234821677,
                        "y": 826.4818052975011
                    },
                    {
                        "x": 779.9217265291833,
                        "y": 827.6582989936886
                    },
                    {
                        "x": 776.9777114176859,
                        "y": 821.7759112950831
                    },
                    {
                        "x": 773.4448285953662,
                        "y": 810.0111358978722
                    },
                    {
                        "x": 772.8560417451973,
                        "y": 801.1875442521725
                    },
                    {
                        "x": 771.0896003340375,
                        "y": 792.3639526064727
                    },
                    {
                        "x": 769.9119862033731,
                        "y": 788.246275158774
                    },
                    {
                        "x": 766.3791438113801,
                        "y": 785.8933079619818
                    },
                    {
                        "x": 761.668646858396,
                        "y": 783.5403811563561
                    },
                    {
                        "x": 755.7805762050743,
                        "y": 781.1873937639809
                    },
                    {
                        "x": 751.0700792520901,
                        "y": 780.0109202633763
                    },
                    {
                        "x": 745.7707954489372,
                        "y": 778.2462100124696
                    },
                    {
                        "x": 739.882704580452,
                        "y": 774.128532564771
                    },
                    {
                        "x": 731.0505783853062,
                        "y": 768.2461448661655
                    },
                    {
                        "x": 723.9848531709933,
                        "y": 766.4814346152589
                    },
                    {
                        "x": 715.7415340411795,
                        "y": 764.716704168769
                    },
                    {
                        "x": 708.6758088268666,
                        "y": 764.1284674184667
                    },
                    {
                        "x": 701.0212967623852,
                        "y": 762.9520141134454
                    },
                    {
                        "x": 697.4884543703922,
                        "y": 762.9520141134454
                    },
                    {
                        "x": 688.0674806795871,
                        "y": 760.5990267210701
                    },
                    {
                        "x": 683.3570241569299,
                        "y": 759.4225532204658
                    },
                    {
                        "x": 680.4129686151057,
                        "y": 753.5401655218603
                    },
                    {
                        "x": 679.8241817649368,
                        "y": 748.2460347691402
                    },
                    {
                        "x": 685.1234453529263,
                        "y": 751.7754552709536
                    },
                    {
                        "x": 688.0674806795871,
                        "y": 754.7166390224646
                    },
                    {
                        "x": 691.600363501907,
                        "y": 756.4813694689545
                    },
                    {
                        "x": 705.1429664348738,
                        "y": 756.4813694689545
                    },
                    {
                        "x": 720.4520107790004,
                        "y": 757.657842969559
                    },
                    {
                        "x": 731.0505783853062,
                        "y": 761.1872836669555
                    },
                    {
                        "x": 736.9386692537912,
                        "y": 767.069671365561
                    },
                    {
                        "x": 744.0043742529407,
                        "y": 770.5990918673745
                    },
                    {
                        "x": 754.0141347939143,
                        "y": 774.128532564771
                    },
                    {
                        "x": 748.7148509907614,
                        "y": 764.716704168769
                    },
                    {
                        "x": 749.303678271257,
                        "y": 757.657842969559
                    },
                    {
                        "x": 751.6589065325857,
                        "y": 751.1872387162344
                    },
                    {
                        "x": 757.5469771859074,
                        "y": 751.1872387162344
                    },
                    {
                        "x": 757.5469771859074,
                        "y": 755.304875772767
                    },
                    {
                        "x": 756.3693630552431,
                        "y": 763.5402306681644
                    },
                    {
                        "x": 756.3693630552431,
                        "y": 766.4814346152589
                    },
                    {
                        "x": 763.4350882695558,
                        "y": 769.4226183667699
                    },
                    {
                        "x": 766.3791438113801,
                        "y": 766.4814346152589
                    },
                    {
                        "x": 764.6127024002202,
                        "y": 761.1872836669555
                    },
                    {
                        "x": 764.0238751197246,
                        "y": 758.2460797198613
                    },
                    {
                        "x": 763.4350882695558,
                        "y": 754.1284224677457
                    },
                    {
                        "x": 762.2574741388916,
                        "y": 747.0695410729525
                    },
                    {
                        "x": 761.668646858396,
                        "y": 741.7753901246493
                    },
                    {
                        "x": 762.2574741388916,
                        "y": 735.8930024260438
                    },
                    {
                        "x": 764.6127024002202,
                        "y": 729.4223779771362
                    },
                    {
                        "x": 766.3791438113801,
                        "y": 724.7164839747182
                    },
                    {
                        "x": 783.4546497818301,
                        "y": 710.010504630413
                    },
                    {
                        "x": 790.5202941354893,
                        "y": 700.5986560388279
                    },
                    {
                        "x": 792.8755628271448,
                        "y": 689.4221375875023
                    },
                    {
                        "x": 796.4084052191376,
                        "y": 682.95148284522
                    },
                    {
                        "x": 804.0629577139462,
                        "y": 678.2455787450104
                    },
                    {
                        "x": 809.9510687975948,
                        "y": 674.1279012973117
                    },
                    {
                        "x": 825.2600524962311,
                        "y": 667.9085401201955
                    },
                    {
                        "x": 812.8950839090921,
                        "y": 664.9673563686844
                    },
                    {
                        "x": 802.885303152955,
                        "y": 664.3791398139653
                    },
                    {
                        "x": 795.2308315188002,
                        "y": 663.79088286808
                    },
                    {
                        "x": 788.7538931546562,
                        "y": 662.02615242159
                    },
                    {
                        "x": 784.6322234821677,
                        "y": 660.8496789209856
                    },
                    {
                        "x": 779.9217265291833,
                        "y": 655.5555481682655
                    },
                    {
                        "x": 778.7441123985191,
                        "y": 652.6143442211711
                    },
                    {
                        "x": 781.0993810901745,
                        "y": 651.4378505249836
                    },
                    {
                        "x": 786.9874517434962,
                        "y": 653.2025809714734
                    },
                    {
                        "x": 794.6419638079778,
                        "y": 653.7908177217756
                    },
                    {
                        "x": 801.1189021721219,
                        "y": 654.9672912223801
                    },
                    {
                        "x": 814.0726980397563,
                        "y": 654.3790544720779
                    },
                    {
                        "x": 824.0824383655666,
                        "y": 657.9084951694745
                    },
                    {
                        "x": 833.503432271535,
                        "y": 663.2026461177777
                    },
                    {
                        "x": 839.9802897750254,
                        "y": 664.3791398139653
                    },
                    {
                        "x": 852.3452987924911,
                        "y": 661.4379358668709
                    },
                    {
                        "x": 862.3550391183015,
                        "y": 657.9084951694745
                    },
                    {
                        "x": 841.1579039056896,
                        "y": 645.2185297390336
                    },
                    {
                        "x": 832.3257777105439,
                        "y": 638.1596281486575
                    },
                    {
                        "x": 825.2600524962311,
                        "y": 635.2184443971462
                    },
                    {
                        "x": 818.1943677122449,
                        "y": 628.7478199482385
                    },
                    {
                        "x": 811.717429348101,
                        "y": 624.6301626961229
                    },
                    {
                        "x": 804.0629577139462,
                        "y": 616.9830243554444
                    },
                    {
                        "x": 798.7636334804664,
                        "y": 614.0418406039333
                    },
                    {
                        "x": 792.286775976976,
                        "y": 608.1594529053278
                    },
                    {
                        "x": 786.3986648933275,
                        "y": 605.2182489582335
                    },
                    {
                        "x": 782.2769952208389,
                        "y": 601.688808260837
                    },
                    {
                        "x": 775.2112700065261,
                        "y": 597.5711510087214
                    },
                    {
                        "x": 771.6784276145331,
                        "y": 591.6887633101159
                    },
                    {
                        "x": 767.5567579420446,
                        "y": 585.8063554159272
                    },
                    {
                        "x": 763.4350882695558,
                        "y": 580.5122246632072
                    },
                    {
                        "x": 758.7245913165716,
                        "y": 568.159192320111
                    },
                    {
                        "x": 758.135804466403,
                        "y": 564.0415249702037
                    },
                    {
                        "x": 756.9581903357385,
                        "y": 560.5120842728072
                    },
                    {
                        "x": 755.1917489245786,
                        "y": 555.217933324504
                    },
                    {
                        "x": 752.83652066325,
                        "y": 550.5120191265029
                    },
                    {
                        "x": 749.8924651214257,
                        "y": 545.8061150262935
                    },
                    {
                        "x": 746.3596227294328,
                        "y": 542.8649211769907
                    },
                    {
                        "x": 744.0043742529407,
                        "y": 540.5119640779902
                    },
                    {
                        "x": 740.4715116457843,
                        "y": 536.9825233805938
                    },
                    {
                        "x": 736.9386692537912,
                        "y": 534.041329531291
                    },
                    {
                        "x": 733.9946137119671,
                        "y": 527.5707050823834
                    },
                    {
                        "x": 732.2281925159705,
                        "y": 522.8648009821738
                    },
                    {
                        "x": 731.6393854506383,
                        "y": 516.9824132835685
                    },
                    {
                        "x": 733.9946137119671,
                        "y": 512.864725738078
                    },
                    {
                        "x": 737.5274763191235,
                        "y": 507.5705747897748
                    },
                    {
                        "x": 748.7148509907614,
                        "y": 502.2764339392632
                    },
                    {
                        "x": 751.6589065325857,
                        "y": 494.04107904386564
                    },
                    {
                        "x": 758.7245913165716,
                        "y": 488.7469280955624
                    },
                    {
                        "x": 758.7245913165716,
                        "y": 489.33516484586465
                    }
                ],
                "resin": 2,
                "browning": true
            }
        ],
        "object_id": "A_c05_A_2_4_22-10-07-09-22-1021"
    },
    "Metadata": {
        "Images": {
            "object_id": "A_c05_A_2_4_22-10-07-09-22-1021",
            "path": "1.Traning_원천데이터_꽃_미수정암꽃",
            "width": 2000,
            "height": 1500
        },
        "environment": {
            "area_id": "A",
            "hemp_id": "A_c05_A_2",
            "area_temp": 26.9,
            "area_hum": 80,
            "area_co2": 321,
            "area_Illum": 416,
            "water_temp": 24.2,
            "water_ec": 5.2,
            "water_ph": 5.5
        },
        "Growth Info": {
            "period": 98,
            "length": 139.8,
            "node_number": 30,
            "node_length": 4.6,
            "root_round": 26.4
        }
    }
}