{
    "annotations": {
        "label": {
            "category": 1
        },
        "polygon": [
            {
                "type": "POLYGON",
                "vertices": [
                    {
                        "x": 1055.5677804672578,
                        "y": 935.4158638280054
                    },
                    {
                        "x": 1060.758166500848,
                        "y": 956.9094676123995
                    },
                    {
                        "x": 1063.689168617267,
                        "y": 965.7024739616563
                    },
                    {
                        "x": 1067.8763144978655,
                        "y": 973.6580511347936
                    },
                    {
                        "x": 1071.226031202344,
                        "y": 984.5446304243499
                    },
                    {
                        "x": 1072.0634603784638,
                        "y": 993.3376367736067
                    },
                    {
                        "x": 1071.644745790404,
                        "y": 999.6183555945045
                    },
                    {
                        "x": 1067.8763144978655,
                        "y": 1013.0172224124198
                    },
                    {
                        "x": 1067.0388853217457,
                        "y": 1022.2289433497366
                    },
                    {
                        "x": 1069.132458262045,
                        "y": 1024.3225162900358
                    },
                    {
                        "x": 1075.8318916710025,
                        "y": 1026.416089230335
                    },
                    {
                        "x": 1083.36875425608,
                        "y": 1026.834803818395
                    },
                    {
                        "x": 1090.4869022530975,
                        "y": 1038.140097696011
                    },
                    {
                        "x": 1092.9991897814566,
                        "y": 1047.3518186333279
                    },
                    {
                        "x": 1103.048339894893,
                        "y": 1069.1249772124402
                    },
                    {
                        "x": 1108.491629539671,
                        "y": 1085.0361315587145
                    },
                    {
                        "x": 1108.0729149516112,
                        "y": 1092.154279555732
                    },
                    {
                        "x": 1105.560627423252,
                        "y": 1099.6911421408095
                    },
                    {
                        "x": 1108.0729149516112,
                        "y": 1104.2970026094679
                    },
                    {
                        "x": 1110.1664878919105,
                        "y": 1104.2970026094679
                    },
                    {
                        "x": 1118.5407796531076,
                        "y": 1092.9917087318518
                    },
                    {
                        "x": 1117.284635888928,
                        "y": 1080.4302710900563
                    },
                    {
                        "x": 1103.8857690710126,
                        "y": 1050.2828207497469
                    },
                    {
                        "x": 1098.8611940142946,
                        "y": 1031.0219496989935
                    },
                    {
                        "x": 1093.8366189575763,
                        "y": 1011.7610786482402
                    },
                    {
                        "x": 1099.2799086023545,
                        "y": 1016.7856537049583
                    },
                    {
                        "x": 1104.7231982471324,
                        "y": 1025.9973746422752
                    },
                    {
                        "x": 1111.0039170680302,
                        "y": 1033.9529518154125
                    },
                    {
                        "x": 1115.1910629486288,
                        "y": 1030.1845205228738
                    },
                    {
                        "x": 1111.0039170680302,
                        "y": 1018.460512057198
                    },
                    {
                        "x": 1091.3243314292172,
                        "y": 991.2440638333073
                    },
                    {
                        "x": 1088.812043900858,
                        "y": 976.5890532512126
                    },
                    {
                        "x": 1082.5313250799602,
                        "y": 957.3281822004593
                    },
                    {
                        "x": 1079.1816083754813,
                        "y": 947.279032087023
                    },
                    {
                        "x": 1086.7184709605588,
                        "y": 950.2100342034419
                    },
                    {
                        "x": 1083.7874688441398,
                        "y": 940.998313266125
                    },
                    {
                        "x": 1077.506750023242,
                        "y": 931.7865923288083
                    },
                    {
                        "x": 1073.7383187307032,
                        "y": 916.7128671586536
                    },
                    {
                        "x": 1081.6938959038405,
                        "y": 916.7128671586536
                    },
                    {
                        "x": 1080.8564667277208,
                        "y": 924.2497297437309
                    },
                    {
                        "x": 1080.437752139661,
                        "y": 931.7865923288083
                    },
                    {
                        "x": 1089.230758488918,
                        "y": 932.2053069168682
                    },
                    {
                        "x": 1087.1371855486186,
                        "y": 938.4860257377658
                    },
                    {
                        "x": 1092.161760605337,
                        "y": 941.8357424422447
                    },
                    {
                        "x": 1098.8611940142946,
                        "y": 952.3036071437411
                    },
                    {
                        "x": 1106.8167711874316,
                        "y": 958.1656113765789
                    },
                    {
                        "x": 1112.2600608322098,
                        "y": 963.1901864332973
                    },
                    {
                        "x": 1117.703350476988,
                        "y": 969.0521906661352
                    },
                    {
                        "x": 1127.3337860023646,
                        "y": 977.4264824273323
                    },
                    {
                        "x": 1139.89522364416,
                        "y": 985.3820596004696
                    },
                    {
                        "x": 1149.5256591695368,
                        "y": 995.431209713906
                    },
                    {
                        "x": 1153.7128050501353,
                        "y": 1003.8055014751029
                    },
                    {
                        "x": 1157.481236342674,
                        "y": 1009.2487911198812
                    },
                    {
                        "x": 1157.0625217546142,
                        "y": 1014.2733661765993
                    },
                    {
                        "x": 1159.1560946949135,
                        "y": 1020.1353704094373
                    },
                    {
                        "x": 1163.343240575512,
                        "y": 1021.8102287616767
                    },
                    {
                        "x": 1165.855528103871,
                        "y": 1016.7856537049583
                    },
                    {
                        "x": 1162.9245259874522,
                        "y": 1005.0616452392827
                    },
                    {
                        "x": 1162.0870968113325,
                        "y": 992.0814930094273
                    },
                    {
                        "x": 1158.7373801068536,
                        "y": 985.8007741885293
                    },
                    {
                        "x": 1154.1315196381952,
                        "y": 981.194913719871
                    },
                    {
                        "x": 1161.2496676352127,
                        "y": 981.194913719871
                    },
                    {
                        "x": 1165.0180989277512,
                        "y": 988.3130617168885
                    },
                    {
                        "x": 1171.298817748649,
                        "y": 992.0814930094273
                    },
                    {
                        "x": 1182.1853970382053,
                        "y": 998.362211830325
                    },
                    {
                        "x": 1182.6041116262652,
                        "y": 1004.2242160631628
                    },
                    {
                        "x": 1184.2789699785046,
                        "y": 1013.0172224124198
                    },
                    {
                        "x": 1188.0474012710433,
                        "y": 1007.1552181795819
                    },
                    {
                        "x": 1192.6532617397017,
                        "y": 1007.5739327676417
                    },
                    {
                        "x": 1192.234547151642,
                        "y": 999.6183555945045
                    },
                    {
                        "x": 1193.0719763277616,
                        "y": 994.1750659497264
                    },
                    {
                        "x": 1187.6286866829835,
                        "y": 988.3130617168885
                    },
                    {
                        "x": 1181.3479678620856,
                        "y": 982.4510574840505
                    },
                    {
                        "x": 1173.3923906889484,
                        "y": 980.3574845437514
                    },
                    {
                        "x": 1173.8111052770082,
                        "y": 974.0767657228535
                    },
                    {
                        "x": 1163.343240575512,
                        "y": 963.1901864332973
                    },
                    {
                        "x": 1155.3876634023748,
                        "y": 954.3971800840403
                    },
                    {
                        "x": 1151.2005175217762,
                        "y": 946.4416029109033
                    },
                    {
                        "x": 1162.5058113993923,
                        "y": 954.8158946721002
                    },
                    {
                        "x": 1177.9982511576068,
                        "y": 954.3971800840403
                    },
                    {
                        "x": 1196.4216930322402,
                        "y": 953.9784654959805
                    },
                    {
                        "x": 1204.3772702053775,
                        "y": 949.791319615382
                    },
                    {
                        "x": 1209.4018452620958,
                        "y": 939.3234549138857
                    },
                    {
                        "x": 1210.6579890262753,
                        "y": 933.4614506810476
                    },
                    {
                        "x": 1219.8697099635922,
                        "y": 941.4170278541849
                    },
                    {
                        "x": 1228.662716312849,
                        "y": 947.279032087023
                    },
                    {
                        "x": 1237.8744372501658,
                        "y": 946.0228883228432
                    },
                    {
                        "x": 1248.3423019516622,
                        "y": 945.6041737347833
                    },
                    {
                        "x": 1255.4604499486798,
                        "y": 946.0228883228432
                    },
                    {
                        "x": 1264.6721708859964,
                        "y": 948.9538904392623
                    },
                    {
                        "x": 1269.6967459427146,
                        "y": 951.0474633795613
                    },
                    {
                        "x": 1269.2780313546548,
                        "y": 945.1854591467236
                    },
                    {
                        "x": 1268.0218875904752,
                        "y": 938.0673111497059
                    },
                    {
                        "x": 1260.9037395934577,
                        "y": 939.3234549138857
                    },
                    {
                        "x": 1251.2733040680812,
                        "y": 933.8801652691077
                    },
                    {
                        "x": 1247.9235873636023,
                        "y": 922.1561568034316
                    },
                    {
                        "x": 1248.3423019516622,
                        "y": 905.8262878690972
                    },
                    {
                        "x": 1255.04173536062,
                        "y": 902.4765711646186
                    },
                    {
                        "x": 1265.509600062116,
                        "y": 904.1514295168579
                    },
                    {
                        "x": 1270.1154605307745,
                        "y": 899.1268544601397
                    },
                    {
                        "x": 1267.6031730024154,
                        "y": 896.1958523437207
                    },
                    {
                        "x": 1261.7411687695774,
                        "y": 897.0332815198404
                    },
                    {
                        "x": 1252.9481624203206,
                        "y": 896.1958523437207
                    },
                    {
                        "x": 1254.62302077256,
                        "y": 889.496418934763
                    },
                    {
                        "x": 1264.6721708859964,
                        "y": 889.496418934763
                    },
                    {
                        "x": 1274.721320999433,
                        "y": 889.0777043467032
                    },
                    {
                        "x": 1288.9576169934678,
                        "y": 892.4274210511819
                    },
                    {
                        "x": 1294.8196212263058,
                        "y": 892.8461356392418
                    },
                    {
                        "x": 1301.5190546352635,
                        "y": 894.1022794034216
                    },
                    {
                        "x": 1304.4500567516825,
                        "y": 891.5899918750623
                    },
                    {
                        "x": 1311.98691933676,
                        "y": 889.9151335228229
                    },
                    {
                        "x": 1318.2676381576578,
                        "y": 889.496418934763
                    },
                    {
                        "x": 1322.873498626316,
                        "y": 883.6344147019252
                    },
                    {
                        "x": 1321.1986402740765,
                        "y": 879.8659834093863
                    },
                    {
                        "x": 1310.3120609845205,
                        "y": 881.1221271735661
                    },
                    {
                        "x": 1300.6816254591438,
                        "y": 878.6098396452069
                    },
                    {
                        "x": 1295.2383358143657,
                        "y": 879.4472688213265
                    },
                    {
                        "x": 1285.6079002889892,
                        "y": 882.3782709377456
                    },
                    {
                        "x": 1282.2581835845103,
                        "y": 878.6098396452069
                    },
                    {
                        "x": 1274.302606411373,
                        "y": 877.3536958810273
                    },
                    {
                        "x": 1265.509600062116,
                        "y": 875.260122940728
                    },
                    {
                        "x": 1257.9727374770387,
                        "y": 873.1665500004289
                    },
                    {
                        "x": 1248.761016539722,
                        "y": 871.9104062362493
                    },
                    {
                        "x": 1245.4112998352432,
                        "y": 867.3045457675908
                    },
                    {
                        "x": 1236.1995788979264,
                        "y": 861.0238269466931
                    },
                    {
                        "x": 1226.1504287844898,
                        "y": 855.999251889975
                    },
                    {
                        "x": 1218.6135661994126,
                        "y": 851.3933914213164
                    },
                    {
                        "x": 1243.7364414830038,
                        "y": 850.9746768332566
                    },
                    {
                        "x": 1256.2978791247995,
                        "y": 847.2062455407178
                    },
                    {
                        "x": 1272.2090334710738,
                        "y": 840.0880975437004
                    },
                    {
                        "x": 1287.7014732292885,
                        "y": 838.413239191461
                    },
                    {
                        "x": 1295.2383358143657,
                        "y": 837.9945246034011
                    },
                    {
                        "x": 1301.5190546352635,
                        "y": 842.1816704839996
                    },
                    {
                        "x": 1304.8687713397424,
                        "y": 839.6693829556406
                    },
                    {
                        "x": 1301.1003400472036,
                        "y": 834.6448078989222
                    },
                    {
                        "x": 1289.7950461695875,
                        "y": 831.7138057825033
                    },
                    {
                        "x": 1276.3961793516723,
                        "y": 831.7138057825033
                    },
                    {
                        "x": 1248.3423019516622,
                        "y": 832.9699495466829
                    },
                    {
                        "x": 1232.8498621934475,
                        "y": 832.9699495466829
                    },
                    {
                        "x": 1224.4755704322506,
                        "y": 821.6646556690667
                    },
                    {
                        "x": 1234.9434351337468,
                        "y": 813.7090784959295
                    },
                    {
                        "x": 1250.0171603039016,
                        "y": 817.8962243765282
                    },
                    {
                        "x": 1278.0710377039118,
                        "y": 820.8272264929471
                    },
                    {
                        "x": 1293.1447628740664,
                        "y": 820.8272264929471
                    },
                    {
                        "x": 1305.2874859278022,
                        "y": 816.6400806123486
                    },
                    {
                        "x": 1314.917921453179,
                        "y": 812.8716493198099
                    },
                    {
                        "x": 1326.6419299188547,
                        "y": 813.7090784959295
                    },
                    {
                        "x": 1343.8092280293088,
                        "y": 810.7780763795107
                    },
                    {
                        "x": 1345.4840863815482,
                        "y": 807.009645086972
                    },
                    {
                        "x": 1345.902800969608,
                        "y": 803.6599283824931
                    },
                    {
                        "x": 1338.3659383845306,
                        "y": 805.3347867347326
                    },
                    {
                        "x": 1327.0606445069145,
                        "y": 804.4973575586129
                    },
                    {
                        "x": 1329.9916466233335,
                        "y": 796.9604949735354
                    },
                    {
                        "x": 1321.1986402740765,
                        "y": 798.6353533257749
                    },
                    {
                        "x": 1312.4056339248198,
                        "y": 802.4037846183137
                    },
                    {
                        "x": 1300.262910871084,
                        "y": 804.078642970553
                    },
                    {
                        "x": 1278.9084668800315,
                        "y": 808.6845034392113
                    },
                    {
                        "x": 1269.2780313546548,
                        "y": 808.6845034392113
                    },
                    {
                        "x": 1262.997312533757,
                        "y": 801.1476408541339
                    },
                    {
                        "x": 1277.233608527792,
                        "y": 800.3102116780143
                    },
                    {
                        "x": 1290.6324753457072,
                        "y": 796.1230657974157
                    },
                    {
                        "x": 1301.5190546352635,
                        "y": 783.98034274368
                    },
                    {
                        "x": 1301.5190546352635,
                        "y": 771.8376196899443
                    },
                    {
                        "x": 1321.6173548621364,
                        "y": 771.8376196899443
                    },
                    {
                        "x": 1351.7648052024458,
                        "y": 781.0493406272609
                    },
                    {
                        "x": 1361.8139553158824,
                        "y": 782.7241989795006
                    },
                    {
                        "x": 1375.2128221337978,
                        "y": 782.3054843914407
                    },
                    {
                        "x": 1386.9368305994735,
                        "y": 776.8621947466627
                    },
                    {
                        "x": 1398.6608390651495,
                        "y": 774.7686218063633
                    },
                    {
                        "x": 1408.2912745905262,
                        "y": 773.5124780421837
                    },
                    {
                        "x": 1413.734564235304,
                        "y": 771.4189051018844
                    },
                    {
                        "x": 1416.665566351723,
                        "y": 768.0691883974055
                    },
                    {
                        "x": 1414.153278823364,
                        "y": 766.3943300451662
                    },
                    {
                        "x": 1402.0105557696284,
                        "y": 769.7440467496451
                    },
                    {
                        "x": 1395.7298369487305,
                        "y": 765.9756154571063
                    },
                    {
                        "x": 1398.6608390651495,
                        "y": 758.0200382839691
                    },
                    {
                        "x": 1399.4982682412692,
                        "y": 747.9708881705327
                    },
                    {
                        "x": 1396.5672661248502,
                        "y": 745.0398860541137
                    },
                    {
                        "x": 1393.2175494203714,
                        "y": 749.6457465227721
                    },
                    {
                        "x": 1391.123976480072,
                        "y": 759.2761820481487
                    },
                    {
                        "x": 1387.3555451875334,
                        "y": 765.5569008690464
                    },
                    {
                        "x": 1369.7695324890196,
                        "y": 765.5569008690464
                    },
                    {
                        "x": 1323.7109278024357,
                        "y": 764.3007571048671
                    },
                    {
                        "x": 1279.3271814680913,
                        "y": 764.3007571048671
                    },
                    {
                        "x": 1216.9387078471732,
                        "y": 769.7440467496451
                    },
                    {
                        "x": 1212.7515619665746,
                        "y": 764.7194716929267
                    },
                    {
                        "x": 1204.3772702053775,
                        "y": 762.6258987526274
                    },
                    {
                        "x": 1203.121126441198,
                        "y": 756.7638945197897
                    },
                    {
                        "x": 1193.4906909158215,
                        "y": 752.9954632272509
                    },
                    {
                        "x": 1193.0719763277616,
                        "y": 747.133458994413
                    },
                    {
                        "x": 1208.983130674036,
                        "y": 744.2024568779941
                    },
                    {
                        "x": 1232.8498621934475,
                        "y": 743.3650277018742
                    },
                    {
                        "x": 1254.2043061845002,
                        "y": 742.9463131138143
                    },
                    {
                        "x": 1266.7657438262956,
                        "y": 745.4586006421736
                    },
                    {
                        "x": 1275.1400355874928,
                        "y": 747.9708881705327
                    },
                    {
                        "x": 1280.164610644211,
                        "y": 747.5521735824728
                    },
                    {
                        "x": 1286.026614877049,
                        "y": 742.9463131138143
                    },
                    {
                        "x": 1291.8886191098868,
                        "y": 739.5965964093356
                    },
                    {
                        "x": 1290.2137607576474,
                        "y": 733.7345921764976
                    },
                    {
                        "x": 1283.09561276063,
                        "y": 737.0843088809764
                    },
                    {
                        "x": 1274.721320999433,
                        "y": 736.6655942929166
                    },
                    {
                        "x": 1288.9576169934678,
                        "y": 719.4982961824626
                    },
                    {
                        "x": 1293.5634774621262,
                        "y": 713.6362919496247
                    },
                    {
                        "x": 1288.9576169934678,
                        "y": 712.3801481854451
                    },
                    {
                        "x": 1283.09561276063,
                        "y": 716.9860086541036
                    },
                    {
                        "x": 1275.9774647636125,
                        "y": 721.5918691227619
                    },
                    {
                        "x": 1264.6721708859964,
                        "y": 730.8035900600787
                    },
                    {
                        "x": 1254.62302077256,
                        "y": 731.6410192361984
                    },
                    {
                        "x": 1248.3423019516622,
                        "y": 729.1287317078393
                    },
                    {
                        "x": 1247.9235873636023,
                        "y": 724.104156651121
                    },
                    {
                        "x": 1256.7165937128593,
                        "y": 724.9415858272407
                    },
                    {
                        "x": 1266.3470292382358,
                        "y": 722.4292982988816
                    },
                    {
                        "x": 1268.859316766595,
                        "y": 715.3111503018641
                    },
                    {
                        "x": 1266.7657438262956,
                        "y": 709.867860657086
                    },
                    {
                        "x": 1282.2581835845103,
                        "y": 704.4245710123079
                    },
                    {
                        "x": 1301.5190546352635,
                        "y": 691.8631333705123
                    },
                    {
                        "x": 1316.5927798054183,
                        "y": 681.8139832570758
                    },
                    {
                        "x": 1330.8290757994532,
                        "y": 672.602262319759
                    },
                    {
                        "x": 1347.1589447337876,
                        "y": 665.9028289108014
                    },
                    {
                        "x": 1360.139096963643,
                        "y": 665.4841143227416
                    },
                    {
                        "x": 1371.863105429319,
                        "y": 667.5776872630408
                    },
                    {
                        "x": 1382.749684718875,
                        "y": 662.5531122063226
                    },
                    {
                        "x": 1384.8432576591742,
                        "y": 651.2478183287066
                    },
                    {
                        "x": 1384.8432576591742,
                        "y": 644.129670331689
                    },
                    {
                        "x": 1383.5871138949947,
                        "y": 634.9179493943723
                    },
                    {
                        "x": 1381.4935409546954,
                        "y": 637.8489515107913
                    },
                    {
                        "x": 1377.725109662157,
                        "y": 650.8291037406467
                    },
                    {
                        "x": 1372.7005346054386,
                        "y": 655.8536787973649
                    },
                    {
                        "x": 1353.0209489666254,
                        "y": 655.8536787973649
                    },
                    {
                        "x": 1324.1296423904955,
                        "y": 661.7156830302029
                    },
                    {
                        "x": 1289.7950461695875,
                        "y": 680.1391249048364
                    },
                    {
                        "x": 1269.6967459427146,
                        "y": 691.4444187824524
                    },
                    {
                        "x": 1255.4604499486798,
                        "y": 698.56256677947
                    },
                    {
                        "x": 1246.248729011363,
                        "y": 700.6561397197693
                    },
                    {
                        "x": 1234.106005957627,
                        "y": 704.8432856003677
                    },
                    {
                        "x": 1229.9188600770285,
                        "y": 705.6807147764874
                    },
                    {
                        "x": 1226.5691433725497,
                        "y": 698.56256677947
                    },
                    {
                        "x": 1218.6135661994126,
                        "y": 695.631564663051
                    },
                    {
                        "x": 1214.845134906874,
                        "y": 689.3508458421531
                    },
                    {
                        "x": 1204.7959847934374,
                        "y": 689.769560430213
                    },
                    {
                        "x": 1197.25912220836,
                        "y": 683.0701270212554
                    },
                    {
                        "x": 1204.3772702053775,
                        "y": 670.5086893794598
                    },
                    {
                        "x": 1210.6579890262753,
                        "y": 662.5531122063226
                    },
                    {
                        "x": 1214.0077057307542,
                        "y": 654.5975350331854
                    },
                    {
                        "x": 1216.1012786710535,
                        "y": 643.7109557436291
                    },
                    {
                        "x": 1220.288424551652,
                        "y": 639.9425244510905
                    },
                    {
                        "x": 1218.1948516113528,
                        "y": 637.4302369227314
                    },
                    {
                        "x": 1227.8252871367292,
                        "y": 631.1495181018336
                    },
                    {
                        "x": 1240.386724778525,
                        "y": 623.1939409286964
                    },
                    {
                        "x": 1253.7855915964403,
                        "y": 608.5389303466015
                    },
                    {
                        "x": 1261.3224541815175,
                        "y": 599.3272094092847
                    },
                    {
                        "x": 1268.859316766595,
                        "y": 588.0219155316687
                    },
                    {
                        "x": 1276.8148939397322,
                        "y": 586.7657717674891
                    },
                    {
                        "x": 1281.4207544083906,
                        "y": 586.7657717674891
                    },
                    {
                        "x": 1287.7014732292885,
                        "y": 589.6967738839081
                    },
                    {
                        "x": 1292.3073336979467,
                        "y": 590.9529176480877
                    },
                    {
                        "x": 1295.6570504024255,
                        "y": 590.5342030600278
                    },
                    {
                        "x": 1298.1693379307846,
                        "y": 585.9283425913694
                    },
                    {
                        "x": 1293.982192050186,
                        "y": 581.7411967107709
                    },
                    {
                        "x": 1288.9576169934678,
                        "y": 582.9973404749504
                    },
                    {
                        "x": 1282.6768981725702,
                        "y": 579.2289091824117
                    },
                    {
                        "x": 1286.8640440531688,
                        "y": 576.2979070659928
                    },
                    {
                        "x": 1288.120187817348,
                        "y": 571.6920465973344
                    },
                    {
                        "x": 1293.1447628740664,
                        "y": 570.017188245095
                    },
                    {
                        "x": 1293.982192050186,
                        "y": 564.9926131883767
                    },
                    {
                        "x": 1283.09561276063,
                        "y": 564.5738986003169
                    },
                    {
                        "x": 1267.6031730024154,
                        "y": 573.7856195376337
                    },
                    {
                        "x": 1261.3224541815175,
                        "y": 588.4406301197286
                    },
                    {
                        "x": 1248.761016539722,
                        "y": 601.8394969376438
                    },
                    {
                        "x": 1230.3375746650884,
                        "y": 606.8640719943621
                    },
                    {
                        "x": 1211.0767036143352,
                        "y": 627.7998013973547
                    },
                    {
                        "x": 1196.4216930322402,
                        "y": 652.5039620928861
                    },
                    {
                        "x": 1191.815832563582,
                        "y": 665.4841143227416
                    },
                    {
                        "x": 1182.6041116262652,
                        "y": 673.4396914958787
                    },
                    {
                        "x": 1170.8801031605892,
                        "y": 686.838558313794
                    },
                    {
                        "x": 1164.5993843396914,
                        "y": 696.8877084272306
                    },
                    {
                        "x": 1155.3876634023748,
                        "y": 718.6608670063429
                    },
                    {
                        "x": 1149.9443737575966,
                        "y": 728.2913025317196
                    },
                    {
                        "x": 1102.0852963423556,
                        "y": 739.1595630580483
                    },
                    {
                        "x": 1093.0410612402627,
                        "y": 739.1595630580483
                    },
                    {
                        "x": 1095.4528572674874,
                        "y": 724.6887868946999
                    },
                    {
                        "x": 1116.5560725057042,
                        "y": 704.7914696700956
                    },
                    {
                        "x": 1141.879930791564,
                        "y": 680.6735093978481
                    },
                    {
                        "x": 1157.5566049685249,
                        "y": 657.7614471392129
                    },
                    {
                        "x": 1154.541859934494,
                        "y": 645.0995179962829
                    },
                    {
                        "x": 1143.6887778119826,
                        "y": 637.8641299146086
                    },
                    {
                        "x": 1123.7914605873784,
                        "y": 639.6729769350272
                    },
                    {
                        "x": 1121.9826135669598,
                        "y": 631.8346398465468
                    },
                    {
                        "x": 1121.9826135669598,
                        "y": 614.3491186491673
                    },
                    {
                        "x": 1121.3796645601535,
                        "y": 604.7019345402682
                    },
                    {
                        "x": 1126.203256614603,
                        "y": 590.834107383726
                    },
                    {
                        "x": 1136.4533897303083,
                        "y": 586.6134643360826
                    },
                    {
                        "x": 1153.3359619208816,
                        "y": 583.5987193020517
                    },
                    {
                        "x": 1163.5860950365868,
                        "y": 578.1721782407959
                    },
                    {
                        "x": 1160.5713500025558,
                        "y": 572.1426881727341
                    },
                    {
                        "x": 1134.6445427098897,
                        "y": 576.3633312203774
                    },
                    {
                        "x": 1149.7182678800446,
                        "y": 558.8778100229979
                    },
                    {
                        "x": 1161.7772480161682,
                        "y": 548.6276769072927
                    },
                    {
                        "x": 1161.7772480161682,
                        "y": 539.5834418051999
                    },
                    {
                        "x": 1149.1153188732383,
                        "y": 540.186390812006
                    },
                    {
                        "x": 1156.3507069549125,
                        "y": 526.92151266227
                    },
                    {
                        "x": 1159.3654519889435,
                        "y": 516.0684305397585
                    },
                    {
                        "x": 1155.1448089413002,
                        "y": 507.0241954376657
                    },
                    {
                        "x": 1149.1153188732383,
                        "y": 516.6713795465647
                    },
                    {
                        "x": 1137.0563387371144,
                        "y": 538.9804927983937
                    },
                    {
                        "x": 1118.9678685329288,
                        "y": 555.8630649889669
                    },
                    {
                        "x": 1104.4970923695803,
                        "y": 570.9367901591216
                    },
                    {
                        "x": 1093.0410612402627,
                        "y": 566.1131981046722
                    },
                    {
                        "x": 1100.8793983287433,
                        "y": 549.2306259140989
                    },
                    {
                        "x": 1111.1295314444483,
                        "y": 531.1421557099133
                    },
                    {
                        "x": 1119.5708175397351,
                        "y": 522.0979206078204
                    },
                    {
                        "x": 1117.1590215125102,
                        "y": 516.6713795465647
                    },
                    {
                        "x": 1110.5265824376422,
                        "y": 517.2743285533709
                    },
                    {
                        "x": 1095.4528572674874,
                        "y": 532.3480537235256
                    },
                    {
                        "x": 1094.8499082606813,
                        "y": 503.40650139682856
                    },
                    {
                        "x": 1092.4381122334564,
                        "y": 494.3622662947357
                    },
                    {
                        "x": 1092.4381122334564,
                        "y": 474.4649490701314
                    },
                    {
                        "x": 1097.261704287906,
                        "y": 468.4354590020696
                    },
                    {
                        "x": 1092.4381122334564,
                        "y": 457.5823768795582
                    },
                    {
                        "x": 1082.1879791177514,
                        "y": 463.6118669476201
                    },
                    {
                        "x": 1080.3791320973328,
                        "y": 478.6855921177749
                    },
                    {
                        "x": 1080.3791320973328,
                        "y": 503.40650139682856
                    },
                    {
                        "x": 1079.1732340837204,
                        "y": 511.8477874921152
                    },
                    {
                        "x": 1074.9525910360771,
                        "y": 514.2595835193399
                    },
                    {
                        "x": 1064.702457920372,
                        "y": 504.00945040363473
                    },
                    {
                        "x": 1056.2611718250853,
                        "y": 503.40650139682856
                    },
                    {
                        "x": 1053.8493757978604,
                        "y": 512.4507364989214
                    },
                    {
                        "x": 1063.4965599067596,
                        "y": 521.4949716010142
                    },
                    {
                        "x": 1068.9231009680152,
                        "y": 532.9510027303318
                    },
                    {
                        "x": 1066.5113049407903,
                        "y": 546.8188298868741
                    },
                    {
                        "x": 1063.4965599067596,
                        "y": 564.9073000910598
                    },
                    {
                        "x": 1058.67296785231,
                        "y": 558.2748610161917
                    },
                    {
                        "x": 1041.7903956617367,
                        "y": 559.4807590298041
                    },
                    {
                        "x": 1038.7756506277058,
                        "y": 568.524994131897
                    },
                    {
                        "x": 1049.628732750217,
                        "y": 568.524994131897
                    },
                    {
                        "x": 1055.658222818279,
                        "y": 574.5544841999588
                    },
                    {
                        "x": 1053.2464267910543,
                        "y": 592.6429544041445
                    },
                    {
                        "x": 1049.628732750217,
                        "y": 604.098985533462
                    },
                    {
                        "x": 1044.2021916889614,
                        "y": 609.5255265947178
                    },
                    {
                        "x": 1041.7903956617367,
                        "y": 624.5992517648725
                    },
                    {
                        "x": 1032.7461605596438,
                        "y": 624.5992517648725
                    },
                    {
                        "x": 1029.7314155256129,
                        "y": 565.510249097866
                    },
                    {
                        "x": 1023.701925457551,
                        "y": 509.43599146489044
                    },
                    {
                        "x": 1022.4960274439386,
                        "y": 496.77406232196046
                    },
                    {
                        "x": 1028.5255175120005,
                        "y": 488.93572523348007
                    },
                    {
                        "x": 1030.9373135392252,
                        "y": 482.90623516541814
                    },
                    {
                        "x": 1030.3343645324192,
                        "y": 476.8767450973563
                    },
                    {
                        "x": 1020.6871804235201,
                        "y": 479.288541124581
                    },
                    {
                        "x": 1009.8340983010087,
                        "y": 494.9652153015419
                    },
                    {
                        "x": 1015.2606393622643,
                        "y": 531.1421557099133
                    },
                    {
                        "x": 1015.8635883690705,
                        "y": 583.5987193020517
                    },
                    {
                        "x": 1025.5107724779696,
                        "y": 636.0552828941901
                    },
                    {
                        "x": 1029.1284665188066,
                        "y": 659.5702941596314
                    },
                    {
                        "x": 1025.5107724779696,
                        "y": 666.2027332344995
                    },
                    {
                        "x": 1015.2606393622643,
                        "y": 645.0995179962829
                    },
                    {
                        "x": 988.1279340559859,
                        "y": 595.6576994381754
                    },
                    {
                        "x": 973.6571578926373,
                        "y": 569.1279431387031
                    },
                    {
                        "x": 972.4512598790249,
                        "y": 552.2453709481298
                    },
                    {
                        "x": 967.6276678245755,
                        "y": 534.7598497507504
                    },
                    {
                        "x": 967.6276678245755,
                        "y": 519.6861245805957
                    },
                    {
                        "x": 973.0542088858311,
                        "y": 502.80355239002233
                    },
                    {
                        "x": 973.0542088858311,
                        "y": 489.5386742402862
                    },
                    {
                        "x": 965.818820804157,
                        "y": 475.67084708374387
                    },
                    {
                        "x": 954.9657386816456,
                        "y": 469.0384080088757
                    },
                    {
                        "x": 943.5097075523279,
                        "y": 456.979427872752
                    },
                    {
                        "x": 935.6713704638474,
                        "y": 442.50865170940347
                    },
                    {
                        "x": 926.0241863549483,
                        "y": 432.2585185936983
                    },
                    {
                        "x": 918.1858492664679,
                        "y": 431.05262058008594
                    },
                    {
                        "x": 921.2005943004989,
                        "y": 438.28800866176016
                    },
                    {
                        "x": 932.0536764230103,
                        "y": 450.3469887978839
                    },
                    {
                        "x": 943.7623320204574,
                        "y": 465.1627683353524
                    },
                    {
                        "x": 946.5537626075231,
                        "y": 470.3967006861006
                    },
                    {
                        "x": 938.5283996697091,
                        "y": 467.6052700990349
                    },
                    {
                        "x": 933.2944673189611,
                        "y": 463.4181242184364
                    },
                    {
                        "x": 928.7583926149794,
                        "y": 456.7884765741553
                    },
                    {
                        "x": 928.7583926149794,
                        "y": 462.3713377482867
                    },
                    {
                        "x": 925.9669620279137,
                        "y": 465.1627683353524
                    },
                    {
                        "x": 933.9923249657276,
                        "y": 473.1881312731663
                    },
                    {
                        "x": 944.1112608438406,
                        "y": 477.72420597714796
                    },
                    {
                        "x": 949.6941220179721,
                        "y": 479.46885009406407
                    },
                    {
                        "x": 949.6941220179721,
                        "y": 494.4727894995422
                    },
                    {
                        "x": 951.0898373115049,
                        "y": 505.63851184780486
                    },
                    {
                        "x": 951.4387661348879,
                        "y": 515.757447725918
                    },
                    {
                        "x": 951.4387661348879,
                        "y": 524.131739487115
                    },
                    {
                        "x": 947.6005490776727,
                        "y": 534.2506753652282
                    },
                    {
                        "x": 944.809118490607,
                        "y": 545.0674688901078
                    },
                    {
                        "x": 941.668759080158,
                        "y": 547.161041830407
                    },
                    {
                        "x": 947.949477901056,
                        "y": 554.1396182980712
                    },
                    {
                        "x": 943.0644743736908,
                        "y": 556.5821200617537
                    },
                    {
                        "x": 950.619752646669,
                        "y": 559.4519990561598
                    },
                    {
                        "x": 948.1966358176189,
                        "y": 567.6905962749302
                    },
                    {
                        "x": 951.346687695384,
                        "y": 576.4138168595103
                    },
                    {
                        "x": 954.9813629389591,
                        "y": 581.5023622005156
                    },
                    {
                        "x": 958.3737264996294,
                        "y": 587.8024659560457
                    },
                    {
                        "x": 958.6160381825341,
                        "y": 592.1640762483358
                    },
                    {
                        "x": 954.739051256054,
                        "y": 592.8910112970509
                    },
                    {
                        "x": 948.9235708663339,
                        "y": 580.2908037859905
                    },
                    {
                        "x": 944.0773372082338,
                        "y": 568.9021546894552
                    },
                    {
                        "x": 942.8657787937088,
                        "y": 560.4212457877799
                    },
                    {
                        "x": 940.4426619646587,
                        "y": 557.0288822271098
                    },
                    {
                        "x": 936.3233633552735,
                        "y": 559.6943107390648
                    },
                    {
                        "x": 936.3233633552735,
                        "y": 567.6905962749302
                    },
                    {
                        "x": 939.7157269159436,
                        "y": 581.0177388347055
                    },
                    {
                        "x": 940.6849736475637,
                        "y": 586.3485958586157
                    },
                    {
                        "x": 936.0810516723685,
                        "y": 588.7717126876657
                    },
                    {
                        "x": 932.9309997946033,
                        "y": 582.4716089321356
                    },
                    {
                        "x": 929.2963245510283,
                        "y": 583.4408556637557
                    },
                    {
                        "x": 923.2385324784032,
                        "y": 578.8369336885604
                    },
                    {
                        "x": 918.6346105032079,
                        "y": 576.4138168595103
                    },
                    {
                        "x": 917.180740405778,
                        "y": 570.5983364697902
                    },
                    {
                        "x": 912.0921950647728,
                        "y": 569.3867780552652
                    },
                    {
                        "x": 907.2459614066724,
                        "y": 565.994414494595
                    },
                    {
                        "x": 898.2804291391873,
                        "y": 560.4212457877799
                    },
                    {
                        "x": 887.6187150913671,
                        "y": 558.7250640074449
                    },
                    {
                        "x": 883.984039847792,
                        "y": 558.7250640074449
                    },
                    {
                        "x": 880.5916762871218,
                        "y": 554.6057653980597
                    },
                    {
                        "x": 874.4127283730439,
                        "y": 556.7729405120414
                    },
                    {
                        "x": 870.9234401392118,
                        "y": 554.7375223756393
                    },
                    {
                        "x": 870.0511180807538,
                        "y": 559.9714547263874
                    },
                    {
                        "x": 872.377310236642,
                        "y": 564.6238390381636
                    },
                    {
                        "x": 872.9588582756138,
                        "y": 568.9854493304537
                    },
                    {
                        "x": 877.0296945484181,
                        "y": 563.4607429602196
                    },
                    {
                        "x": 882.5544009186523,
                        "y": 563.1699689407335
                    },
                    {
                        "x": 890.4052994447745,
                        "y": 568.6946753109677
                    },
                    {
                        "x": 896.5115538539807,
                        "y": 574.8009297201739
                    },
                    {
                        "x": 903.780904341131,
                        "y": 576.5455738370899
                    },
                    {
                        "x": 910.7594808087952,
                        "y": 581.1979581488661
                    },
                    {
                        "x": 904.9440004190749,
                        "y": 582.3610542268101
                    },
                    {
                        "x": 886.6252371914564,
                        "y": 576.5455738370899
                    },
                    {
                        "x": 858.9377350559986,
                        "y": 577.2190791597245
                    },
                    {
                        "x": 841.3517223574847,
                        "y": 573.031933279126
                    },
                    {
                        "x": 825.0218534231504,
                        "y": 545.8154850552355
                    },
                    {
                        "x": 813.2978449574746,
                        "y": 533.2540474134399
                    },
                    {
                        "x": 805.7609823723972,
                        "y": 525.2984702403027
                    },
                    {
                        "x": 797.8054051992599,
                        "y": 519.4364660074647
                    },
                    {
                        "x": 794.874403082841,
                        "y": 519.4364660074647
                    },
                    {
                        "x": 796.9679760231403,
                        "y": 524.8797556522428
                    },
                    {
                        "x": 805.3422677843373,
                        "y": 532.8353328253801
                    },
                    {
                        "x": 814.9727033097139,
                        "y": 547.4903434074749
                    },
                    {
                        "x": 824.1844242470308,
                        "y": 558.795637285091
                    },
                    {
                        "x": 830.4651430679285,
                        "y": 570.5196457507668
                    },
                    {
                        "x": 814.1352741335943,
                        "y": 564.2389269298691
                    },
                    {
                        "x": 803.2486948440379,
                        "y": 560.4704956373304
                    },
                    {
                        "x": 799.8989781395592,
                        "y": 560.8892102253902
                    },
                    {
                        "x": 801.5738364917986,
                        "y": 568.4260728104675
                    },
                    {
                        "x": 807.0171261365767,
                        "y": 570.100931162707
                    },
                    {
                        "x": 828.3715701276293,
                        "y": 579.3126521000238
                    },
                    {
                        "x": 836.7458618888264,
                        "y": 591.0366605656997
                    },
                    {
                        "x": 841.3517223574847,
                        "y": 599.4109523268967
                    },
                    {
                        "x": 846.3762974142029,
                        "y": 611.1349607925727
                    },
                    {
                        "x": 847.6324411783825,
                        "y": 620.7653963179492
                    },
                    {
                        "x": 864.5233876607172,
                        "y": 652.3349060779569
                    },
                    {
                        "x": 884.4207048853212,
                        "y": 675.8499173433983
                    },
                    {
                        "x": 900.0973790622822,
                        "y": 696.3501835748087
                    },
                    {
                        "x": 934.4654724502352,
                        "y": 728.9094299423429
                    },
                    {
                        "x": 910.9504611847937,
                        "y": 718.0563478198314
                    },
                    {
                        "x": 897.0826340282514,
                        "y": 718.0563478198314
                    },
                    {
                        "x": 880.8030108444841,
                        "y": 713.232755765382
                    },
                    {
                        "x": 866.3322346811356,
                        "y": 704.1885206632892
                    },
                    {
                        "x": 856.0821015654305,
                        "y": 692.7324895339716
                    },
                    {
                        "x": 832.5670902999891,
                        "y": 672.2322233025611
                    },
                    {
                        "x": 813.8756710889971,
                        "y": 639.6729769350269
                    },
                    {
                        "x": 794.5813028711992,
                        "y": 630.6287418329341
                    },
                    {
                        "x": 778.9046286942383,
                        "y": 614.9520676559732
                    },
                    {
                        "x": 762.0220565036651,
                        "y": 598.0694954653999
                    },
                    {
                        "x": 754.1837194151846,
                        "y": 584.2016683088576
                    },
                    {
                        "x": 742.727688285867,
                        "y": 572.1426881727338
                    },
                    {
                        "x": 734.8893511973865,
                        "y": 569.1279431387029
                    },
                    {
                        "x": 723.433320068069,
                        "y": 552.8483199549357
                    },
                    {
                        "x": 722.2274220544566,
                        "y": 536.5686967711687
                    },
                    {
                        "x": 722.2274220544566,
                        "y": 527.5244616690758
                    },
                    {
                        "x": 719.2126770204256,
                        "y": 525.1126656418511
                    },
                    {
                        "x": 714.9920339727823,
                        "y": 541.9952378324243
                    },
                    {
                        "x": 725.2421670884876,
                        "y": 567.9220451250904
                    },
                    {
                        "x": 742.727688285867,
                        "y": 595.6576994381752
                    },
                    {
                        "x": 775.8898836602073,
                        "y": 640.2759259418332
                    },
                    {
                        "x": 801.8166909528735,
                        "y": 654.7467021051816
                    },
                    {
                        "x": 841.4605881503805,
                        "y": 692.7607527686656
                    },
                    {
                        "x": 844.4753331844113,
                        "y": 695.2730402970247
                    },
                    {
                        "x": 831.9138955426157,
                        "y": 703.8148178934457
                    },
                    {
                        "x": 820.3573729121638,
                        "y": 713.8639680068823
                    },
                    {
                        "x": 804.2787327306653,
                        "y": 709.3418504558358
                    },
                    {
                        "x": 788.7025500548389,
                        "y": 705.3221904104612
                    },
                    {
                        "x": 767.5993348166222,
                        "y": 709.3418504558358
                    },
                    {
                        "x": 760.5649297372167,
                        "y": 710.8492229728513
                    },
                    {
                        "x": 758.0526422088577,
                        "y": 718.3860855579286
                    },
                    {
                        "x": 774.131282390356,
                        "y": 715.3713405238977
                    },
                    {
                        "x": 783.1755174924489,
                        "y": 716.8787130409131
                    },
                    {
                        "x": 799.2541576739471,
                        "y": 721.4008305919596
                    },
                    {
                        "x": 812.3180528214147,
                        "y": 726.9278631543497
                    },
                    {
                        "x": 831.411438036944,
                        "y": 733.4598107280833
                    },
                    {
                        "x": 832.4163530482876,
                        "y": 739.9917583018171
                    },
                    {
                        "x": 841.4605881503805,
                        "y": 740.4942158074889
                    },
                    {
                        "x": 851.5097382638169,
                        "y": 746.5237058755508
                    },
                    {
                        "x": 863.5687183999406,
                        "y": 747.5286208868945
                    },
                    {
                        "x": 867.5883784453154,
                        "y": 750.5433659209253
                    },
                    {
                        "x": 876.6326135474081,
                        "y": 759.0851435173464
                    },
                    {
                        "x": 885.1743911438291,
                        "y": 774.6613261931731
                    },
                    {
                        "x": 879.6473585814391,
                        "y": 778.1785287328757
                    },
                    {
                        "x": 869.0957509623307,
                        "y": 778.1785287328757
                    },
                    {
                        "x": 855.0269408035198,
                        "y": 778.1785287328757
                    },
                    {
                        "x": 841.9630456560523,
                        "y": 779.1834437442193
                    },
                    {
                        "x": 813.3229678327583,
                        "y": 780.188358755563
                    },
                    {
                        "x": 777.6484849300588,
                        "y": 778.1785287328757
                    },
                    {
                        "x": 738.4567994876566,
                        "y": 778.1785287328757
                    },
                    {
                        "x": 725.3929043401891,
                        "y": 776.1686987101884
                    },
                    {
                        "x": 711.324094181378,
                        "y": 769.1342936307827
                    },
                    {
                        "x": 704.7921466076443,
                        "y": 766.6220061024237
                    },
                    {
                        "x": 708.811806653019,
                        "y": 772.1490386648138
                    },
                    {
                        "x": 714.3388392154089,
                        "y": 778.1785287328757
                    },
                    {
                        "x": 732.9297669252664,
                        "y": 787.7252213406404
                    },
                    {
                        "x": 780.1607724584178,
                        "y": 794.7596264200458
                    },
                    {
                        "x": 856.5343133205351,
                        "y": 799.2817439710923
                    },
                    {
                        "x": 880.1498160871109,
                        "y": 802.7989465107951
                    },
                    {
                        "x": 868.5932934566588,
                        "y": 818.8775866922936
                    },
                    {
                        "x": 851.007280758145,
                        "y": 816.8677566696061
                    },
                    {
                        "x": 814.327882844102,
                        "y": 819.8825017036372
                    },
                    {
                        "x": 787.1951775378235,
                        "y": 826.9169067830425
                    },
                    {
                        "x": 752.5256096464676,
                        "y": 841.4881744475255
                    },
                    {
                        "x": 717.8560417551117,
                        "y": 851.5373245609621
                    },
                    {
                        "x": 702.782316584957,
                        "y": 853.5471545836492
                    },
                    {
                        "x": 681.6791013467404,
                        "y": 848.0201220212592
                    },
                    {
                        "x": 674.9587322083797,
                        "y": 848.0214305043468
                    },
                    {
                        "x": 669.3758710342483,
                        "y": 843.8342846237483
                    },
                    {
                        "x": 671.1205151511643,
                        "y": 849.7660746212629
                    },
                    {
                        "x": 695.196603964606,
                        "y": 858.4892952058431
                    },
                    {
                        "x": 701.4773227855037,
                        "y": 861.2807257929087
                    },
                    {
                        "x": 719.6216216014308,
                        "y": 858.4892952058431
                    },
                    {
                        "x": 737.0680627705913,
                        "y": 855.6978646187774
                    },
                    {
                        "x": 742.9998527681058,
                        "y": 856.7446510889272
                    },
                    {
                        "x": 747.5359274720877,
                        "y": 854.3021493252446
                    },
                    {
                        "x": 762.5398668775657,
                        "y": 849.0682169744964
                    },
                    {
                        "x": 766.0291551113978,
                        "y": 847.3235728575803
                    },
                    {
                        "x": 766.3780839347809,
                        "y": 850.4639322680292
                    },
                    {
                        "x": 773.3566604024452,
                        "y": 846.974644034197
                    },
                    {
                        "x": 778.2416639298102,
                        "y": 844.5321422705147
                    },
                    {
                        "x": 791.5009592183723,
                        "y": 839.9960675665329
                    },
                    {
                        "x": 813.8324039148976,
                        "y": 837.5535658028504
                    },
                    {
                        "x": 837.9084927283392,
                        "y": 838.2514234496168
                    },
                    {
                        "x": 838.2574215517225,
                        "y": 842.0896405068322
                    },
                    {
                        "x": 842.7934962557042,
                        "y": 846.625715210814
                    },
                    {
                        "x": 829.185272143759,
                        "y": 848.3703593277298
                    },
                    {
                        "x": 816.6238345019634,
                        "y": 853.9532205018613
                    },
                    {
                        "x": 808.2495427407663,
                        "y": 857.0935799123102
                    },
                    {
                        "x": 797.4327492158868,
                        "y": 859.8850104993759
                    },
                    {
                        "x": 786.267026867624,
                        "y": 861.629654616292
                    },
                    {
                        "x": 774.0545180492117,
                        "y": 863.7232275565913
                    },
                    {
                        "x": 767.0759415815475,
                        "y": 868.9571599073395
                    },
                    {
                        "x": 757.6548633502007,
                        "y": 873.1443057879379
                    },
                    {
                        "x": 758.003792173584,
                        "y": 877.3314516685366
                    },
                    {
                        "x": 749.2805715890038,
                        "y": 891.288604603865
                    },
                    {
                        "x": 752.4209309994527,
                        "y": 895.1268216610803
                    },
                    {
                        "x": 741.25520865119,
                        "y": 902.4543269521278
                    },
                    {
                        "x": 739.1616357108906,
                        "y": 912.922191653624
                    },
                    {
                        "x": 733.5787745367592,
                        "y": 928.9729175292517
                    },
                    {
                        "x": 718.2259063078978,
                        "y": 942.2322128178139
                    },
                    {
                        "x": 696.5923192581388,
                        "y": 952.7000775193101
                    },
                    {
                        "x": 689.6137427904746,
                        "y": 958.2829386934415
                    },
                    {
                        "x": 684.3798104397264,
                        "y": 965.6104439844889
                    },
                    {
                        "x": 685.426596909876,
                        "y": 967.7040169247881
                    },
                    {
                        "x": 692.056244554157,
                        "y": 962.1211557506568
                    },
                    {
                        "x": 707.0601839596351,
                        "y": 955.840436929759
                    },
                    {
                        "x": 725.9023404223285,
                        "y": 944.6747145814962
                    },
                    {
                        "x": 739.859493357657,
                        "y": 932.1132769397007
                    },
                    {
                        "x": 755.9102192332847,
                        "y": 912.5732628302409
                    },
                    {
                        "x": 760.4462939372665,
                        "y": 911.177547536708
                    },
                    {
                        "x": 756.9570057034342,
                        "y": 902.803255775511
                    },
                    {
                        "x": 765.3312974646313,
                        "y": 896.8714657779964
                    },
                    {
                        "x": 769.5184433452298,
                        "y": 890.2418181337155
                    },
                    {
                        "x": 780.3352368701095,
                        "y": 882.9143128426679
                    },
                    {
                        "x": 791.152030394989,
                        "y": 882.5653840192847
                    },
                    {
                        "x": 803.7134680367845,
                        "y": 877.6803804919197
                    },
                    {
                        "x": 823.9513397930108,
                        "y": 872.4464481411715
                    },
                    {
                        "x": 833.3724180243577,
                        "y": 867.2125157904234
                    },
                    {
                        "x": 843.4913539024707,
                        "y": 865.8168004968906
                    },
                    {
                        "x": 849.0742150766022,
                        "y": 871.7485904944051
                    },
                    {
                        "x": 846.9806421363028,
                        "y": 878.3782381386861
                    },
                    {
                        "x": 853.6102897805837,
                        "y": 880.8207399023686
                    },
                    {
                        "x": 850.818859193518,
                        "y": 889.8928893103322
                    },
                    {
                        "x": 856.4017203676494,
                        "y": 895.1268216610803
                    },
                    {
                        "x": 861.9845815417808,
                        "y": 901.7564693053613
                    },
                    {
                        "x": 862.3335103651641,
                        "y": 905.94361518596
                    },
                    {
                        "x": 851.8656456636676,
                        "y": 909.0839745964087
                    },
                    {
                        "x": 843.4913539024707,
                        "y": 904.8968287158102
                    },
                    {
                        "x": 836.1638486114233,
                        "y": 907.3393304794926
                    },
                    {
                        "x": 823.6024109696277,
                        "y": 903.8500422456606
                    },
                    {
                        "x": 827.7895568502262,
                        "y": 909.7818322431751
                    },
                    {
                        "x": 837.9084927283392,
                        "y": 913.9689781237738
                    },
                    {
                        "x": 848.7252862532189,
                        "y": 917.1093375342227
                    },
                    {
                        "x": 845.58492684277,
                        "y": 921.9943410615875
                    },
                    {
                        "x": 837.2106350815728,
                        "y": 929.321846352635
                    },
                    {
                        "x": 825.3470550865438,
                        "y": 934.5557787033831
                    },
                    {
                        "x": 824.6491974397773,
                        "y": 938.0450669372152
                    },
                    {
                        "x": 829.8831297905253,
                        "y": 940.1386398775145
                    },
                    {
                        "x": 836.8617062581897,
                        "y": 939.440782230748
                    },
                    {
                        "x": 844.5381403726204,
                        "y": 935.9514939969159
                    },
                    {
                        "x": 850.818859193518,
                        "y": 930.7175616461678
                    },
                    {
                        "x": 859.5420797780984,
                        "y": 923.3900563551204
                    },
                    {
                        "x": 864.4270833054632,
                        "y": 920.2496969446714
                    },
                    {
                        "x": 859.8910086014816,
                        "y": 927.9261310591022
                    },
                    {
                        "x": 842.7934962557042,
                        "y": 941.5343551710473
                    },
                    {
                        "x": 833.0234892009744,
                        "y": 949.9086469322444
                    },
                    {
                        "x": 821.5088380293283,
                        "y": 963.8657998675728
                    },
                    {
                        "x": 816.9727633253465,
                        "y": 968.4018745715546
                    },
                    {
                        "x": 819.415265089029,
                        "y": 974.6825933924524
                    },
                    {
                        "x": 826.3938415566934,
                        "y": 978.1718816262845
                    },
                    {
                        "x": 831.6277739074416,
                        "y": 973.9847357456861
                    },
                    {
                        "x": 831.9767027308247,
                        "y": 968.7508033949379
                    },
                    {
                        "x": 837.9084927283392,
                        "y": 957.5850810466751
                    },
                    {
                        "x": 857.7974356611824,
                        "y": 943.9768569347298
                    },
                    {
                        "x": 867.5674427159122,
                        "y": 939.091853407365
                    },
                    {
                        "x": 870.3588733029779,
                        "y": 934.9047075267663
                    },
                    {
                        "x": 874.5460191835764,
                        "y": 934.2068498799998
                    },
                    {
                        "x": 882.2224532980072,
                        "y": 931.7643481163175
                    },
                    {
                        "x": 890.2478162358209,
                        "y": 931.4154192929342
                    },
                    {
                        "x": 887.4563856487553,
                        "y": 941.5343551710473
                    },
                    {
                        "x": 877.6863785940253,
                        "y": 951.6532910491605
                    },
                    {
                        "x": 873.4992327134269,
                        "y": 953.7468639894597
                    },
                    {
                        "x": 874.5460191835764,
                        "y": 959.329725163591
                    },
                    {
                        "x": 870.7078021263611,
                        "y": 961.7722269272736
                    },
                    {
                        "x": 870.7078021263611,
                        "y": 972.9379492755363
                    },
                    {
                        "x": 849.4161653235176,
                        "y": 995.896157371064
                    },
                    {
                        "x": 836.3522701760503,
                        "y": 1008.4575950128595
                    },
                    {
                        "x": 829.8203226023163,
                        "y": 1019.0092026319678
                    },
                    {
                        "x": 832.8350676363474,
                        "y": 1031.5706402737633
                    },
                    {
                        "x": 842.3817602441121,
                        "y": 1041.117332881528
                    },
                    {
                        "x": 849.9186228291893,
                        "y": 1039.6099603645125
                    },
                    {
                        "x": 849.4161653235176,
                        "y": 1035.087842813466
                    },
                    {
                        "x": 842.3817602441121,
                        "y": 1027.048522722717
                    },
                    {
                        "x": 845.8989627838148,
                        "y": 1013.9846275752494
                    },
                    {
                        "x": 857.9579429199387,
                        "y": 1004.4379349674849
                    },
                    {
                        "x": 877.0513281354679,
                        "y": 992.881412337033
                    },
                    {
                        "x": 875.0414981127807,
                        "y": 1012.979712563906
                    },
                    {
                        "x": 874.036583101437,
                        "y": 1022.0239476659988
                    },
                    {
                        "x": 857.5258294650607,
                        "y": 1042.7836075847124
                    },
                    {
                        "x": 861.1435235058979,
                        "y": 1052.9131508990563
                    },
                    {
                        "x": 873.4436832447442,
                        "y": 1042.7836075847124
                    },
                    {
                        "x": 904.5558519959435,
                        "y": 1008.7772836008432
                    },
                    {
                        "x": 904.5558519959435,
                        "y": 1021.0774433396895
                    },
                    {
                        "x": 896.5969251061018,
                        "y": 1033.3776030785357
                    },
                    {
                        "x": 890.085075832595,
                        "y": 1050.742534474554
                    },
                    {
                        "x": 900.9381579551064,
                        "y": 1045.677762817382
                    },
                    {
                        "x": 913.2383176939526,
                        "y": 1029.0363702295313
                    },
                    {
                        "x": 916.1324729266223,
                        "y": 1002.9889731355039
                    },
                    {
                        "x": 929.156171473636,
                        "y": 984.9005029313182
                    },
                    {
                        "x": 926.9855550491337,
                        "y": 1000.8183567110016
                    },
                    {
                        "x": 920.4737057756269,
                        "y": 1019.6303657233547
                    },
                    {
                        "x": 911.7912400776178,
                        "y": 1039.8894523520426
                    },
                    {
                        "x": 909.6206236531154,
                        "y": 1057.254383748061
                    },
                    {
                        "x": 911.0677012694504,
                        "y": 1062.3191554052328
                    },
                    {
                        "x": 919.7501669674594,
                        "y": 1039.8894523520426
                    },
                    {
                        "x": 938.5621759798125,
                        "y": 1007.3302059845084
                    },
                    {
                        "x": 944.350486445152,
                        "y": 983.4534253149833
                    },
                    {
                        "x": 949.415258102324,
                        "y": 962.470799878128
                    },
                    {
                        "x": 958.097723800333,
                        "y": 945.1058684821097
                    },
                    {
                        "x": 966.7801894983422,
                        "y": 949.4471013311143
                    },
                    {
                        "x": 986.3157373188627,
                        "y": 964.6414163026302
                    },
                    {
                        "x": 978.356810429021,
                        "y": 976.9415760414765
                    },
                    {
                        "x": 985.5921985106953,
                        "y": 984.9005029313182
                    },
                    {
                        "x": 999.3394358658763,
                        "y": 991.4123522048251
                    },
                    {
                        "x": 1014.5337508373923,
                        "y": 991.4123522048251
                    },
                    {
                        "x": 1026.1103717680712,
                        "y": 979.1121924659788
                    },
                    {
                        "x": 1036.9634538905825,
                        "y": 962.470799878128
                    },
                    {
                        "x": 1044.1988419722568,
                        "y": 950.8941789474492
                    }
                ],
                "resin": 1,
                "browning": false
            }
        ],
        "object_id": "A_c11_B_2_1_22-09-08-10-41-1010"
    },
    "Metadata": {
        "Images": {
            "object_id": "A_c11_B_2_1_22-09-08-10-41-1010",
            "path": "1.Traning_원천데이터_마디_미수정암꽃",
            "width": 2000,
            "height": 1500
        },
        "environment": {
            "area_id": "A",
            "hemp_id": "A_c11_B_2",
            "area_temp": 26.9,
            "area_hum": 80,
            "area_co2": 393,
            "area_Illum": 438,
            "water_temp": 24.7,
            "water_ec": 2.6,
            "water_ph": 4.7
        },
        "Growth Info": {
            "period": 69,
            "length": 118.4,
            "node_number": 20,
            "node_length": 5.9,
            "root_round": 20.6
        }
    }
}