{
    "annotations": {
        "label": {
            "category": 1
        },
        "polygon": [
            {
                "type": "POLYGON",
                "vertices": [
                    {
                        "x": 1146.3631989860971,
                        "y": 976.4092799550946
                    },
                    {
                        "x": 1169.1360792173214,
                        "y": 991.5912001092443
                    },
                    {
                        "x": 1182.8946943570195,
                        "y": 1003.4520752296737
                    },
                    {
                        "x": 1189.0623494196427,
                        "y": 1012.4663403211999
                    },
                    {
                        "x": 1197.1277445015346,
                        "y": 1016.261820359737
                    },
                    {
                        "x": 1208.0397496123296,
                        "y": 1016.261820359737
                    },
                    {
                        "x": 1231.287064848371,
                        "y": 1001.5543352104047
                    },
                    {
                        "x": 1228.440454819468,
                        "y": 1000.1310301959534
                    },
                    {
                        "x": 1207.0908796026952,
                        "y": 1007.247555268211
                    },
                    {
                        "x": 1198.0766145111688,
                        "y": 1008.1964252778454
                    },
                    {
                        "x": 1180.5225193329336,
                        "y": 992.5400701188786
                    },
                    {
                        "x": 1129.283538812679,
                        "y": 938.4544795697208
                    },
                    {
                        "x": 1124.5391887645071,
                        "y": 919.9515143818514
                    },
                    {
                        "x": 1109.5549498623648,
                        "y": 909.2594296639141
                    },
                    {
                        "x": 1084.0936046038432,
                        "y": 880.0816768676581
                    },
                    {
                        "x": 1068.4570175700771,
                        "y": 884.1143744086041
                    },
                    {
                        "x": 1061.3997968734218,
                        "y": 879.1328068580239
                    },
                    {
                        "x": 1051.9901692778813,
                        "y": 850.1131990633734
                    },
                    {
                        "x": 1057.5252443340817,
                        "y": 833.587046395575
                    },
                    {
                        "x": 1071.6396857273926,
                        "y": 820.4214750118986
                    },
                    {
                        "x": 1075.5537745171341,
                        "y": 810.8141661643509
                    },
                    {
                        "x": 1075.5537745171341,
                        "y": 806.4651786201935
                    },
                    {
                        "x": 1094.1358122058066,
                        "y": 812.3956161804082
                    },
                    {
                        "x": 1111.5317623824362,
                        "y": 828.2101163409806
                    },
                    {
                        "x": 1128.9277125590659,
                        "y": 854.3040416059251
                    },
                    {
                        "x": 1141.1839501835095,
                        "y": 870.1185417664975
                    },
                    {
                        "x": 1149.8819252718245,
                        "y": 880.0026043668553
                    },
                    {
                        "x": 1154.626275319996,
                        "y": 882.7701418949554
                    },
                    {
                        "x": 1159.3706253681678,
                        "y": 896.6078295354565
                    },
                    {
                        "x": 1158.5799003601392,
                        "y": 899.3753670635565
                    },
                    {
                        "x": 1155.0216378240104,
                        "y": 902.1429045916567
                    },
                    {
                        "x": 1154.2309128159818,
                        "y": 906.8872546398283
                    },
                    {
                        "x": 1146.3236627356955,
                        "y": 901.352179583628
                    },
                    {
                        "x": 1119.8343749667367,
                        "y": 872.8860792945976
                    },
                    {
                        "x": 1112.3224873904649,
                        "y": 865.76955422234
                    },
                    {
                        "x": 1109.1595873583503,
                        "y": 866.955641734383
                    },
                    {
                        "x": 1104.810599814193,
                        "y": 865.76955422234
                    },
                    {
                        "x": 1100.8569747740498,
                        "y": 860.6298416701542
                    },
                    {
                        "x": 1098.8801622539784,
                        "y": 863.397379198254
                    },
                    {
                        "x": 1099.670887262007,
                        "y": 868.9324542544546
                    },
                    {
                        "x": 1105.996687326236,
                        "y": 872.0953542865691
                    },
                    {
                        "x": 1115.0900249185652,
                        "y": 874.4675293106548
                    },
                    {
                        "x": 1122.2065499908226,
                        "y": 879.6072418628409
                    },
                    {
                        "x": 1143.9514877116096,
                        "y": 903.3289921036995
                    },
                    {
                        "x": 1148.3004752557672,
                        "y": 908.8640671599
                    },
                    {
                        "x": 1148.3004752557672,
                        "y": 910.8408796799714
                    },
                    {
                        "x": 1142.7654001995668,
                        "y": 908.8640671599
                    },
                    {
                        "x": 1136.0442376313235,
                        "y": 904.9104421197568
                    },
                    {
                        "x": 1131.6952500871662,
                        "y": 898.9800045595421
                    },
                    {
                        "x": 1126.55553753498,
                        "y": 895.8171045274278
                    },
                    {
                        "x": 1116.276112430608,
                        "y": 894.2356545113705
                    },
                    {
                        "x": 1112.3224873904649,
                        "y": 895.4217420234133
                    },
                    {
                        "x": 1112.3224873904649,
                        "y": 898.9800045595421
                    },
                    {
                        "x": 1117.4621999426508,
                        "y": 901.352179583628
                    },
                    {
                        "x": 1125.3694500229371,
                        "y": 902.5382670956708
                    },
                    {
                        "x": 1128.5323500550517,
                        "y": 907.2826171438427
                    },
                    {
                        "x": 1130.5091625751231,
                        "y": 911.2362421839857
                    },
                    {
                        "x": 1136.4396001353377,
                        "y": 915.5852297281434
                    },
                    {
                        "x": 1143.1607627035812,
                        "y": 917.1666797442002
                    },
                    {
                        "x": 1148.6958377597814,
                        "y": 918.3527672562432
                    },
                    {
                        "x": 1154.2309128159818,
                        "y": 916.3759547361717
                    },
                    {
                        "x": 1158.184537856125,
                        "y": 908.8640671599
                    },
                    {
                        "x": 1162.9288879042965,
                        "y": 905.7011671277854
                    },
                    {
                        "x": 1166.4871504404255,
                        "y": 894.6310170153846
                    },
                    {
                        "x": 1164.5103379203538,
                        "y": 883.1655043989697
                    },
                    {
                        "x": 1181.1155630889548,
                        "y": 893.8402920073561
                    },
                    {
                        "x": 1184.6738256250837,
                        "y": 891.4681169832703
                    },
                    {
                        "x": 1183.883100617055,
                        "y": 886.3284044310842
                    },
                    {
                        "x": 1173.2083130086687,
                        "y": 882.374779390941
                    },
                    {
                        "x": 1156.2077253360533,
                        "y": 866.955641734383
                    },
                    {
                        "x": 1127.3462625430086,
                        "y": 821.4889537727373
                    },
                    {
                        "x": 1119.043649958708,
                        "y": 812.3956161804082
                    },
                    {
                        "x": 1111.9271248864507,
                        "y": 804.8837286041362
                    },
                    {
                        "x": 1132.4859750951948,
                        "y": 810.0234411563223
                    },
                    {
                        "x": 1172.0222254966257,
                        "y": 827.419391332952
                    },
                    {
                        "x": 1186.255275641141,
                        "y": 842.4431664854958
                    },
                    {
                        "x": 1202.860500809742,
                        "y": 863.0020166942398
                    },
                    {
                        "x": 1206.8141258498852,
                        "y": 875.2582543186835
                    },
                    {
                        "x": 1209.5816633779853,
                        "y": 884.3515919110127
                    },
                    {
                        "x": 1214.7213759301712,
                        "y": 890.2820294712271
                    },
                    {
                        "x": 1222.233263506443,
                        "y": 894.2356545113705
                    },
                    {
                        "x": 1225.0008010345434,
                        "y": 891.4681169832703
                    },
                    {
                        "x": 1220.2564509863716,
                        "y": 874.0721668066406
                    },
                    {
                        "x": 1206.8141258498852,
                        "y": 844.8153415095816
                    },
                    {
                        "x": 1175.1851255287402,
                        "y": 815.5585162125226
                    },
                    {
                        "x": 1151.858737791896,
                        "y": 798.162566035893
                    },
                    {
                        "x": 1162.5335254002823,
                        "y": 792.6274909796928
                    },
                    {
                        "x": 1176.3712130407832,
                        "y": 789.464590947578
                    },
                    {
                        "x": 1184.6738256250837,
                        "y": 789.464590947578
                    },
                    {
                        "x": 1190.6042631852984,
                        "y": 793.022853483707
                    },
                    {
                        "x": 1195.7439757374843,
                        "y": 794.2089409957499
                    },
                    {
                        "x": 1197.3254257535416,
                        "y": 788.6738659395495
                    },
                    {
                        "x": 1214.326013426157,
                        "y": 781.1619783632776
                    },
                    {
                        "x": 1256.6298013556882,
                        "y": 758.626315634462
                    },
                    {
                        "x": 1277.1886515644323,
                        "y": 747.5561655220613
                    },
                    {
                        "x": 1275.607201548375,
                        "y": 746.3700780100183
                    },
                    {
                        "x": 1265.327776444003,
                        "y": 750.7190655541758
                    },
                    {
                        "x": 1235.2802261389154,
                        "y": 764.5567531946766
                    },
                    {
                        "x": 1230.1405135867294,
                        "y": 760.9984906585478
                    },
                    {
                        "x": 1224.2100760265148,
                        "y": 763.3706656826337
                    },
                    {
                        "x": 1201.2790507936847,
                        "y": 768.1150157308055
                    },
                    {
                        "x": 1196.534700745513,
                        "y": 763.766028186648
                    },
                    {
                        "x": 1189.022813169241,
                        "y": 759.812403146505
                    },
                    {
                        "x": 1180.7202005849406,
                        "y": 758.626315634462
                    },
                    {
                        "x": 1191.394988193327,
                        "y": 747.9515280260756
                    },
                    {
                        "x": 1200.4883257856561,
                        "y": 742.0210904658609
                    },
                    {
                        "x": 1215.9074634422143,
                        "y": 736.8813779136749
                    },
                    {
                        "x": 1223.4193510184862,
                        "y": 736.8813779136749
                    },
                    {
                        "x": 1234.4895011308868,
                        "y": 735.2999278976176
                    },
                    {
                        "x": 1242.0013887071586,
                        "y": 732.9277528735317
                    },
                    {
                        "x": 1249.5132762834305,
                        "y": 729.7648528414173
                    },
                    {
                        "x": 1256.2344388516738,
                        "y": 725.8112278012742
                    },
                    {
                        "x": 1263.3509639239314,
                        "y": 719.8807902410596
                    },
                    {
                        "x": 1270.467488996189,
                        "y": 717.903977720988
                    },
                    {
                        "x": 1278.7701015804896,
                        "y": 718.2993402250023
                    },
                    {
                        "x": 1284.7005391407042,
                        "y": 719.8807902410596
                    },
                    {
                        "x": 1295.3753267490906,
                        "y": 723.8344152812026
                    },
                    {
                        "x": 1298.9335892852193,
                        "y": 728.1834028253601
                    },
                    {
                        "x": 1301.7011268133194,
                        "y": 732.1370278655032
                    },
                    {
                        "x": 1308.817651885577,
                        "y": 726.6019528093028
                    },
                    {
                        "x": 1308.0269268775485,
                        "y": 718.6947027290166
                    },
                    {
                        "x": 1302.491851821348,
                        "y": 715.9271652009164
                    },
                    {
                        "x": 1291.026339204933,
                        "y": 711.1828151527448
                    },
                    {
                        "x": 1281.933001612604,
                        "y": 709.2060026326732
                    },
                    {
                        "x": 1284.3051766366898,
                        "y": 700.112665040344
                    },
                    {
                        "x": 1291.4217017089475,
                        "y": 684.693527383786
                    },
                    {
                        "x": 1289.444889188876,
                        "y": 672.041927255328
                    },
                    {
                        "x": 1282.7237266206325,
                        "y": 669.6697522312421
                    },
                    {
                        "x": 1276.793289060418,
                        "y": 661.7625021509559
                    },
                    {
                        "x": 1273.6303890283034,
                        "y": 667.6929397111707
                    },
                    {
                        "x": 1274.421114036332,
                        "y": 676.3909147994855
                    },
                    {
                        "x": 1272.8396640202748,
                        "y": 683.9028023757573
                    },
                    {
                        "x": 1268.4906764761174,
                        "y": 690.2286024399863
                    },
                    {
                        "x": 1261.7695139078742,
                        "y": 697.3451275122438
                    },
                    {
                        "x": 1249.908638787445,
                        "y": 702.0894775604156
                    },
                    {
                        "x": 1238.8384886750441,
                        "y": 703.6709275764729
                    },
                    {
                        "x": 1234.4895011308868,
                        "y": 704.4616525845015
                    },
                    {
                        "x": 1228.1637010666577,
                        "y": 700.5080275443584
                    },
                    {
                        "x": 1235.6755886429296,
                        "y": 683.1120773677287
                    },
                    {
                        "x": 1255.8390763476596,
                        "y": 675.6001897914568
                    },
                    {
                        "x": 1268.0953139721032,
                        "y": 666.5068521991277
                    },
                    {
                        "x": 1283.5144516286612,
                        "y": 650.6923520385552
                    },
                    {
                        "x": 1288.6541641808474,
                        "y": 644.7619144783406
                    },
                    {
                        "x": 1290.2356141969046,
                        "y": 637.2500269020687
                    },
                    {
                        "x": 1287.8634391728187,
                        "y": 634.4824893739685
                    },
                    {
                        "x": 1283.9098141326756,
                        "y": 634.4824893739685
                    },
                    {
                        "x": 1276.3979265564037,
                        "y": 639.6222019261546
                    },
                    {
                        "x": 1262.955601419917,
                        "y": 644.3665519743263
                    },
                    {
                        "x": 1253.0715388195595,
                        "y": 649.5062645265124
                    },
                    {
                        "x": 1242.7921137151873,
                        "y": 649.9016270305267
                    },
                    {
                        "x": 1230.931238594758,
                        "y": 650.2969895345409
                    },
                    {
                        "x": 1245.5596512432874,
                        "y": 633.2964018619256
                    },
                    {
                        "x": 1264.14168893196,
                        "y": 609.1792891170527
                    },
                    {
                        "x": 1264.5370514359743,
                        "y": 606.0163890849382
                    },
                    {
                        "x": 1260.188063891817,
                        "y": 604.8303015728952
                    },
                    {
                        "x": 1252.2808138115308,
                        "y": 607.5978391009954
                    },
                    {
                        "x": 1236.4663136509582,
                        "y": 626.9706017976966
                    },
                    {
                        "x": 1221.0471759944003,
                        "y": 647.9248145104551
                    },
                    {
                        "x": 1218.2796384663,
                        "y": 643.5758269662977
                    },
                    {
                        "x": 1215.5121009381999,
                        "y": 642.3897394542547
                    },
                    {
                        "x": 1212.7445634100998,
                        "y": 642.785101958269
                    },
                    {
                        "x": 1211.1631133940425,
                        "y": 646.3433644943979
                    },
                    {
                        "x": 1210.767750890028,
                        "y": 650.6923520385552
                    },
                    {
                        "x": 1207.2094883538994,
                        "y": 652.2738020546125
                    },
                    {
                        "x": 1192.1857132013556,
                        "y": 657.0181521027843
                    },
                    {
                        "x": 1190.6042631852984,
                        "y": 655.436702086727
                    },
                    {
                        "x": 1187.8367256571983,
                        "y": 650.6923520385552
                    },
                    {
                        "x": 1183.883100617055,
                        "y": 647.1340895024265
                    },
                    {
                        "x": 1187.0460006491696,
                        "y": 644.3665519743263
                    },
                    {
                        "x": 1197.720788257556,
                        "y": 641.5990144462261
                    },
                    {
                        "x": 1201.674413297699,
                        "y": 632.9010393579113
                    },
                    {
                        "x": 1203.2558633137562,
                        "y": 615.9004516852959
                    },
                    {
                        "x": 1205.232675833828,
                        "y": 602.8534890528238
                    },
                    {
                        "x": 1202.4651383057276,
                        "y": 594.5508764685233
                    },
                    {
                        "x": 1194.162525721427,
                        "y": 589.8065264203515
                    },
                    {
                        "x": 1184.6738256250837,
                        "y": 586.643626388237
                    },
                    {
                        "x": 1175.9758505367688,
                        "y": 586.643626388237
                    },
                    {
                        "x": 1166.4871504404255,
                        "y": 587.4343513962656
                    },
                    {
                        "x": 1159.3706253681678,
                        "y": 591.783338940423
                    },
                    {
                        "x": 1148.6958377597814,
                        "y": 600.4813140287379
                    },
                    {
                        "x": 1151.0680127838673,
                        "y": 593.7601514604946
                    },
                    {
                        "x": 1160.1613503761964,
                        "y": 586.643626388237
                    },
                    {
                        "x": 1163.7196129123251,
                        "y": 578.3410138039364
                    },
                    {
                        "x": 1169.65005047254,
                        "y": 572.0152137397075
                    },
                    {
                        "x": 1173.9990380166973,
                        "y": 568.852313707593
                    },
                    {
                        "x": 1174.3944005207115,
                        "y": 562.9218761473784
                    },
                    {
                        "x": 1170.0454129765542,
                        "y": 562.1311511393498
                    },
                    {
                        "x": 1162.9288879042965,
                        "y": 565.6894136754786
                    },
                    {
                        "x": 1156.6030878400677,
                        "y": 576.364201283865
                    },
                    {
                        "x": 1152.6494627999245,
                        "y": 583.4807263561225
                    },
                    {
                        "x": 1144.7422127196382,
                        "y": 589.0158014123228
                    },
                    {
                        "x": 1140.7885876794953,
                        "y": 596.1323264845804
                    },
                    {
                        "x": 1136.8349626393522,
                        "y": 602.8534890528238
                    },
                    {
                        "x": 1134.067425111252,
                        "y": 603.6442140608524
                    },
                    {
                        "x": 1132.881337599209,
                        "y": 598.5045015086663
                    },
                    {
                        "x": 1128.9277125590659,
                        "y": 590.2018889243658
                    },
                    {
                        "x": 1123.3926375028657,
                        "y": 587.0389888922513
                    },
                    {
                        "x": 1127.3462625430086,
                        "y": 566.8755011875215
                    },
                    {
                        "x": 1132.4859750951948,
                        "y": 557.3868010911781
                    },
                    {
                        "x": 1141.9746751915382,
                        "y": 543.5491134506772
                    },
                    {
                        "x": 1149.0912002637958,
                        "y": 531.2928758262335
                    },
                    {
                        "x": 1159.3706253681678,
                        "y": 519.8273632098186
                    },
                    {
                        "x": 1164.1149754163396,
                        "y": 512.3154756335467
                    },
                    {
                        "x": 1164.9057004243682,
                        "y": 506.7804005773463
                    },
                    {
                        "x": 1160.5567128802109,
                        "y": 484.64010035254495
                    },
                    {
                        "x": 1156.2077253360533,
                        "y": 477.9189377843017
                    },
                    {
                        "x": 1156.2077253360533,
                        "y": 472.77922523211566
                    },
                    {
                        "x": 1157.3938128480963,
                        "y": 466.4534251678867
                    },
                    {
                        "x": 1153.4401878079532,
                        "y": 464.47661264781516
                    },
                    {
                        "x": 1149.8819252718245,
                        "y": 473.17458773613
                    },
                    {
                        "x": 1144.346850215624,
                        "y": 472.77922523211566
                    },
                    {
                        "x": 1140.7885876794953,
                        "y": 479.50038780035885
                    },
                    {
                        "x": 1143.1607627035812,
                        "y": 494.9195254569171
                    },
                    {
                        "x": 1143.5561252075954,
                        "y": 505.19895056128917
                    },
                    {
                        "x": 1144.7422127196382,
                        "y": 510.33866311347504
                    },
                    {
                        "x": 1139.207137663438,
                        "y": 521.4088132258759
                    },
                    {
                        "x": 1120.2297374707512,
                        "y": 540.781575922577
                    },
                    {
                        "x": 1117.4621999426508,
                        "y": 544.3398384587058
                    },
                    {
                        "x": 1109.5549498623648,
                        "y": 544.3398384587058
                    },
                    {
                        "x": 1104.810599814193,
                        "y": 549.8749135149061
                    },
                    {
                        "x": 1104.0198748061644,
                        "y": 564.1079636594213
                    },
                    {
                        "x": 1096.5079872298925,
                        "y": 581.1085513320367
                    },
                    {
                        "x": 1084.2517496054488,
                        "y": 594.5508764685233
                    },
                    {
                        "x": 1085.4378371174919,
                        "y": 583.8760888601369
                    },
                    {
                        "x": 1091.7636371817207,
                        "y": 567.6662261955502
                    },
                    {
                        "x": 1091.3682746777065,
                        "y": 555.0146260670922
                    },
                    {
                        "x": 1085.0424746134775,
                        "y": 549.0841885068776
                    },
                    {
                        "x": 1081.879574581363,
                        "y": 549.0841885068776
                    },
                    {
                        "x": 1075.5537745171341,
                        "y": 541.1769384265913
                    },
                    {
                        "x": 1070.0186994609337,
                        "y": 538.4094008984912
                    },
                    {
                        "x": 1065.6697119167764,
                        "y": 538.4094008984912
                    },
                    {
                        "x": 1064.4836244047333,
                        "y": 541.1769384265913
                    },
                    {
                        "x": 1066.460436924805,
                        "y": 544.7352009627201
                    },
                    {
                        "x": 1076.3444995251627,
                        "y": 557.7821635951924
                    },
                    {
                        "x": 1078.3213120452342,
                        "y": 566.8755011875215
                    },
                    {
                        "x": 1071.2047869729765,
                        "y": 586.2482638842226
                    },
                    {
                        "x": 1066.8557994288192,
                        "y": 593.3647889564803
                    },
                    {
                        "x": 1060.5299993645904,
                        "y": 598.109139004652
                    },
                    {
                        "x": 1051.4366617722612,
                        "y": 600.4813140287379
                    },
                    {
                        "x": 1046.6923117240894,
                        "y": 601.6674015407808
                    },
                    {
                        "x": 1040.7618741638748,
                        "y": 602.4581265488094
                    },
                    {
                        "x": 1034.0407115956314,
                        "y": 597.3184139966233
                    },
                    {
                        "x": 1034.0407115956314,
                        "y": 592.969426452466
                    },
                    {
                        "x": 1037.5989741317603,
                        "y": 587.0389888922513
                    },
                    {
                        "x": 1037.5989741317603,
                        "y": 580.317826324008
                    },
                    {
                        "x": 1032.8546240835885,
                        "y": 576.7595637878793
                    },
                    {
                        "x": 1024.552011499288,
                        "y": 579.5271013159794
                    },
                    {
                        "x": 1021.7844739711879,
                        "y": 581.8992763400653
                    },
                    {
                        "x": 1019.0169364430877,
                        "y": 586.2482638842226
                    },
                    {
                        "x": 1018.6215739390735,
                        "y": 590.9926139323944
                    },
                    {
                        "x": 1019.0169364430877,
                        "y": 596.5276889885947
                    },
                    {
                        "x": 1022.1798364752021,
                        "y": 604.4349390688809
                    },
                    {
                        "x": 1022.1798364752021,
                        "y": 609.574651621067
                    },
                    {
                        "x": 1020.2030239551304,
                        "y": 616.2958141893102
                    },
                    {
                        "x": 1017.4354864270305,
                        "y": 616.2958141893102
                    },
                    {
                        "x": 988.9693861380002,
                        "y": 564.89868866745
                    },
                    {
                        "x": 977.8992360255993,
                        "y": 551.061001026949
                    },
                    {
                        "x": 968.0151734252418,
                        "y": 541.9676634346199
                    },
                    {
                        "x": 959.3171983369268,
                        "y": 534.455775858348
                    },
                    {
                        "x": 954.1774857847408,
                        "y": 528.9207008021477
                    },
                    {
                        "x": 950.6192232486121,
                        "y": 523.3856257459473
                    },
                    {
                        "x": 947.0609607124832,
                        "y": 519.4320007058043
                    },
                    {
                        "x": 943.5026981763544,
                        "y": 528.1299757941191
                    },
                    {
                        "x": 943.5026981763544,
                        "y": 536.4325883784196
                    },
                    {
                        "x": 948.6424107285402,
                        "y": 544.7352009627201
                    },
                    {
                        "x": 954.5728482887552,
                        "y": 550.6656385229347
                    },
                    {
                        "x": 962.0847358650269,
                        "y": 558.9682511072352
                    },
                    {
                        "x": 969.9919859453131,
                        "y": 570.038401219636
                    },
                    {
                        "x": 976.7131485135566,
                        "y": 584.2714513641512
                    },
                    {
                        "x": 983.0389485777854,
                        "y": 594.1555139645089
                    },
                    {
                        "x": 986.5972111139141,
                        "y": 599.6905890207092
                    },
                    {
                        "x": 960.5032858489699,
                        "y": 604.4349390688809
                    },
                    {
                        "x": 954.1774857847408,
                        "y": 597.3184139966233
                    },
                    {
                        "x": 948.247048224526,
                        "y": 586.2482638842226
                    },
                    {
                        "x": 944.2934231843832,
                        "y": 580.317826324008
                    },
                    {
                        "x": 937.1768981121253,
                        "y": 573.2013012517505
                    },
                    {
                        "x": 935.5954480960683,
                        "y": 567.2708636915359
                    },
                    {
                        "x": 935.2000855920538,
                        "y": 558.9682511072352
                    },
                    {
                        "x": 930.0603730398678,
                        "y": 555.4099885711065
                    },
                    {
                        "x": 922.9438479676102,
                        "y": 555.4099885711065
                    },
                    {
                        "x": 917.8041354154242,
                        "y": 559.3636136112495
                    },
                    {
                        "x": 915.8273228953527,
                        "y": 563.712601155407
                    },
                    {
                        "x": 915.4319603913384,
                        "y": 568.852313707593
                    },
                    {
                        "x": 922.5484854635961,
                        "y": 570.038401219636
                    },
                    {
                        "x": 922.5484854635961,
                        "y": 575.9688387798507
                    },
                    {
                        "x": 922.5484854635961,
                        "y": 580.317826324008
                    },
                    {
                        "x": 923.3392104716246,
                        "y": 583.4807263561225
                    },
                    {
                        "x": 921.3623979515529,
                        "y": 586.643626388237
                    },
                    {
                        "x": 921.3623979515529,
                        "y": 590.2018889243658
                    },
                    {
                        "x": 922.9438479676102,
                        "y": 593.7601514604946
                    },
                    {
                        "x": 928.874285527825,
                        "y": 598.109139004652
                    },
                    {
                        "x": 923.3392104716246,
                        "y": 606.8071140929668
                    },
                    {
                        "x": 918.9902229274671,
                        "y": 604.4349390688809
                    },
                    {
                        "x": 913.4551478712667,
                        "y": 591.783338940423
                    },
                    {
                        "x": 913.4551478712667,
                        "y": 566.8755011875215
                    },
                    {
                        "x": 906.3386227990093,
                        "y": 535.641863370391
                    },
                    {
                        "x": 907.5247103110522,
                        "y": 514.2922881536182
                    },
                    {
                        "x": 902.3849977588662,
                        "y": 512.710838137561
                    },
                    {
                        "x": 899.617460230766,
                        "y": 517.850550689747
                    },
                    {
                        "x": 898.4313727187231,
                        "y": 529.316063306162
                    },
                    {
                        "x": 901.1989102468231,
                        "y": 541.9676634346199
                    },
                    {
                        "x": 902.7803602628804,
                        "y": 557.3868010911781
                    },
                    {
                        "x": 903.5710852709092,
                        "y": 568.0615886995644
                    },
                    {
                        "x": 902.7803602628804,
                        "y": 576.364201283865
                    },
                    {
                        "x": 902.3849977588662,
                        "y": 584.2714513641512
                    },
                    {
                        "x": 902.7803602628804,
                        "y": 589.4111639163372
                    },
                    {
                        "x": 900.4081852387945,
                        "y": 589.8065264203515
                    },
                    {
                        "x": 895.2684726866086,
                        "y": 586.2482638842226
                    },
                    {
                        "x": 884.9890475822365,
                        "y": 572.4105762437218
                    },
                    {
                        "x": 879.0586100220218,
                        "y": 555.0146260670922
                    },
                    {
                        "x": 882.6168725581505,
                        "y": 538.0140383944769
                    },
                    {
                        "x": 895.663835190623,
                        "y": 517.850550689747
                    },
                    {
                        "x": 893.6870226705511,
                        "y": 514.2922881536182
                    },
                    {
                        "x": 881.0354225420936,
                        "y": 525.3624382660189
                    },
                    {
                        "x": 873.9188974698358,
                        "y": 545.5259259707487
                    },
                    {
                        "x": 873.1281724618071,
                        "y": 551.8517260349777
                    },
                    {
                        "x": 873.1281724618071,
                        "y": 567.2708636915359
                    },
                    {
                        "x": 869.5699099256784,
                        "y": 561.7357886353354
                    },
                    {
                        "x": 860.4765723333493,
                        "y": 548.6888260028633
                    },
                    {
                        "x": 853.3600472610917,
                        "y": 536.8279508824339
                    },
                    {
                        "x": 850.1971472289772,
                        "y": 526.9438882820762
                    },
                    {
                        "x": 852.5693222530631,
                        "y": 519.03663820179
                    },
                    {
                        "x": 855.3368597811632,
                        "y": 515.0830131616468
                    },
                    {
                        "x": 854.9414972771489,
                        "y": 507.571125585375
                    },
                    {
                        "x": 849.801784724963,
                        "y": 512.3154756335467
                    },
                    {
                        "x": 847.0342471968627,
                        "y": 518.6412756977757
                    },
                    {
                        "x": 844.2667096687625,
                        "y": 526.9438882820762
                    },
                    {
                        "x": 844.2667096687625,
                        "y": 533.6650508503194
                    },
                    {
                        "x": 844.2667096687625,
                        "y": 539.2001259065198
                    },
                    {
                        "x": 838.3362721085479,
                        "y": 543.5491134506772
                    },
                    {
                        "x": 828.4522095081901,
                        "y": 553.4331760510349
                    },
                    {
                        "x": 828.4522095081901,
                        "y": 556.9914385871638
                    },
                    {
                        "x": 830.4290220282617,
                        "y": 562.5265136433641
                    },
                    {
                        "x": 832.4058345483332,
                        "y": 563.3172386513927
                    },
                    {
                        "x": 837.5455471005193,
                        "y": 554.6192635630779
                    },
                    {
                        "x": 849.801784724963,
                        "y": 545.1305634667344
                    },
                    {
                        "x": 850.9878722370057,
                        "y": 553.4331760510349
                    },
                    {
                        "x": 856.5229472932061,
                        "y": 562.9218761473784
                    },
                    {
                        "x": 859.6858473253207,
                        "y": 567.6662261955502
                    },
                    {
                        "x": 854.1507722691205,
                        "y": 568.852313707593
                    },
                    {
                        "x": 852.9646847570775,
                        "y": 575.178113771822
                    },
                    {
                        "x": 854.9414972771489,
                        "y": 577.1549262918935
                    },
                    {
                        "x": 860.4765723333493,
                        "y": 578.3410138039364
                    },
                    {
                        "x": 866.4070098935639,
                        "y": 581.1085513320367
                    },
                    {
                        "x": 871.1513599417356,
                        "y": 594.9462389725376
                    },
                    {
                        "x": 871.1513599417356,
                        "y": 609.574651621067
                    },
                    {
                        "x": 871.1513599417356,
                        "y": 623.8077017655821
                    },
                    {
                        "x": 864.8255598775066,
                        "y": 624.9937892776251
                    },
                    {
                        "x": 850.1971472289772,
                        "y": 621.040164237482
                    },
                    {
                        "x": 842.6852596527053,
                        "y": 617.8772642053675
                    },
                    {
                        "x": 826.4753969881186,
                        "y": 607.2024765969811
                    },
                    {
                        "x": 815.4052468757179,
                        "y": 600.4813140287379
                    },
                    {
                        "x": 805.1258217713457,
                        "y": 592.969426452466
                    },
                    {
                        "x": 795.6371216750024,
                        "y": 582.6900013480939
                    },
                    {
                        "x": 789.7066841147878,
                        "y": 578.3410138039364
                    },
                    {
                        "x": 781.4040715304874,
                        "y": 576.7595637878793
                    },
                    {
                        "x": 775.8689964742869,
                        "y": 575.5734762758364
                    },
                    {
                        "x": 773.8921839542154,
                        "y": 576.7595637878793
                    },
                    {
                        "x": 773.496821450201,
                        "y": 581.503913836051
                    },
                    {
                        "x": 774.6829089622439,
                        "y": 583.4807263561225
                    },
                    {
                        "x": 783.7762465545732,
                        "y": 589.4111639163372
                    },
                    {
                        "x": 789.7066841147878,
                        "y": 593.7601514604946
                    },
                    {
                        "x": 806.7072717874031,
                        "y": 611.1561016371243
                    },
                    {
                        "x": 813.4284343556463,
                        "y": 616.6911766933246
                    },
                    {
                        "x": 820.1495969238896,
                        "y": 620.2494392294534
                    },
                    {
                        "x": 793.2649466509165,
                        "y": 622.6216142535393
                    },
                    {
                        "x": 792.0788591388736,
                        "y": 627.365964301711
                    },
                    {
                        "x": 801.1721967312027,
                        "y": 631.3195893418541
                    },
                    {
                        "x": 810.6608968275463,
                        "y": 630.9242268378398
                    },
                    {
                        "x": 828.0568470041758,
                        "y": 628.1566893097396
                    },
                    {
                        "x": 835.5687345804478,
                        "y": 633.6917643659399
                    },
                    {
                        "x": 850.9878722370057,
                        "y": 648.3201770144694
                    },
                    {
                        "x": 862.8487473574352,
                        "y": 658.9949646228558
                    },
                    {
                        "x": 873.5235349658216,
                        "y": 668.4836647191993
                    },
                    {
                        "x": 881.0354225420936,
                        "y": 682.3213523597001
                    },
                    {
                        "x": 873.9188974698358,
                        "y": 677.1816398075141
                    },
                    {
                        "x": 867.1977349015925,
                        "y": 667.6929397111707
                    },
                    {
                        "x": 861.2672973413779,
                        "y": 663.3439521670132
                    },
                    {
                        "x": 838.3362721085479,
                        "y": 655.8320645907413
                    },
                    {
                        "x": 838.3362721085479,
                        "y": 659.7856896308843
                    },
                    {
                        "x": 841.4991721406624,
                        "y": 666.1114896951134
                    },
                    {
                        "x": 850.1971472289772,
                        "y": 668.4836647191993
                    },
                    {
                        "x": 857.3136723012348,
                        "y": 672.8326522633566
                    },
                    {
                        "x": 864.034834869478,
                        "y": 678.7630898235712
                    },
                    {
                        "x": 877.4771600059646,
                        "y": 686.6703399038576
                    },
                    {
                        "x": 892.8962976625228,
                        "y": 696.5544025042152
                    },
                    {
                        "x": 909.896885335138,
                        "y": 706.0431026005587
                    },
                    {
                        "x": 932.8279105679678,
                        "y": 711.5781776567591
                    },
                    {
                        "x": 947.8516857205119,
                        "y": 705.2523775925301
                    },
                    {
                        "x": 951.4099482566406,
                        "y": 698.1358525202725
                    },
                    {
                        "x": 921.3623979515529,
                        "y": 684.2981648797717
                    },
                    {
                        "x": 915.8273228953527,
                        "y": 679.5538148315999
                    },
                    {
                        "x": 909.896885335138,
                        "y": 672.8326522633566
                    },
                    {
                        "x": 909.896885335138,
                        "y": 668.088302215185
                    },
                    {
                        "x": 916.2226853993669,
                        "y": 665.7161271910991
                    },
                    {
                        "x": 923.3392104716246,
                        "y": 665.7161271910991
                    },
                    {
                        "x": 986.9925736179287,
                        "y": 702.8802025684442
                    },
                    {
                        "x": 991.3499731302564,
                        "y": 713.2286058118145
                    },
                    {
                        "x": 1001.6539331417927,
                        "y": 736.8010699050469
                    },
                    {
                        "x": 999.3476518683758,
                        "y": 738.1189449184279
                    },
                    {
                        "x": 998.0297768549947,
                        "y": 742.0725699585711
                    },
                    {
                        "x": 993.4172143081612,
                        "y": 753.2745075723099
                    },
                    {
                        "x": 992.09933929478,
                        "y": 755.9102575990719
                    },
                    {
                        "x": 988.8046517613274,
                        "y": 756.5691951057624
                    },
                    {
                        "x": 984.8510267211842,
                        "y": 756.5691951057624
                    },
                    {
                        "x": 979.2500579143154,
                        "y": 752.6155700656193
                    },
                    {
                        "x": 973.6490891074455,
                        "y": 752.6155700656193
                    },
                    {
                        "x": 974.0273921400103,
                        "y": 757.4803346341627
                    },
                    {
                        "x": 942.0200887863008,
                        "y": 737.1305386583922
                    },
                    {
                        "x": 918.2983385454421,
                        "y": 727.2464760580344
                    },
                    {
                        "x": 877.4442131306301,
                        "y": 708.1372883640094
                    },
                    {
                        "x": 867.8896192836177,
                        "y": 707.4783508573189
                    },
                    {
                        "x": 840.5437127559612,
                        "y": 698.9121632703421
                    },
                    {
                        "x": 787.4992434673746,
                        "y": 681.4503193430435
                    },
                    {
                        "x": 766.413243253278,
                        "y": 667.9421004558878
                    },
                    {
                        "x": 759.8238681863728,
                        "y": 666.9536941958521
                    },
                    {
                        "x": 751.9166181060866,
                        "y": 667.2831629491973
                    },
                    {
                        "x": 736.1021179455142,
                        "y": 671.5662567426857
                    },
                    {
                        "x": 724.9001803317755,
                        "y": 668.9305067159236
                    },
                    {
                        "x": 708.7562114178578,
                        "y": 661.0232566356374
                    },
                    {
                        "x": 699.2016175708452,
                        "y": 657.3991003488396
                    },
                    {
                        "x": 694.5890550240116,
                        "y": 657.3991003488396
                    },
                    {
                        "x": 693.2711800106306,
                        "y": 659.3759128689111
                    },
                    {
                        "x": 694.9185237773569,
                        "y": 663.3295379090542
                    },
                    {
                        "x": 701.1784300909168,
                        "y": 668.9305067159236
                    },
                    {
                        "x": 719.299211524906,
                        "y": 677.4966943029003
                    },
                    {
                        "x": 732.4779616587164,
                        "y": 681.7797880963888
                    },
                    {
                        "x": 749.6103368326698,
                        "y": 691.6638506967465
                    },
                    {
                        "x": 774.6499620869095,
                        "y": 706.1604758439379
                    },
                    {
                        "x": 805.6200249013638,
                        "y": 720.6571009911293
                    },
                    {
                        "x": 843.8384002894138,
                        "y": 733.8358511249396
                    },
                    {
                        "x": 854.381400396462,
                        "y": 737.7894761650826
                    },
                    {
                        "x": 851.4161816163548,
                        "y": 740.75469494519
                    },
                    {
                        "x": 821.105056308591,
                        "y": 750.6387575455477
                    },
                    {
                        "x": 779.9214621404336,
                        "y": 767.7711327195012
                    },
                    {
                        "x": 768.0605870200044,
                        "y": 779.6320078399305
                    },
                    {
                        "x": 747.6335243125983,
                        "y": 795.7759767538482
                    },
                    {
                        "x": 741.3736179990384,
                        "y": 801.706414314063
                    },
                    {
                        "x": 740.7146804923478,
                        "y": 806.3189768608964
                    },
                    {
                        "x": 744.3388367791457,
                        "y": 810.93153940773
                    },
                    {
                        "x": 749.939805586015,
                        "y": 806.3189768608964
                    },
                    {
                        "x": 759.1649306796824,
                        "y": 799.400133040646
                    },
                    {
                        "x": 772.3436808134927,
                        "y": 790.5044767003241
                    },
                    {
                        "x": 781.2393371538145,
                        "y": 780.9498828533116
                    },
                    {
                        "x": 790.1349934941367,
                        "y": 778.97307033324
                    },
                    {
                        "x": 801.3369311078754,
                        "y": 777.3257265665137
                    },
                    {
                        "x": 815.5040875017215,
                        "y": 774.6899765397517
                    },
                    {
                        "x": 833.2954001823655,
                        "y": 768.1006014728464
                    },
                    {
                        "x": 852.4045878763905,
                        "y": 763.1585701726676
                    },
                    {
                        "x": 868.2190880369628,
                        "y": 757.2281326124529
                    },
                    {
                        "x": 884.692525704226,
                        "y": 747.3440700120951
                    },
                    {
                        "x": 893.9176507978931,
                        "y": 736.8010699050469
                    },
                    {
                        "x": 907.4258696850487,
                        "y": 744.3788512319878
                    },
                    {
                        "x": 920.2751510655139,
                        "y": 761.181757652596
                    },
                    {
                        "x": 930.8181511725621,
                        "y": 774.3605077864065
                    },
                    {
                        "x": 936.0896512260861,
                        "y": 782.9266953733832
                    },
                    {
                        "x": 924.5582448590021,
                        "y": 792.8107579737408
                    },
                    {
                        "x": 921.5930260788948,
                        "y": 794.7875704938124
                    },
                    {
                        "x": 920.2751510655139,
                        "y": 799.7296017939912
                    },
                    {
                        "x": 919.9456823121684,
                        "y": 805.3305706008608
                    },
                    {
                        "x": 920.6046198188591,
                        "y": 811.5904769144206
                    },
                    {
                        "x": 922.5814323389304,
                        "y": 817.8503832279804
                    },
                    {
                        "x": 923.2403698456209,
                        "y": 822.7924145281593
                    },
                    {
                        "x": 916.6509947787159,
                        "y": 827.7344458283385
                    },
                    {
                        "x": 909.4026822051202,
                        "y": 830.6996646084455
                    },
                    {
                        "x": 905.1195884116318,
                        "y": 833.0059458818623
                    },
                    {
                        "x": 900.8364946181435,
                        "y": 835.6416959086243
                    },
                    {
                        "x": 891.6113695244761,
                        "y": 836.9595709220056
                    },
                    {
                        "x": 881.068369417428,
                        "y": 834.3238208952433
                    },
                    {
                        "x": 867.5601505302726,
                        "y": 833.0059458818623
                    },
                    {
                        "x": 858.6644941899506,
                        "y": 835.3122271552793
                    },
                    {
                        "x": 851.4161816163548,
                        "y": 837.6185084286961
                    },
                    {
                        "x": 843.8384002894138,
                        "y": 837.9479771820412
                    },
                    {
                        "x": 838.2374314825444,
                        "y": 834.3238208952433
                    },
                    {
                        "x": 837.5784939758538,
                        "y": 829.0523208417194
                    },
                    {
                        "x": 843.5089315360686,
                        "y": 826.4165708149571
                    },
                    {
                        "x": 853.0635253830809,
                        "y": 825.4281645549215
                    },
                    {
                        "x": 861.6297129700578,
                        "y": 823.7808207881952
                    },
                    {
                        "x": 860.9707754633671,
                        "y": 819.1682582413614
                    },
                    {
                        "x": 847.4625565762116,
                        "y": 816.8619769679449
                    },
                    {
                        "x": 837.907962729199,
                        "y": 816.2030394612542
                    },
                    {
                        "x": 825.0586813487342,
                        "y": 813.237820681147
                    },
                    {
                        "x": 818.1398375284836,
                        "y": 813.5672894344922
                    },
                    {
                        "x": 811.8799312149237,
                        "y": 814.5556956945279
                    },
                    {
                        "x": 807.5968374214353,
                        "y": 812.5788831744566
                    },
                    {
                        "x": 802.6548061212566,
                        "y": 808.6252581343133
                    },
                    {
                        "x": 799.3601185878039,
                        "y": 808.295789380968
                    },
                    {
                        "x": 800.0190560944943,
                        "y": 810.93153940773
                    },
                    {
                        "x": 804.3021498879826,
                        "y": 817.8503832279804
                    },
                    {
                        "x": 804.3021498879826,
                        "y": 821.4745395147784
                    },
                    {
                        "x": 791.782337260863,
                        "y": 823.7808207881952
                    },
                    {
                        "x": 782.2277434138505,
                        "y": 823.45135203485
                    },
                    {
                        "x": 764.1069619798612,
                        "y": 819.4977269947068
                    },
                    {
                        "x": 752.5755556127772,
                        "y": 817.5209144746353
                    },
                    {
                        "x": 729.1832741252638,
                        "y": 816.8619769679449
                    },
                    {
                        "x": 710.7330239379293,
                        "y": 818.8387894880162
                    },
                    {
                        "x": 699.5310863241905,
                        "y": 815.5441019545638
                    },
                    {
                        "x": 696.5658675440832,
                        "y": 816.5325082145995
                    },
                    {
                        "x": 700.8489613375715,
                        "y": 821.8040082681237
                    },
                    {
                        "x": 704.4731176243694,
                        "y": 824.4397582948857
                    },
                    {
                        "x": 739.7262742323121,
                        "y": 826.7460395683025
                    },
                    {
                        "x": 752.5755556127772,
                        "y": 826.087102061612
                    },
                    {
                        "x": 759.8238681863728,
                        "y": 829.71125834841
                    },
                    {
                        "x": 765.4248369932423,
                        "y": 833.0059458818623
                    },
                    {
                        "x": 758.8354619263371,
                        "y": 833.9943521418982
                    },
                    {
                        "x": 740.7146804923478,
                        "y": 834.9827584019338
                    },
                    {
                        "x": 728.8538053719185,
                        "y": 835.9711646619697
                    },
                    {
                        "x": 716.3339927447987,
                        "y": 835.9711646619697
                    },
                    {
                        "x": 707.4383364044767,
                        "y": 834.3238208952433
                    },
                    {
                        "x": 700.5194925842263,
                        "y": 828.722852088374
                    },
                    {
                        "x": 690.3059612305233,
                        "y": 820.8156020080878
                    },
                    {
                        "x": 682.7281799035824,
                        "y": 814.2262269411826
                    },
                    {
                        "x": 682.7281799035824,
                        "y": 810.6020706543848
                    },
                    {
                        "x": 688.658617463797,
                        "y": 805.3305706008608
                    },
                    {
                        "x": 689.6470237238327,
                        "y": 800.0590705473365
                    },
                    {
                        "x": 687.9996799571064,
                        "y": 798.0822580272651
                    },
                    {
                        "x": 688.3291487104517,
                        "y": 794.4581017404672
                    },
                    {
                        "x": 686.3523361903801,
                        "y": 792.8107579737408
                    },
                    {
                        "x": 681.0808361368561,
                        "y": 796.1054455071933
                    },
                    {
                        "x": 681.0808361368561,
                        "y": 799.0706642873007
                    },
                    {
                        "x": 681.7397736435465,
                        "y": 802.6948205740986
                    },
                    {
                        "x": 680.0924298768202,
                        "y": 805.9895081075513
                    },
                    {
                        "x": 677.1272110967129,
                        "y": 810.2726019010396
                    },
                    {
                        "x": 678.1156173567487,
                        "y": 815.8735707079088
                    },
                    {
                        "x": 681.7397736435465,
                        "y": 821.4745395147784
                    },
                    {
                        "x": 688.9880862171423,
                        "y": 830.040727101755
                    },
                    {
                        "x": 700.8489613375715,
                        "y": 839.9247897021128
                    },
                    {
                        "x": 708.7562114178578,
                        "y": 844.8668210022918
                    },
                    {
                        "x": 717.3223990048344,
                        "y": 845.8552272623274
                    },
                    {
                        "x": 777.6151808670166,
                        "y": 835.9711646619697
                    },
                    {
                        "x": 820.1166500485552,
                        "y": 829.71125834841
                    },
                    {
                        "x": 824.7292125953888,
                        "y": 830.3701958551004
                    },
                    {
                        "x": 824.3997438420438,
                        "y": 834.9827584019338
                    },
                    {
                        "x": 827.6944313754962,
                        "y": 842.2310709755295
                    },
                    {
                        "x": 830.6596501556035,
                        "y": 847.1731022757085
                    },
                    {
                        "x": 832.636462675675,
                        "y": 850.1383210558157
                    },
                    {
                        "x": 827.6944313754962,
                        "y": 852.4446023292329
                    },
                    {
                        "x": 823.7408063353529,
                        "y": 856.727696122721
                    },
                    {
                        "x": 819.4577125418648,
                        "y": 865.6233524630429
                    },
                    {
                        "x": 815.1746187483762,
                        "y": 870.2359150098769
                    },
                    {
                        "x": 811.8799312149237,
                        "y": 877.1547588301271
                    },
                    {
                        "x": 808.2557749281259,
                        "y": 879.7905088568891
                    },
                    {
                        "x": 805.6200249013638,
                        "y": 884.7325401570679
                    },
                    {
                        "x": 805.949493654709,
                        "y": 891.9808527306636
                    },
                    {
                        "x": 813.8567437349952,
                        "y": 897.5818215375331
                    },
                    {
                        "x": 817.151431268448,
                        "y": 902.8533215910572
                    },
                    {
                        "x": 823.4113375820077,
                        "y": 905.4890716178193
                    },
                    {
                        "x": 828.6828376355319,
                        "y": 905.8185403711645
                    },
                    {
                        "x": 835.6016814557825,
                        "y": 904.171196604438
                    },
                    {
                        "x": 840.2142440026158,
                        "y": 900.5470403176403
                    },
                    {
                        "x": 843.5089315360686,
                        "y": 895.6050090174615
                    },
                    {
                        "x": 843.5089315360686,
                        "y": 891.3219152239733
                    },
                    {
                        "x": 838.8963689892348,
                        "y": 887.3682901838299
                    },
                    {
                        "x": 836.5900877158181,
                        "y": 884.4030714037227
                    },
                    {
                        "x": 840.8731815093063,
                        "y": 877.4842275834721
                    },
                    {
                        "x": 848.121494082902,
                        "y": 873.2011337899838
                    },
                    {
                        "x": 857.0171504232242,
                        "y": 872.5421962832936
                    },
                    {
                        "x": 866.5717442702368,
                        "y": 873.8600712966745
                    },
                    {
                        "x": 875.7968693639039,
                        "y": 876.1663525700911
                    },
                    {
                        "x": 881.068369417428,
                        "y": 877.1547588301271
                    },
                    {
                        "x": 886.9988069776426,
                        "y": 877.8136963368177
                    },
                    {
                        "x": 892.2703070311668,
                        "y": 877.8136963368177
                    },
                    {
                        "x": 899.5186196047623,
                        "y": 872.5421962832936
                    },
                    {
                        "x": 901.495432124834,
                        "y": 864.305477449662
                    },
                    {
                        "x": 902.48383838487,
                        "y": 856.727696122721
                    },
                    {
                        "x": 909.073213451775,
                        "y": 853.7624773426136
                    },
                    {
                        "x": 909.073213451775,
                        "y": 857.7161023827567
                    },
                    {
                        "x": 909.073213451775,
                        "y": 863.3170711896262
                    },
                    {
                        "x": 912.6973697385729,
                        "y": 870.5653837632219
                    },
                    {
                        "x": 910.3910884651561,
                        "y": 876.1663525700911
                    },
                    {
                        "x": 911.0500259718464,
                        "y": 878.4726338435081
                    },
                    {
                        "x": 916.9804635320612,
                        "y": 877.8136963368177
                    },
                    {
                        "x": 901.6601665015062,
                        "y": 899.9684108195776
                    },
                    {
                        "x": 893.75291642122,
                        "y": 918.155086004236
                    },
                    {
                        "x": 877.1476912526191,
                        "y": 949.7840863253809
                    },
                    {
                        "x": 869.6358036763472,
                        "y": 957.6913364056671
                    },
                    {
                        "x": 860.9378285880325,
                        "y": 970.342936534125
                    },
                    {
                        "x": 870.8218911883902,
                        "y": 968.3661240140535
                    },
                    {
                        "x": 889.7992913810771,
                        "y": 954.1330738695382
                    },
                    {
                        "x": 909.5674165817925,
                        "y": 921.3179860363506
                    },
                    {
                        "x": 923.8004667263078,
                        "y": 897.2008732914775
                    },
                    {
                        "x": 938.4288793748373,
                        "y": 897.2008732914775
                    },
                    {
                        "x": 957.8016420715384,
                        "y": 892.0611607392914
                    },
                    {
                        "x": 953.0572920233667,
                        "y": 896.8055107874633
                    },
                    {
                        "x": 952.6619295193524,
                        "y": 902.735948347678
                    },
                    {
                        "x": 952.6619295193524,
                        "y": 908.2710234038782
                    },
                    {
                        "x": 952.266567015338,
                        "y": 914.2014609640929
                    },
                    {
                        "x": 953.4526545273811,
                        "y": 916.9689984921931
                    },
                    {
                        "x": 958.1970045755528,
                        "y": 919.3411735162789
                    },
                    {
                        "x": 955.4294670474526,
                        "y": 912.2246484440212
                    },
                    {
                        "x": 955.8248295514669,
                        "y": 901.945223339649
                    },
                    {
                        "x": 960.1738170956241,
                        "y": 897.9915982995062
                    },
                    {
                        "x": 970.057879695982,
                        "y": 896.8055107874633
                    },
                    {
                        "x": 975.988317256197,
                        "y": 893.2472482513343
                    },
                    {
                        "x": 958.5923670795669,
                        "y": 958.4820614136956
                    },
                    {
                        "x": 953.8480170313954,
                        "y": 972.7151115582108
                    },
                    {
                        "x": 948.7083044792091,
                        "y": 979.0409116224397
                    },
                    {
                        "x": 919.8468416861646,
                        "y": 995.2507742870264
                    },
                    {
                        "x": 904.8230665336207,
                        "y": 1003.158024367313
                    },
                    {
                        "x": 887.8224788610056,
                        "y": 1009.4838244315415
                    },
                    {
                        "x": 883.8688538208623,
                        "y": 1014.2281744797133
                    },
                    {
                        "x": 884.2642163248767,
                        "y": 1016.9957120078135
                    },
                    {
                        "x": 887.0317538529767,
                        "y": 1019.3678870318995
                    },
                    {
                        "x": 892.9621914131915,
                        "y": 1016.204986999785
                    },
                    {
                        "x": 896.5204539493203,
                        "y": 1013.4374494716848
                    },
                    {
                        "x": 900.4740789894635,
                        "y": 1017.786437015842
                    },
                    {
                        "x": 909.5674165817925,
                        "y": 1012.2513619596418
                    },
                    {
                        "x": 919.8468416861646,
                        "y": 1005.1348368873843
                    },
                    {
                        "x": 948.3129419751949,
                        "y": 989.715699230826
                    },
                    {
                        "x": 958.1970045755528,
                        "y": 980.2269991344828
                    },
                    {
                        "x": 966.4996171598531,
                        "y": 969.5522115260964
                    },
                    {
                        "x": 972.8254172240823,
                        "y": 955.7145238855953
                    },
                    {
                        "x": 978.7558547842967,
                        "y": 942.272198749109
                    },
                    {
                        "x": 983.8955673364827,
                        "y": 926.4576985885366
                    },
                    {
                        "x": 983.5002048324686,
                        "y": 962.4356864538386
                    },
                    {
                        "x": 977.1744047682398,
                        "y": 974.6919240782825
                    },
                    {
                        "x": 970.8486047040105,
                        "y": 986.5527991987117
                    },
                    {
                        "x": 966.1042546558389,
                        "y": 994.0646867749833
                    },
                    {
                        "x": 957.4062795675242,
                        "y": 1001.1812118472411
                    },
                    {
                        "x": 957.0109170635099,
                        "y": 1007.50701191147
                    },
                    {
                        "x": 958.5923670795669,
                        "y": 1009.0884619275273
                    },
                    {
                        "x": 970.057879695982,
                        "y": 999.9951243351983
                    },
                    {
                        "x": 976.383679760211,
                        "y": 999.9951243351983
                    },
                    {
                        "x": 994.5703549448691,
                        "y": 994.4600492789979
                    },
                    {
                        "x": 1002.0822425211411,
                        "y": 986.948161702726
                    },
                    {
                        "x": 1001.2915175131128,
                        "y": 1009.0884619275273
                    },
                    {
                        "x": 1001.2915175131128,
                        "y": 1020.9493370479568
                    },
                    {
                        "x": 1003.6636925371984,
                        "y": 1029.2519496322573
                    },
                    {
                        "x": 1008.8034050893845,
                        "y": 1038.7406497286006
                    },
                    {
                        "x": 1013.1523926335417,
                        "y": 1044.6710872888152
                    },
                    {
                        "x": 1015.1292051536133,
                        "y": 1066.020662505588
                    },
                    {
                        "x": 1017.106017673685,
                        "y": 1075.5093626019316
                    },
                    {
                        "x": 1017.5013801776993,
                        "y": 1082.625887674189
                    },
                    {
                        "x": 1019.0828301937566,
                        "y": 1086.9748752183464
                    },
                    {
                        "x": 1019.0828301937566,
                        "y": 1090.137775250461
                    },
                    {
                        "x": 1022.2457302258712,
                        "y": 1092.5099502745468
                    },
                    {
                        "x": 1027.385442778057,
                        "y": 1092.1145877705326
                    },
                    {
                        "x": 1029.3622552981285,
                        "y": 1086.9748752183464
                    },
                    {
                        "x": 1033.711242842286,
                        "y": 1086.5795127143322
                    },
                    {
                        "x": 1031.7344303222144,
                        "y": 1075.9047251059458
                    },
                    {
                        "x": 1042.4092179306008,
                        "y": 1019.7632495359139
                    },
                    {
                        "x": 1046.7582054747581,
                        "y": 1020.1586120399279
                    },
                    {
                        "x": 1051.1071930189157,
                        "y": 1022.1354245599995
                    },
                    {
                        "x": 1056.2469055711017,
                        "y": 1022.5307870640139
                    },
                    {
                        "x": 1056.642268075116,
                        "y": 1019.7632495359139
                    },
                    {
                        "x": 1049.130380498844,
                        "y": 1016.9957120078135
                    },
                    {
                        "x": 1043.5953054426436,
                        "y": 1009.4838244315415
                    },
                    {
                        "x": 1044.7813929546867,
                        "y": 992.4832367589264
                    },
                    {
                        "x": 1044.3860304506723,
                        "y": 981.80844915054
                    },
                    {
                        "x": 1057.828355587159,
                        "y": 977.0640991023682
                    },
                    {
                        "x": 1061.3866181232877,
                        "y": 969.9475740301106
                    },
                    {
                        "x": 1064.1541556513878,
                        "y": 965.5985864859533
                    },
                    {
                        "x": 1076.4103932758314,
                        "y": 964.0171364698961
                    },
                    {
                        "x": 1087.8759058922465,
                        "y": 957.6913364056671
                    },
                    {
                        "x": 1091.4341684283752,
                        "y": 955.3191613815811
                    },
                    {
                        "x": 1094.5970684604897,
                        "y": 962.0403239498244
                    },
                    {
                        "x": 1098.1553309966187,
                        "y": 972.3197490541966
                    },
                    {
                        "x": 1102.504318540776,
                        "y": 977.4594616063824
                    },
                    {
                        "x": 1104.0857685568333,
                        "y": 990.1110617348402
                    },
                    {
                        "x": 1105.6672185728905,
                        "y": 995.2507742870264
                    },
                    {
                        "x": 1108.4347561009906,
                        "y": 1001.9719368552699
                    },
                    {
                        "x": 1111.5976561331051,
                        "y": 1006.3209243994271
                    },
                    {
                        "x": 1124.6446187655774,
                        "y": 1011.8559994556273
                    },
                    {
                        "x": 1133.3425938538921,
                        "y": 1022.9261495680282
                    },
                    {
                        "x": 1140.0637564221354,
                        "y": 1032.810212168386
                    },
                    {
                        "x": 1143.22665645425,
                        "y": 1042.6942747687438
                    },
                    {
                        "x": 1144.8081064703072,
                        "y": 1052.182974865087
                    },
                    {
                        "x": 1145.5988314783358,
                        "y": 1062.8577624734735
                    },
                    {
                        "x": 1149.9478190224931,
                        "y": 1073.1371875778457
                    },
                    {
                        "x": 1146.3895564863644,
                        "y": 1080.6490751541176
                    },
                    {
                        "x": 1141.6452064381926,
                        "y": 1088.951687738418
                    },
                    {
                        "x": 1138.086943902064,
                        "y": 1096.8589378187041
                    },
                    {
                        "x": 1138.086943902064,
                        "y": 1100.0218378508187
                    },
                    {
                        "x": 1143.6220189582643,
                        "y": 1098.8357503387758
                    },
                    {
                        "x": 1153.1107190546077,
                        "y": 1082.2305251701748
                    },
                    {
                        "x": 1157.0643440947508,
                        "y": 1070.3696500497454
                    },
                    {
                        "x": 1151.5292690385504,
                        "y": 1035.1823871924719
                    },
                    {
                        "x": 1142.4359314462213,
                        "y": 1007.50701191147
                    },
                    {
                        "x": 1119.109543709377,
                        "y": 974.6919240782825
                    },
                    {
                        "x": 1117.923456197334,
                        "y": 968.3661240140535
                    },
                    {
                        "x": 1122.6678062455057,
                        "y": 960.4588739337673
                    },
                    {
                        "x": 1126.2260687816345,
                        "y": 954.9237988775667
                    },
                    {
                        "x": 1138.8776689100926,
                        "y": 963.6217739658815
                    }
                ],
                "resin": 1,
                "browning": false
            }
        ],
        "object_id": "A_d04_B_2_1_22-09-07-10-26-1010"
    },
    "Metadata": {
        "Images": {
            "object_id": "A_d04_B_2_1_22-09-07-10-26-1010",
            "path": "1.Traning_원천데이터_마디_미수정암꽃",
            "width": 2000,
            "height": 1500
        },
        "environment": {
            "area_id": "A",
            "hemp_id": "A_d04_B_2",
            "area_temp": 28.8,
            "area_hum": 74.6,
            "area_co2": 402,
            "area_Illum": 445,
            "water_temp": 25.2,
            "water_ec": 3,
            "water_ph": 4.8
        },
        "Growth Info": {
            "period": 68,
            "length": 112.3,
            "node_number": 26,
            "node_length": 4.3,
            "root_round": 21.1
        }
    }
}