{
    "annotations": {
        "label": {
            "category": 1
        },
        "polygon": [
            {
                "type": "POLYGON",
                "vertices": [
                    {
                        "x": 1106.7821026304432,
                        "y": 598.4659936000925
                    },
                    {
                        "x": 1118.0675882286127,
                        "y": 601.8973914731747
                    },
                    {
                        "x": 1126.4090721920604,
                        "y": 606.7993812220127
                    },
                    {
                        "x": 1131.806487136908,
                        "y": 616.1131802574225
                    },
                    {
                        "x": 1136.2225569728687,
                        "y": 623.9563537577716
                    },
                    {
                        "x": 1138.1852471906427,
                        "y": 629.8387380904466
                    },
                    {
                        "x": 1138.6759365910557,
                        "y": 634.2505305473659
                    },
                    {
                        "x": 1142.1106613181296,
                        "y": 642.5839181692861
                    },
                    {
                        "x": 1143.0920064270165,
                        "y": 648.466302501961
                    },
                    {
                        "x": 1140.1479374084165,
                        "y": 652.3878976669619
                    },
                    {
                        "x": 1138.1852471906427,
                        "y": 657.7801015373709
                    },
                    {
                        "x": 1136.7132126813426,
                        "y": 661.7016798727191
                    },
                    {
                        "x": 1135.2412118639818,
                        "y": 666.3943003913835
                    },
                    {
                        "x": 1133.278521646208,
                        "y": 672.7668651863243
                    },
                    {
                        "x": 1132.297176537321,
                        "y": 676.1982798890592
                    },
                    {
                        "x": 1129.353107518721,
                        "y": 683.0610588055712
                    },
                    {
                        "x": 1132.7878322457948,
                        "y": 684.5316506813268
                    },
                    {
                        "x": 1137.2039357736949,
                        "y": 685.0218479732453
                    },
                    {
                        "x": 1141.6199719177164,
                        "y": 686.4924566786535
                    },
                    {
                        "x": 1153.3961469162987,
                        "y": 687.963048554409
                    },
                    {
                        "x": 1164.6816662064073,
                        "y": 688.9434431382462
                    },
                    {
                        "x": 1167.1350458245943,
                        "y": 688.4532626759802
                    },
                    {
                        "x": 1170.079081151255,
                        "y": 691.88464371941
                    },
                    {
                        "x": 1176.4578412049896,
                        "y": 695.3160415924923
                    },
                    {
                        "x": 1180.8739110409504,
                        "y": 696.7866334682478
                    },
                    {
                        "x": 1188.724705603985,
                        "y": 693.3552524248181
                    },
                    {
                        "x": 1197.5568452759064,
                        "y": 694.3356301790025
                    },
                    {
                        "x": 1200.5009142945066,
                        "y": 697.7670280520849
                    },
                    {
                        "x": 1202.9542602207541,
                        "y": 702.1788205090043
                    },
                    {
                        "x": 1203.9356390215803,
                        "y": 704.6298237982495
                    },
                    {
                        "x": 1204.426294730054,
                        "y": 708.5514189632504
                    },
                    {
                        "x": 1203.9356390215803,
                        "y": 714.9240005878438
                    },
                    {
                        "x": 1206.3889849478282,
                        "y": 719.8259903366816
                    },
                    {
                        "x": 1211.2957441842018,
                        "y": 719.3357930447631
                    },
                    {
                        "x": 1213.7491238023886,
                        "y": 712.4729972985984
                    },
                    {
                        "x": 1221.1092289650103,
                        "y": 711.0024054228429
                    },
                    {
                        "x": 1227.9786784191579,
                        "y": 711.98280000668
                    },
                    {
                        "x": 1230.9227137458188,
                        "y": 714.9240005878438
                    },
                    {
                        "x": 1233.3760933640058,
                        "y": 717.8652179986601
                    },
                    {
                        "x": 1233.3760933640058,
                        "y": 720.8063849205188
                    },
                    {
                        "x": 1230.9227137458188,
                        "y": 724.7279800855194
                    },
                    {
                        "x": 1228.960023528045,
                        "y": 727.669197496336
                    },
                    {
                        "x": 1234.3574384728927,
                        "y": 728.1593779586019
                    },
                    {
                        "x": 1239.2641640173274,
                        "y": 731.1005785397656
                    },
                    {
                        "x": 1243.189611836753,
                        "y": 734.0417622912769
                    },
                    {
                        "x": 1251.7586100498183,
                        "y": 738.2441686883699
                    },
                    {
                        "x": 1258.628059503966,
                        "y": 742.6559611452893
                    },
                    {
                        "x": 1261.5720948306268,
                        "y": 745.106947604882
                    },
                    {
                        "x": 1263.2717109734224,
                        "y": 750.9893655968621
                    },
                    {
                        "x": 1265.2344011911964,
                        "y": 756.3815358079659
                    },
                    {
                        "x": 1266.2157463000833,
                        "y": 761.7737228487223
                    },
                    {
                        "x": 1266.706435700496,
                        "y": 766.6757125975602
                    },
                    {
                        "x": 1267.1971251009093,
                        "y": 770.5973245922136
                    },
                    {
                        "x": 1272.594506353818,
                        "y": 777.9503176302968
                    },
                    {
                        "x": 1274.5572302635308,
                        "y": 782.8523073791347
                    },
                    {
                        "x": 1276.0292310808918,
                        "y": 787.7542971279727
                    },
                    {
                        "x": 1278.9733000994916,
                        "y": 795.3880677388428
                    },
                    {
                        "x": 1279.9546452083785,
                        "y": 806.6626559419268
                    },
                    {
                        "x": 1278.9733000994916,
                        "y": 813.5254516880914
                    },
                    {
                        "x": 1277.0106098817178,
                        "y": 823.3294311857672
                    },
                    {
                        "x": 1273.5758514627048,
                        "y": 827.7412236426865
                    },
                    {
                        "x": 1270.1411604275702,
                        "y": 832.1530160996059
                    },
                    {
                        "x": 1265.7250905916092,
                        "y": 837.0550058484439
                    },
                    {
                        "x": 1259.8370199382875,
                        "y": 842.4471928892002
                    },
                    {
                        "x": 1255.9115721188618,
                        "y": 845.8785907622824
                    },
                    {
                        "x": 1253.458226192614,
                        "y": 849.3099718057122
                    },
                    {
                        "x": 1253.458226192614,
                        "y": 851.7609750949574
                    },
                    {
                        "x": 1254.4395713015008,
                        "y": 852.7413865084471
                    },
                    {
                        "x": 1258.3649517370486,
                        "y": 854.7021756761212
                    },
                    {
                        "x": 1269.1597816267442,
                        "y": 851.7609750949574
                    },
                    {
                        "x": 1275.5385753724177,
                        "y": 851.2707778030389
                    },
                    {
                        "x": 1278.4826106990786,
                        "y": 856.1727675518767
                    },
                    {
                        "x": 1277.9919212986656,
                        "y": 859.1139681330405
                    },
                    {
                        "x": 1276.0292310808918,
                        "y": 862.0551518845517
                    },
                    {
                        "x": 1270.1411604275702,
                        "y": 863.52576058996
                    },
                    {
                        "x": 1265.7250905916092,
                        "y": 865.4865497576341
                    },
                    {
                        "x": 1261.3090207556486,
                        "y": 867.4473557549609
                    },
                    {
                        "x": 1258.8556411374616,
                        "y": 869.4081449226348
                    },
                    {
                        "x": 1256.4022615192746,
                        "y": 872.8395427957172
                    },
                    {
                        "x": 1265.7250905916092,
                        "y": 877.3227520100764
                    },
                    {
                        "x": 1278.4826106990786,
                        "y": 887.6169203848444
                    },
                    {
                        "x": 1286.3334052621133,
                        "y": 895.4601107148461
                    },
                    {
                        "x": 1293.6935104247348,
                        "y": 903.3033010448478
                    },
                    {
                        "x": 1299.0909253695827,
                        "y": 911.1464745451967
                    },
                    {
                        "x": 1302.5256500966564,
                        "y": 917.5190729994429
                    },
                    {
                        "x": 1309.395099550804,
                        "y": 932.5058618928753
                    },
                    {
                        "x": 1313.3204799863515,
                        "y": 944.2706221433987
                    },
                    {
                        "x": 1317.2458941138386,
                        "y": 957.9962136357279
                    },
                    {
                        "x": 1317.7365498223126,
                        "y": 963.8785979684029
                    },
                    {
                        "x": 1317.2458941138386,
                        "y": 970.2511795929963
                    },
                    {
                        "x": 1316.7552047134257,
                        "y": 975.6433834634055
                    },
                    {
                        "x": 1316.2645490049517,
                        "y": 979.5649617987535
                    },
                    {
                        "x": 1315.2832038960648,
                        "y": 982.996359671836
                    },
                    {
                        "x": 1317.9641314558082,
                        "y": 987.4081521287553
                    },
                    {
                        "x": 1322.380234983708,
                        "y": 991.3297641234087
                    },
                    {
                        "x": 1323.3615464006557,
                        "y": 995.7415397506754
                    },
                    {
                        "x": 1324.3428915095428,
                        "y": 998.6827571614918
                    },
                    {
                        "x": 1333.6657205818774,
                        "y": 1000.6435294995133
                    },
                    {
                        "x": 1345.4418955804597,
                        "y": 1000.6435294995133
                    },
                    {
                        "x": 1358.1994493798682,
                        "y": 996.7219343345126
                    },
                    {
                        "x": 1363.1061749243029,
                        "y": 1001.1337436210845
                    },
                    {
                        "x": 1365.5595545424896,
                        "y": 1006.0357333699224
                    },
                    {
                        "x": 1365.0688988340157,
                        "y": 1008.4867366591677
                    },
                    {
                        "x": 1360.162139597642,
                        "y": 1013.3887264080056
                    },
                    {
                        "x": 1353.2926901434942,
                        "y": 1017.3103047433538
                    },
                    {
                        "x": 1348.8766203075336,
                        "y": 1018.7808966191093
                    },
                    {
                        "x": 1343.4792053626857,
                        "y": 1020.2515053245176
                    },
                    {
                        "x": 1339.063135526725,
                        "y": 1021.2318999083546
                    },
                    {
                        "x": 1335.6284107996512,
                        "y": 1024.1731004895184
                    },
                    {
                        "x": 1336.1191002000644,
                        "y": 1025.6437091949267
                    },
                    {
                        "x": 1340.044480635612,
                        "y": 1029.0750902383563
                    },
                    {
                        "x": 1341.0258257444991,
                        "y": 1033.9770799871942
                    },
                    {
                        "x": 1339.063135526725,
                        "y": 1034.957474571031
                    },
                    {
                        "x": 1334.6470993827033,
                        "y": 1032.506471281786
                    },
                    {
                        "x": 1330.7216852552165,
                        "y": 1031.0358794060305
                    },
                    {
                        "x": 1325.8149260188427,
                        "y": 1030.0554848221934
                    },
                    {
                        "x": 1323.852235801069,
                        "y": 1028.5848929464378
                    },
                    {
                        "x": 1321.398856182882,
                        "y": 1025.6437091949267
                    },
                    {
                        "x": 1318.454820856221,
                        "y": 1023.1927059056814
                    },
                    {
                        "x": 1311.5853714020734,
                        "y": 1019.271093911028
                    },
                    {
                        "x": 1305.6972670568127,
                        "y": 1017.3103047433538
                    },
                    {
                        "x": 1299.8091964034911,
                        "y": 1016.3299101595167
                    },
                    {
                        "x": 1294.4117814586434,
                        "y": 1015.8397296972508
                    },
                    {
                        "x": 1289.5050222222696,
                        "y": 1014.8593014541085
                    },
                    {
                        "x": 1286.070297495196,
                        "y": 1013.8789068702714
                    },
                    {
                        "x": 1283.126295860474,
                        "y": 1018.2907161568434
                    },
                    {
                        "x": 1283.616917877009,
                        "y": 1026.1338896571924
                    },
                    {
                        "x": 1283.126295860474,
                        "y": 1030.8264933462042
                    },
                    {
                        "x": 1283.126295860474,
                        "y": 1041.1206701357985
                    },
                    {
                        "x": 1281.654227659235,
                        "y": 1048.9638772954527
                    },
                    {
                        "x": 1279.6915374414612,
                        "y": 1054.3560475065565
                    },
                    {
                        "x": 1274.7847782050874,
                        "y": 1061.2188432527212
                    },
                    {
                        "x": 1274.2941224966137,
                        "y": 1068.0816221692332
                    },
                    {
                        "x": 1274.7847782050874,
                        "y": 1073.964006501908
                    },
                    {
                        "x": 1274.2941224966137,
                        "y": 1081.8071968319098
                    },
                    {
                        "x": 1273.8034330962005,
                        "y": 1086.218989288829
                    },
                    {
                        "x": 1273.8034330962005,
                        "y": 1090.14058445383
                    },
                    {
                        "x": 1273.8034330962005,
                        "y": 1100.9249585353427
                    },
                    {
                        "x": 1272.8220879873136,
                        "y": 1107.2975569895889
                    },
                    {
                        "x": 1271.8407428784267,
                        "y": 1115.1407473195907
                    },
                    {
                        "x": 1271.3500534780135,
                        "y": 1118.5721283630203
                    },
                    {
                        "x": 1270.8594314614786,
                        "y": 1123.9643322334293
                    },
                    {
                        "x": 1270.3687083691266,
                        "y": 1126.4153186930218
                    },
                    {
                        "x": 1270.3687083691266,
                        "y": 1128.8663219822672
                    },
                    {
                        "x": 1270.3687083691266,
                        "y": 1132.297703025697
                    },
                    {
                        "x": 1270.3687083691266,
                        "y": 1136.2193150203505
                    },
                    {
                        "x": 1269.8780526606527,
                        "y": 1139.6507128934327
                    },
                    {
                        "x": 1267.9153624428789,
                        "y": 1144.552685812618
                    },
                    {
                        "x": 1264.480637715805,
                        "y": 1145.0429335934944
                    },
                    {
                        "x": 1261.536568697205,
                        "y": 1140.6311074772696
                    },
                    {
                        "x": 1260.555223588318,
                        "y": 1134.748706314942
                    },
                    {
                        "x": 1260.555223588318,
                        "y": 1129.3565192741855
                    },
                    {
                        "x": 1260.555223588318,
                        "y": 1124.9447268172664
                    },
                    {
                        "x": 1261.0459466806703,
                        "y": 1116.611339195346
                    },
                    {
                        "x": 1262.0272580976182,
                        "y": 1105.8269651138332
                    },
                    {
                        "x": 1262.517913806092,
                        "y": 1097.4935774919131
                    },
                    {
                        "x": 1261.536568697205,
                        "y": 1091.1209790376672
                    },
                    {
                        "x": 1260.0645678798442,
                        "y": 1085.238594704992
                    },
                    {
                        "x": 1258.5925670624833,
                        "y": 1079.356210372317
                    },
                    {
                        "x": 1255.6484980438834,
                        "y": 1074.9444179153977
                    },
                    {
                        "x": 1252.7044290252836,
                        "y": 1070.0424113369072
                    },
                    {
                        "x": 1248.7790822816748,
                        "y": 1065.1404215880693
                    },
                    {
                        "x": 1247.307014080436,
                        "y": 1062.1992378365583
                    },
                    {
                        "x": 1244.853634462249,
                        "y": 1057.787445379639
                    },
                    {
                        "x": 1239.4562195174012,
                        "y": 1053.8658670442906
                    },
                    {
                        "x": 1232.0961143547797,
                        "y": 1048.9638772954527
                    },
                    {
                        "x": 1228.170733919232,
                        "y": 1046.5128740062075
                    },
                    {
                        "x": 1221.7919738654973,
                        "y": 1045.5324625927178
                    },
                    {
                        "x": 1217.3758703375975,
                        "y": 1045.0422653007993
                    },
                    {
                        "x": 1215.9038695202366,
                        "y": 1040.63047284388
                    },
                    {
                        "x": 1215.4131801198234,
                        "y": 1037.689272262716
                    },
                    {
                        "x": 1214.4318687028756,
                        "y": 1036.7088945085318
                    },
                    {
                        "x": 1210.5064545753887,
                        "y": 1033.2774798057967
                    },
                    {
                        "x": 1206.0903847394281,
                        "y": 1030.336279224633
                    },
                    {
                        "x": 1199.7116246856933,
                        "y": 1029.3559014704488
                    },
                    {
                        "x": 1194.3141760489066,
                        "y": 1028.8656873488776
                    },
                    {
                        "x": 1191.8607964307198,
                        "y": 1029.3559014704488
                    },
                    {
                        "x": 1187.9709421285936,
                        "y": 1028.8656873488776
                    },
                    {
                        "x": 1186.9895970197067,
                        "y": 1023.9636976000396
                    },
                    {
                        "x": 1187.9709421285936,
                        "y": 1021.0224970188758
                    },
                    {
                        "x": 1190.4243217467804,
                        "y": 1018.5715105592832
                    },
                    {
                        "x": 1203.18184185425,
                        "y": 1020.0421024350387
                    },
                    {
                        "x": 1207.5979116902106,
                        "y": 1020.0421024350387
                    },
                    {
                        "x": 1208.5792567990975,
                        "y": 1014.1597181023637
                    },
                    {
                        "x": 1208.5792567990975,
                        "y": 1009.2577283535259
                    },
                    {
                        "x": 1207.5979116902106,
                        "y": 1004.8459527262592
                    },
                    {
                        "x": 1205.6352214724368,
                        "y": 1002.3949494370139
                    },
                    {
                        "x": 1201.219151636476,
                        "y": 1000.9243407316058
                    },
                    {
                        "x": 1196.312392400102,
                        "y": 997.983140150442
                    },
                    {
                        "x": 1191.8963225641414,
                        "y": 995.5321536908493
                    },
                    {
                        "x": 1187.9709421285936,
                        "y": 993.5713476935226
                    },
                    {
                        "x": 1180.1201812574982,
                        "y": 988.6693579446847
                    },
                    {
                        "x": 1179.1388024566722,
                        "y": 995.0419563989307
                    },
                    {
                        "x": 1175.7040777295983,
                        "y": 1002.3949494370139
                    },
                    {
                        "x": 1173.2506981114113,
                        "y": 1007.2969391858519
                    },
                    {
                        "x": 1169.3253176758635,
                        "y": 1014.1597181023637
                    },
                    {
                        "x": 1164.909247839903,
                        "y": 1015.6303099781194
                    },
                    {
                        "x": 1158.0398320776942,
                        "y": 1017.5911159754461
                    },
                    {
                        "x": 1153.6237285497944,
                        "y": 1018.5715105592832
                    },
                    {
                        "x": 1149.2076587138338,
                        "y": 1019.5519219727728
                    },
                    {
                        "x": 1146.7542790956468,
                        "y": 1020.0421024350387
                    },
                    {
                        "x": 1142.828898660099,
                        "y": 1022.0029084323654
                    },
                    {
                        "x": 1142.338209259686,
                        "y": 1024.9440921838766
                    },
                    {
                        "x": 1138.9034845326123,
                        "y": 1025.9244867677137
                    },
                    {
                        "x": 1134.9781040970645,
                        "y": 1024.4539117216107
                    },
                    {
                        "x": 1132.5247244788775,
                        "y": 1023.473500308121
                    },
                    {
                        "x": 1130.0713448606907,
                        "y": 1020.0421024350387
                    },
                    {
                        "x": 1127.6179989344428,
                        "y": 1016.6107045619564
                    },
                    {
                        "x": 1126.6366538255559,
                        "y": 1015.1401126862008
                    },
                    {
                        "x": 1121.7654207226037,
                        "y": 1013.6695208104453
                    },
                    {
                        "x": 1117.3493508866432,
                        "y": 1014.6499322239349
                    },
                    {
                        "x": 1116.368039469695,
                        "y": 1020.5322997269573
                    },
                    {
                        "x": 1114.4053155599822,
                        "y": 1026.4147008892849
                    },
                    {
                        "x": 1113.4239704510953,
                        "y": 1030.336279224633
                    },
                    {
                        "x": 1112.9332810506824,
                        "y": 1039.6500782600428
                    },
                    {
                        "x": 1111.4612802333215,
                        "y": 1044.552068008881
                    },
                    {
                        "x": 1107.5358661058344,
                        "y": 1049.9442550496371
                    },
                    {
                        "x": 1104.1011750706998,
                        "y": 1052.39524150923
                    },
                    {
                        "x": 1098.703726433913,
                        "y": 1055.3364420903936
                    },
                    {
                        "x": 1093.7969671975393,
                        "y": 1057.787445379639
                    },
                    {
                        "x": 1085.9461726345046,
                        "y": 1062.6894351284768
                    },
                    {
                        "x": 1080.548757689657,
                        "y": 1065.6306188799879
                    },
                    {
                        "x": 1073.1886525270354,
                        "y": 1071.0228395800495
                    },
                    {
                        "x": 1070.2446172003745,
                        "y": 1072.003217334234
                    },
                    {
                        "x": 1066.8098924733008,
                        "y": 1073.964006501908
                    },
                    {
                        "x": 1073.1886525270354,
                        "y": 1075.4346152073163
                    },
                    {
                        "x": 1081.0394470900699,
                        "y": 1072.9836119180711
                    },
                    {
                        "x": 1084.4742055090828,
                        "y": 1074.4542037938268
                    },
                    {
                        "x": 1095.2690017068392,
                        "y": 1072.9836119180711
                    },
                    {
                        "x": 1107.0451767054217,
                        "y": 1071.5130200423155
                    },
                    {
                        "x": 1118.821385395943,
                        "y": 1070.0424113369072
                    },
                    {
                        "x": 1126.6721799589775,
                        "y": 1065.1404215880693
                    },
                    {
                        "x": 1131.5789055034122,
                        "y": 1067.5914248773147
                    },
                    {
                        "x": 1133.0509400127123,
                        "y": 1072.9836119180711
                    },
                    {
                        "x": 1132.0695949038254,
                        "y": 1075.9248293288874
                    },
                    {
                        "x": 1125.2001454496776,
                        "y": 1075.9248293288874
                    },
                    {
                        "x": 1116.368039469695,
                        "y": 1076.4150097911534
                    },
                    {
                        "x": 1111.9519359417955,
                        "y": 1077.3954043749904
                    },
                    {
                        "x": 1104.1011750706998,
                        "y": 1079.8464076642356
                    },
                    {
                        "x": 1095.2690017068392,
                        "y": 1080.8268190777253
                    },
                    {
                        "x": 1084.4742055090828,
                        "y": 1081.8071968319098
                    },
                    {
                        "x": 1080.548757689657,
                        "y": 1082.7875914157469
                    },
                    {
                        "x": 1073.1886525270354,
                        "y": 1083.7680028292364
                    },
                    {
                        "x": 1063.375167746227,
                        "y": 1085.7288088265632
                    },
                    {
                        "x": 1056.0150625836052,
                        "y": 1086.7091865807477
                    },
                    {
                        "x": 1051.5989927476444,
                        "y": 1085.7288088265632
                    },
                    {
                        "x": 1048.1642680205707,
                        "y": 1085.238594704992
                    },
                    {
                        "x": 1043.74819818461,
                        "y": 1085.238594704992
                    },
                    {
                        "x": 1040.313507149475,
                        "y": 1088.6699925780745
                    },
                    {
                        "x": 1035.8974036215754,
                        "y": 1092.101373621504
                    },
                    {
                        "x": 1034.4253691122753,
                        "y": 1093.5719823269123
                    },
                    {
                        "x": 1035.8974036215754,
                        "y": 1100.4347612434242
                    },
                    {
                        "x": 1037.3694044389363,
                        "y": 1104.8465537003437
                    },
                    {
                        "x": 1039.3321283486491,
                        "y": 1110.7289548626711
                    },
                    {
                        "x": 1034.9160585126883,
                        "y": 1112.6897440303453
                    },
                    {
                        "x": 1033.9347134038014,
                        "y": 1108.7681488653445
                    },
                    {
                        "x": 1032.9533682949145,
                        "y": 1104.8465537003437
                    },
                    {
                        "x": 1030.5000223686668,
                        "y": 1099.9445639515056
                    },
                    {
                        "x": 1028.0466427504798,
                        "y": 1099.9445639515056
                    },
                    {
                        "x": 1024.1211949310539,
                        "y": 1102.8857645326696
                    },
                    {
                        "x": 1019.2144693866192,
                        "y": 1107.2975569895889
                    },
                    {
                        "x": 1016.7610897684324,
                        "y": 1104.8465537003437
                    },
                    {
                        "x": 1014.3077101502455,
                        "y": 1099.9445639515056
                    },
                    {
                        "x": 1011.3636748235846,
                        "y": 1096.0229687865049
                    },
                    {
                        "x": 1005.9662935706759,
                        "y": 1089.6503871619113
                    },
                    {
                        "x": 1001.5501900427762,
                        "y": 1086.218989288829
                    },
                    {
                        "x": 996.6434308064024,
                        "y": 1086.218989288829
                    },
                    {
                        "x": 993.2087060793285,
                        "y": 1083.277805537318
                    },
                    {
                        "x": 987.8112911344808,
                        "y": 1079.356210372317
                    },
                    {
                        "x": 988.3019805348938,
                        "y": 1075.4346152073163
                    },
                    {
                        "x": 988.3019805348938,
                        "y": 1070.0424113369072
                    },
                    {
                        "x": 987.8112911344808,
                        "y": 1068.5718362908044
                    },
                    {
                        "x": 986.8299460255939,
                        "y": 1065.6306188799879
                    },
                    {
                        "x": 985.357945208233,
                        "y": 1062.6894351284768
                    },
                    {
                        "x": 983.885944390872,
                        "y": 1057.787445379639
                    },
                    {
                        "x": 983.3952212985201,
                        "y": 1052.39524150923
                    },
                    {
                        "x": 984.376566407407,
                        "y": 1046.5128740062075
                    },
                    {
                        "x": 985.357945208233,
                        "y": 1043.0814593034727
                    },
                    {
                        "x": 986.339324009059,
                        "y": 1039.1598809681243
                    },
                    {
                        "x": 979.996022704868,
                        "y": 1039.9308726624827
                    },
                    {
                        "x": 969.6918822155855,
                        "y": 1042.8720816584728
                    },
                    {
                        "x": 963.8037778703247,
                        "y": 1046.7936684086471
                    },
                    {
                        "x": 956.9343621081161,
                        "y": 1050.7152635736481
                    },
                    {
                        "x": 953.4996036891033,
                        "y": 1054.1466446170778
                    },
                    {
                        "x": 949.5742569454945,
                        "y": 1058.558437073997
                    },
                    {
                        "x": 942.7047737994078,
                        "y": 1062.4800490686507
                    },
                    {
                        "x": 936.8167031460862,
                        "y": 1064.4408382363247
                    },
                    {
                        "x": 930.9285988008255,
                        "y": 1065.4212328201618
                    },
                    {
                        "x": 925.0405281475039,
                        "y": 1067.3820388174884
                    },
                    {
                        "x": 917.6804229848823,
                        "y": 1070.8134198609182
                    },
                    {
                        "x": 915.2270433666954,
                        "y": 1074.2448177340004
                    },
                    {
                        "x": 913.2643194569824,
                        "y": 1081.5978107720837
                    },
                    {
                        "x": 910.8109398387955,
                        "y": 1086.4998005209213
                    },
                    {
                        "x": 908.8482496210216,
                        "y": 1092.3821848535965
                    },
                    {
                        "x": 904.4321797850608,
                        "y": 1100.7155724755166
                    },
                    {
                        "x": 901.978800166874,
                        "y": 1107.0881541001102
                    },
                    {
                        "x": 899.0347648402133,
                        "y": 1116.8921504274383
                    },
                    {
                        "x": 896.5813852220264,
                        "y": 1121.7941401762764
                    },
                    {
                        "x": 891.1839702771786,
                        "y": 1129.1471163847068
                    },
                    {
                        "x": 887.7492455501047,
                        "y": 1133.0687115497078
                    },
                    {
                        "x": 883.823865114557,
                        "y": 1136.50010942279
                    },
                    {
                        "x": 880.3891403874832,
                        "y": 1136.9903067147086
                    },
                    {
                        "x": 878.9171058781833,
                        "y": 1138.9511127120354
                    },
                    {
                        "x": 877.4450713688833,
                        "y": 1144.3432997527918
                    },
                    {
                        "x": 876.4637262599964,
                        "y": 1148.2649117474452
                    },
                    {
                        "x": 875.4823811511095,
                        "y": 1152.1864900827934
                    },
                    {
                        "x": 871.5570007155617,
                        "y": 1151.2060786693037
                    },
                    {
                        "x": 870.0849662062616,
                        "y": 1147.774697625874
                    },
                    {
                        "x": 870.5756556066748,
                        "y": 1142.3824937554648
                    },
                    {
                        "x": 872.5383458244486,
                        "y": 1136.50010942279
                    },
                    {
                        "x": 874.5010360422225,
                        "y": 1134.0491061335447
                    },
                    {
                        "x": 880.8798297878961,
                        "y": 1131.107939211686
                    },
                    {
                        "x": 884.805210223444,
                        "y": 1128.16672180087
                    },
                    {
                        "x": 885.78658902427,
                        "y": 1123.7549461736032
                    },
                    {
                        "x": 888.7305906589917,
                        "y": 1116.8921504274383
                    },
                    {
                        "x": 891.1839702771786,
                        "y": 1110.0293546812738
                    },
                    {
                        "x": 896.0906958216133,
                        "y": 1099.7351778916795
                    },
                    {
                        "x": 898.5440754398002,
                        "y": 1093.3625794374334
                    },
                    {
                        "x": 900.997455057987,
                        "y": 1086.9900146424925
                    },
                    {
                        "x": 902.9601789676999,
                        "y": 1082.5782053559205
                    },
                    {
                        "x": 903.941490384648,
                        "y": 1077.1860183151641
                    },
                    {
                        "x": 898.0534534232652,
                        "y": 1073.754620442082
                    },
                    {
                        "x": 888.7305906589917,
                        "y": 1075.715409609756
                    },
                    {
                        "x": 883.3332094060831,
                        "y": 1078.6566101909198
                    },
                    {
                        "x": 878.9171058781833,
                        "y": 1082.5782053559205
                    },
                    {
                        "x": 874.9917254426355,
                        "y": 1086.009603229003
                    },
                    {
                        "x": 871.5570007155617,
                        "y": 1087.4801951047584
                    },
                    {
                        "x": 869.5942768058487,
                        "y": 1085.0291918155133
                    },
                    {
                        "x": 871.0663450070876,
                        "y": 1083.068402647839
                    },
                    {
                        "x": 874.5010360422225,
                        "y": 1079.1468074828383
                    },
                    {
                        "x": 879.4077952785962,
                        "y": 1074.7350318555716
                    },
                    {
                        "x": 886.7679004412178,
                        "y": 1070.3232225689997
                    },
                    {
                        "x": 890.2026251682915,
                        "y": 1068.852630693244
                    },
                    {
                        "x": 893.6373498953654,
                        "y": 1067.8722192797543
                    },
                    {
                        "x": 901.4881444584001,
                        "y": 1067.3820388174884
                    },
                    {
                        "x": 910.3202841303215,
                        "y": 1060.029062609058
                    },
                    {
                        "x": 921.6057697284909,
                        "y": 1053.6564473251592
                    },
                    {
                        "x": 935.3446686367862,
                        "y": 1045.8132569951574
                    },
                    {
                        "x": 947.1208773273077,
                        "y": 1038.9504780786456
                    },
                    {
                        "x": 956.4436727077032,
                        "y": 1031.5974850405626
                    },
                    {
                        "x": 964.7851229792117,
                        "y": 1024.7347061240505
                    },
                    {
                        "x": 968.7105371066986,
                        "y": 1020.8131193738759
                    },
                    {
                        "x": 976.0706422693202,
                        "y": 1016.401310087304
                    },
                    {
                        "x": 978.0333324870941,
                        "y": 1014.9307182115484
                    },
                    {
                        "x": 974.1079857434853,
                        "y": 1010.0287284627104
                    },
                    {
                        "x": 974.5986077600202,
                        "y": 1003.1659327165459
                    },
                    {
                        "x": 977.0519873782071,
                        "y": 993.36195321887
                    },
                    {
                        "x": 980.9774015056939,
                        "y": 985.0285740117762
                    },
                    {
                        "x": 983.9214705242938,
                        "y": 980.1265842629383
                    },
                    {
                        "x": 987.3561615594285,
                        "y": 974.1727915876498
                    },
                    {
                        "x": 990.7908862865024,
                        "y": 967.3099958414851
                    },
                    {
                        "x": 991.2815756869154,
                        "y": 964.85899255224
                    },
                    {
                        "x": 986.8654721590156,
                        "y": 961.9178088007287
                    },
                    {
                        "x": 979.996022704868,
                        "y": 958.4864109276465
                    },
                    {
                        "x": 974.1079857434853,
                        "y": 953.5844211788086
                    },
                    {
                        "x": 971.1638830329463,
                        "y": 947.702020016481
                    },
                    {
                        "x": 968.7105371066986,
                        "y": 942.3098498053772
                    },
                    {
                        "x": 968.2198477062857,
                        "y": 936.4274486430497
                    },
                    {
                        "x": 967.2385025973986,
                        "y": 933.4862480618859
                    },
                    {
                        "x": 968.2198477062857,
                        "y": 923.8916714536889
                    },
                    {
                        "x": 968.7105371066986,
                        "y": 914.5778724182791
                    },
                    {
                        "x": 969.2012265071116,
                        "y": 908.6954880856041
                    },
                    {
                        "x": 969.6918822155855,
                        "y": 904.2837124583374
                    },
                    {
                        "x": 971.6546061252984,
                        "y": 898.4013112960098
                    },
                    {
                        "x": 972.1452618337723,
                        "y": 893.9895188390904
                    },
                    {
                        "x": 967.7291919978117,
                        "y": 893.4993047175194
                    },
                    {
                        "x": 961.84112134449,
                        "y": 890.0679236740897
                    },
                    {
                        "x": 957.9156735250641,
                        "y": 885.6561312171702
                    },
                    {
                        "x": 956.9343621081161,
                        "y": 881.7345360521695
                    },
                    {
                        "x": 955.4623275988162,
                        "y": 879.2835327629242
                    },
                    {
                        "x": 955.9529833072902,
                        "y": 874.8717571356575
                    },
                    {
                        "x": 958.4063629254771,
                        "y": 868.499150266585
                    },
                    {
                        "x": 958.89705232589,
                        "y": 867.0285583908295
                    },
                    {
                        "x": 955.4623275988162,
                        "y": 864.0873578096657
                    },
                    {
                        "x": 952.0276365636814,
                        "y": 860.6559683514097
                    },
                    {
                        "x": 950.0649126539686,
                        "y": 856.7343816012352
                    },
                    {
                        "x": 946.1394985264816,
                        "y": 853.0221809108868
                    },
                    {
                        "x": 938.2887039634471,
                        "y": 848.6103884539675
                    },
                    {
                        "x": 930.9285988008255,
                        "y": 846.1593851647222
                    },
                    {
                        "x": 920.1338026030692,
                        "y": 842.7279872916399
                    },
                    {
                        "x": 911.3016292392085,
                        "y": 841.7476095374556
                    },
                    {
                        "x": 900.5067993495131,
                        "y": 840.7671981239657
                    },
                    {
                        "x": 892.1653153860655,
                        "y": 840.2770008320473
                    },
                    {
                        "x": 881.3704854963702,
                        "y": 838.8064089562916
                    },
                    {
                        "x": 870.0849662062616,
                        "y": 838.8064089562916
                    },
                    {
                        "x": 862.2341716432271,
                        "y": 837.3358002508835
                    },
                    {
                        "x": 851.9299974620056,
                        "y": 837.825997542802
                    },
                    {
                        "x": 842.60720208161,
                        "y": 837.3358002508835
                    },
                    {
                        "x": 831.3216827915018,
                        "y": 836.3554056670465
                    },
                    {
                        "x": 820.5268529018064,
                        "y": 833.4142050858827
                    },
                    {
                        "x": 811.2040238294718,
                        "y": 831.9436300397797
                    },
                    {
                        "x": 806.2972982850371,
                        "y": 830.9632186262901
                    },
                    {
                        "x": 800.8998833401893,
                        "y": 828.0220180451263
                    },
                    {
                        "x": 796.9744692127026,
                        "y": 824.5906370016967
                    },
                    {
                        "x": 794.0304338860417,
                        "y": 821.6494280057066
                    },
                    {
                        "x": 791.5770542678547,
                        "y": 818.708235839369
                    },
                    {
                        "x": 788.1423295407809,
                        "y": 816.7474382568686
                    },
                    {
                        "x": 785.6889667685635,
                        "y": 814.7866575040208
                    },
                    {
                        "x": 782.7449145959332,
                        "y": 810.8650455093674
                    },
                    {
                        "x": 789.1236746496679,
                        "y": 808.9042479268669
                    },
                    {
                        "x": 796.4838135042286,
                        "y": 811.8454485080307
                    },
                    {
                        "x": 811.2040238294718,
                        "y": 814.7866575040208
                    },
                    {
                        "x": 827.886958064428,
                        "y": 816.2572409649501
                    },
                    {
                        "x": 847.0232719175709,
                        "y": 817.7278328407057
                    },
                    {
                        "x": 863.706239844466,
                        "y": 818.708235839369
                    },
                    {
                        "x": 880.8798297878961,
                        "y": 817.7278328407057
                    },
                    {
                        "x": 905.9042142943608,
                        "y": 816.7474382568686
                    },
                    {
                        "x": 923.0778042377909,
                        "y": 819.6886472528587
                    },
                    {
                        "x": 940.2513941812209,
                        "y": 824.1004228801255
                    },
                    {
                        "x": 951.5369134713295,
                        "y": 829.0024126289634
                    },
                    {
                        "x": 954.9716381984033,
                        "y": 831.4534159182085
                    },
                    {
                        "x": 959.878397434777,
                        "y": 831.4534159182085
                    },
                    {
                        "x": 967.7291919978117,
                        "y": 826.0612288774522
                    },
                    {
                        "x": 977.5426767786201,
                        "y": 823.1200282962884
                    },
                    {
                        "x": 988.8281960687285,
                        "y": 820.6690334218695
                    },
                    {
                        "x": 986.8654721590156,
                        "y": 815.7670436730315
                    },
                    {
                        "x": 982.4494023230549,
                        "y": 812.8258430918678
                    },
                    {
                        "x": 979.505366996394,
                        "y": 810.3748482174489
                    },
                    {
                        "x": 975.5799528689072,
                        "y": 807.9238533430298
                    },
                    {
                        "x": 973.1266069426594,
                        "y": 805.9630557605295
                    },
                    {
                        "x": 967.7291919978117,
                        "y": 805.4728584686109
                    },
                    {
                        "x": 967.7291919978117,
                        "y": 809.3944536336118
                    },
                    {
                        "x": 969.2012265071116,
                        "y": 812.8258430918678
                    },
                    {
                        "x": 969.2012265071116,
                        "y": 818.2180385474505
                    },
                    {
                        "x": 965.2758123796247,
                        "y": 822.1396421272776
                    },
                    {
                        "x": 959.3877417263031,
                        "y": 822.6298310043697
                    },
                    {
                        "x": 954.4809824899293,
                        "y": 820.6690334218695
                    },
                    {
                        "x": 949.5742569454945,
                        "y": 816.2572409649501
                    },
                    {
                        "x": 947.1208773273077,
                        "y": 813.3160403837862
                    },
                    {
                        "x": 943.6861189082947,
                        "y": 811.3552512161123
                    },
                    {
                        "x": 940.742083581634,
                        "y": 810.3748482174489
                    },
                    {
                        "x": 938.77939336386,
                        "y": 805.4728584686109
                    },
                    {
                        "x": 942.2141517828729,
                        "y": 804.0022665928553
                    },
                    {
                        "x": 946.1394985264816,
                        "y": 804.9826695915186
                    },
                    {
                        "x": 949.5742569454945,
                        "y": 808.9042479268669
                    },
                    {
                        "x": 955.9529833072902,
                        "y": 811.8454485080307
                    },
                    {
                        "x": 954.9716381984033,
                        "y": 808.4140506349485
                    },
                    {
                        "x": 957.4250178165902,
                        "y": 804.9826695915186
                    },
                    {
                        "x": 950.0649126539686,
                        "y": 801.0610660116915
                    },
                    {
                        "x": 943.195463199821,
                        "y": 798.1198738453542
                    },
                    {
                        "x": 936.3260137456732,
                        "y": 796.1590762628537
                    },
                    {
                        "x": 931.9099439097124,
                        "y": 794.1982786803533
                    },
                    {
                        "x": 926.0218395644517,
                        "y": 793.2178756816899
                    },
                    {
                        "x": 921.115114020017,
                        "y": 792.2374810978529
                    },
                    {
                        "x": 917.6804229848823,
                        "y": 790.7668808072709
                    },
                    {
                        "x": 916.2083547836432,
                        "y": 787.3354913490149
                    },
                    {
                        "x": 918.1710450014172,
                        "y": 784.3942907678512
                    },
                    {
                        "x": 923.0778042377909,
                        "y": 785.864891058433
                    },
                    {
                        "x": 936.3260137456732,
                        "y": 789.2962889315154
                    },
                    {
                        "x": 945.1581534175948,
                        "y": 794.1982786803533
                    },
                    {
                        "x": 961.3503982521379,
                        "y": 796.1590762628537
                    },
                    {
                        "x": 962.8224327614378,
                        "y": 789.7864862234338
                    },
                    {
                        "x": 962.3317433610249,
                        "y": 787.3354913490149
                    },
                    {
                        "x": 960.5966684686856,
                        "y": 783.6232990734928
                    },
                    {
                        "x": 957.6525994500859,
                        "y": 780.1919012004106
                    },
                    {
                        "x": 958.1432888504987,
                        "y": 776.760520156981
                    },
                    {
                        "x": 960.5966684686856,
                        "y": 772.3487108704089
                    },
                    {
                        "x": 963.0500480868725,
                        "y": 765.9761208309892
                    },
                    {
                        "x": 968.9380850482552,
                        "y": 761.0741310821513
                    },
                    {
                        "x": 973.354154884216,
                        "y": 758.6231362077324
                    },
                    {
                        "x": 986.1117086836243,
                        "y": 753.7211380440682
                    },
                    {
                        "x": 996.4158828648457,
                        "y": 751.760348876394
                    },
                    {
                        "x": 1003.2852986270544,
                        "y": 748.3289510033118
                    },
                    {
                        "x": 999.8506075919195,
                        "y": 743.9171669612186
                    },
                    {
                        "x": 997.3972616656717,
                        "y": 737.5445685069726
                    },
                    {
                        "x": 993.4718138462459,
                        "y": 730.1915838837158
                    },
                    {
                        "x": 992.490502429298,
                        "y": 722.3483935537141
                    },
                    {
                        "x": 991.509123628472,
                        "y": 715.9758035142943
                    },
                    {
                        "x": 991.999813028885,
                        "y": 710.0934191816193
                    },
                    {
                        "x": 993.4718138462459,
                        "y": 705.1914210179552
                    },
                    {
                        "x": 994.1900848801545,
                        "y": 698.2572421736561
                    },
                    {
                        "x": 997.1341202068153,
                        "y": 692.3748410113284
                    },
                    {
                        "x": 999.5874998250023,
                        "y": 689.4336404301646
                    },
                    {
                        "x": 1005.9662935706759,
                        "y": 685.5120452651638
                    },
                    {
                        "x": 1011.3636748235846,
                        "y": 684.5316506813268
                    },
                    {
                        "x": 1018.7237799862062,
                        "y": 684.5316506813268
                    },
                    {
                        "x": 1025.1025737318798,
                        "y": 682.0806642217341
                    },
                    {
                        "x": 1025.5932631322928,
                        "y": 668.845286850976
                    },
                    {
                        "x": 1026.083918840767,
                        "y": 659.0413073533003
                    },
                    {
                        "x": 1027.0652639496539,
                        "y": 652.1785031923093
                    },
                    {
                        "x": 1029.0279541674277,
                        "y": 649.7275083178904
                    },
                    {
                        "x": 1030.9906443852017,
                        "y": 652.6687088990542
                    },
                    {
                        "x": 1031.4813337856144,
                        "y": 656.5903124788814
                    },
                    {
                        "x": 1030.9906443852017,
                        "y": 661.4923106425455
                    },
                    {
                        "x": 1030.5000223686668,
                        "y": 666.8844808536493
                    },
                    {
                        "x": 1030.5000223686668,
                        "y": 671.2962901402213
                    },
                    {
                        "x": 1030.5000223686668,
                        "y": 676.6884603513251
                    },
                    {
                        "x": 1030.9906443852017,
                        "y": 680.6100555163258
                    },
                    {
                        "x": 1031.4813337856144,
                        "y": 683.0610588055712
                    },
                    {
                        "x": 1036.8787487304623,
                        "y": 683.5512729271423
                    },
                    {
                        "x": 1044.7295432934968,
                        "y": 685.0218479732453
                    },
                    {
                        "x": 1056.505718292079,
                        "y": 688.9434431382462
                    },
                    {
                        "x": 1064.8472022555268,
                        "y": 689.4336404301646
                    },
                    {
                        "x": 1076.623377254109,
                        "y": 689.4336404301646
                    },
                    {
                        "x": 1086.9275514353308,
                        "y": 689.4336404301646
                    },
                    {
                        "x": 1093.3063114890654,
                        "y": 691.3944464274913
                    },
                    {
                        "x": 1098.2130370335,
                        "y": 694.8258274709211
                    },
                    {
                        "x": 1102.138451160987,
                        "y": 699.7278340494116
                    },
                    {
                        "x": 1105.0824864876477,
                        "y": 696.2964361763293
                    },
                    {
                        "x": 1105.0824864876477,
                        "y": 687.963048554409
                    },
                    {
                        "x": 1106.0638315965346,
                        "y": 680.1198582244074
                    },
                    {
                        "x": 1107.5358661058344,
                        "y": 667.3746781455678
                    },
                    {
                        "x": 1109.9892457240214,
                        "y": 657.5706986478921
                    },
                    {
                        "x": 1112.9332810506824,
                        "y": 649.2373278556245
                    },
                    {
                        "x": 1116.368039469695,
                        "y": 643.8451239852154
                    },
                    {
                        "x": 1119.80273050483,
                        "y": 637.9627312377143
                    },
                    {
                        "x": 1120.7840756137168,
                        "y": 636.0019420700401
                    },
                    {
                        "x": 1114.4053155599822,
                        "y": 632.5705441969578
                    },
                    {
                        "x": 1107.5358661058344,
                        "y": 627.6685460332936
                    },
                    {
                        "x": 1102.6291068694609,
                        "y": 622.2763589925372
                    },
                    {
                        "x": 1099.194415834326,
                        "y": 618.3547722423626
                    },
                    {
                        "x": 1096.2503468157263,
                        "y": 616.3939662450359
                    },
                    {
                        "x": 1093.7969671975393,
                        "y": 614.4331686625355
                    },
                    {
                        "x": 1091.8343106717043,
                        "y": 611.9821737881166
                    },
                    {
                        "x": 1096.741069908078,
                        "y": 606.0997894554416
                    },
                    {
                        "x": 1098.703726433913,
                        "y": 603.6487945810227
                    },
                    {
                        "x": 1096.2503468157263,
                        "y": 600.7075939998589
                    },
                    {
                        "x": 1091.8343106717043,
                        "y": 598.25659912544
                    },
                    {
                        "x": 1088.3995522526916,
                        "y": 595.3154069591025
                    },
                    {
                        "x": 1084.4742055090828,
                        "y": 593.8448150833469
                    },
                    {
                        "x": 1081.0394470900699,
                        "y": 592.3742063779387
                    },
                    {
                        "x": 1075.6420321452222,
                        "y": 592.8644120846835
                    },
                    {
                        "x": 1071.2259623092616,
                        "y": 591.8840090860202
                    },
                    {
                        "x": 1062.884478345814,
                        "y": 591.393820208928
                    },
                    {
                        "x": 1058.959097910266,
                        "y": 592.3742063779387
                    },
                    {
                        "x": 1054.5430280743053,
                        "y": 598.25659912544
                    },
                    {
                        "x": 1050.6176139468184,
                        "y": 603.6487945810227
                    },
                    {
                        "x": 1047.1829229116838,
                        "y": 607.5703813311973
                    },
                    {
                        "x": 1045.2202326939098,
                        "y": 609.5311789136977
                    },
                    {
                        "x": 1041.2948185664231,
                        "y": 611.4919764961982
                    },
                    {
                        "x": 1039.822784057123,
                        "y": 613.942971370617
                    },
                    {
                        "x": 1037.3694044389363,
                        "y": 620.8057671167816
                    },
                    {
                        "x": 1035.8974036215754,
                        "y": 622.7665562844556
                    },
                    {
                        "x": 1033.4440240033884,
                        "y": 625.2175511588747
                    },
                    {
                        "x": 1028.0466427504798,
                        "y": 629.1391463238755
                    },
                    {
                        "x": 1026.5745745492409,
                        "y": 633.0607414888764
                    },
                    {
                        "x": 1024.6118843314669,
                        "y": 636.9823450687035
                    },
                    {
                        "x": 1024.1211949310539,
                        "y": 638.9431258215513
                    },
                    {
                        "x": 1021.1771596043931,
                        "y": 643.8451239852154
                    },
                    {
                        "x": 1018.2331579696713,
                        "y": 643.3549182784706
                    },
                    {
                        "x": 1020.1958144955062,
                        "y": 637.9627312377143
                    },
                    {
                        "x": 1021.6678490048062,
                        "y": 633.0607414888764
                    },
                    {
                        "x": 1024.1211949310539,
                        "y": 628.1587517400384
                    },
                    {
                        "x": 1030.9906443852017,
                        "y": 622.7665562844556
                    },
                    {
                        "x": 1034.4253691122753,
                        "y": 617.8645665356178
                    },
                    {
                        "x": 1035.8974036215754,
                        "y": 614.4331686625355
                    },
                    {
                        "x": 1033.9347134038014,
                        "y": 611.9821737881166
                    },
                    {
                        "x": 1037.3694044389363,
                        "y": 610.0213762056161
                    },
                    {
                        "x": 1041.2948185664231,
                        "y": 606.5899867473602
                    },
                    {
                        "x": 1044.7295432934968,
                        "y": 601.1977997066036
                    },
                    {
                        "x": 1053.0709935650054,
                        "y": 593.3546093766022
                    },
                    {
                        "x": 1056.0150625836052,
                        "y": 586.4918304600901
                    },
                    {
                        "x": 1059.940476711092,
                        "y": 583.5506256715131
                    },
                    {
                        "x": 1064.3565128551138,
                        "y": 584.5310202553502
                    },
                    {
                        "x": 1072.6979631266224,
                        "y": 584.5310202553502
                    },
                    {
                        "x": 1079.5674462727093,
                        "y": 581.589836503839
                    },
                    {
                        "x": 1086.9275514353308,
                        "y": 584.5310202553502
                    },
                    {
                        "x": 1091.8343106717043,
                        "y": 586.4918304600901
                    },
                    {
                        "x": 1097.2316919246132,
                        "y": 589.9232115035197
                    },
                    {
                        "x": 1100.6664166516869,
                        "y": 591.393820208928
                    },
                    {
                        "x": 1101.6477954525128,
                        "y": 593.8448150833469
                    }
                ],
                "resin": 2,
                "browning": true
            }
        ],
        "object_id": "A_d13_A_2_1_22-10-04-09-56-1021"
    },
    "Metadata": {
        "Images": {
            "object_id": "A_d13_A_2_1_22-10-04-09-56-1021",
            "path": "1.Traning_원천데이터_꽃_미수정암꽃",
            "width": 2000,
            "height": 1500
        },
        "environment": {
            "area_id": "A",
            "hemp_id": "A_d13_A_2",
            "area_temp": 26.8,
            "area_hum": 78.4,
            "area_co2": 329,
            "area_Illum": 713,
            "water_temp": 24.7,
            "water_ec": 3.3,
            "water_ph": 4.5
        },
        "Growth Info": {
            "period": 95,
            "length": 100.8,
            "node_number": 25,
            "node_length": 4,
            "root_round": 15.9
        }
    }
}