{
    "annotations": {
        "label": {
            "category": 1
        },
        "polygon": [
            {
                "type": "POLYGON",
                "vertices": [
                    {
                        "x": 900.130357266732,
                        "y": 572.708191262574
                    },
                    {
                        "x": 901.9474693348803,
                        "y": 579.0721155956345
                    },
                    {
                        "x": 901.9474693348803,
                        "y": 583.1606594602913
                    },
                    {
                        "x": 900.130357266732,
                        "y": 585.8863692738367
                    },
                    {
                        "x": 895.5875214812638,
                        "y": 590.4292050593049
                    },
                    {
                        "x": 890.1361018541729,
                        "y": 595.8806107826215
                    },
                    {
                        "x": 888.7732538992873,
                        "y": 600.4234465680896
                    },
                    {
                        "x": 887.4104059444018,
                        "y": 604.5120043365206
                    },
                    {
                        "x": 887.4104059444018,
                        "y": 608.6005621049516
                    },
                    {
                        "x": 887.8646978652131,
                        "y": 614.0519678282682
                    },
                    {
                        "x": 890.1361018541729,
                        "y": 619.0490816307735
                    },
                    {
                        "x": 925.5702321038438,
                        "y": 648.5775281400905
                    },
                    {
                        "x": 935.1101955955914,
                        "y": 657.6632275185754
                    },
                    {
                        "x": 942.3787550983793,
                        "y": 666.7488990895116
                    },
                    {
                        "x": 948.7387307595444,
                        "y": 674.9259868188251
                    },
                    {
                        "x": 953.7358306582753,
                        "y": 680.8316983667273
                    },
                    {
                        "x": 956.0072624547837,
                        "y": 687.6459381411553
                    },
                    {
                        "x": 957.3701104096692,
                        "y": 694.914497643943
                    },
                    {
                        "x": 958.2786664437434,
                        "y": 699.911597542674
                    },
                    {
                        "x": 958.7329583645549,
                        "y": 704.9087252489535
                    },
                    {
                        "x": 960.0958063194404,
                        "y": 710.3601448760444
                    },
                    {
                        "x": 970.5443536528107,
                        "y": 705.3630171697649
                    },
                    {
                        "x": 976.4500373931645,
                        "y": 704.9087252489535
                    },
                    {
                        "x": 971.4529096868849,
                        "y": 709.4515610344216
                    },
                    {
                        "x": 963.7300860708343,
                        "y": 714.4486887407012
                    },
                    {
                        "x": 966.0014900597942,
                        "y": 718.5372604129064
                    },
                    {
                        "x": 970.5443536528107,
                        "y": 723.0800961983746
                    },
                    {
                        "x": 974.1786055966561,
                        "y": 723.9886522324488
                    },
                    {
                        "x": 978.7214413821242,
                        "y": 724.4429441532602
                    },
                    {
                        "x": 982.8100130543296,
                        "y": 729.8943359728025
                    },
                    {
                        "x": 982.8100130543296,
                        "y": 735.3457555998934
                    },
                    {
                        "x": 980.9928731786326,
                        "y": 739.4342994645501
                    },
                    {
                        "x": 980.0842893370099,
                        "y": 747.6114150014122
                    },
                    {
                        "x": 979.630025223747,
                        "y": 753.5170987417658
                    },
                    {
                        "x": 976.4500373931645,
                        "y": 758.9685183688567
                    },
                    {
                        "x": 973.7243414833933,
                        "y": 765.3284940300218
                    },
                    {
                        "x": 971.9072016076964,
                        "y": 771.2341777703756
                    },
                    {
                        "x": 969.1814778903766,
                        "y": 776.231305476655
                    },
                    {
                        "x": 966.9100739014168,
                        "y": 781.6826972961974
                    },
                    {
                        "x": 966.0014900597942,
                        "y": 786.2255330816655
                    },
                    {
                        "x": 969.1713837502497,
                        "y": 792.3070606360881
                    },
                    {
                        "x": 970.2616509911387,
                        "y": 799.3938811245125
                    },
                    {
                        "x": 971.351951601086,
                        "y": 800.4841817344598
                    },
                    {
                        "x": 978.4387720895106,
                        "y": 798.8487641885971
                    },
                    {
                        "x": 986.0707428829086,
                        "y": 797.7584635786498
                    },
                    {
                        "x": 994.7929809171957,
                        "y": 795.0327787918981
                    },
                    {
                        "x": 999.1541166188686,
                        "y": 791.7619103311143
                    },
                    {
                        "x": 1010.0569225039919,
                        "y": 779.2236869001282
                    },
                    {
                        "x": 1025.8660143957618,
                        "y": 769.4111482558937
                    },
                    {
                        "x": 1038.9493881317217,
                        "y": 767.775730710031
                    },
                    {
                        "x": 1047.126475861035,
                        "y": 761.7791941470248
                    },
                    {
                        "x": 1053.1230291085706,
                        "y": 756.8729248249075
                    },
                    {
                        "x": 1059.1195823561059,
                        "y": 753.602073048653
                    },
                    {
                        "x": 1065.6612525395567,
                        "y": 751.9666555027903
                    },
                    {
                        "x": 1072.2029560920657,
                        "y": 745.4249686348104
                    },
                    {
                        "x": 1075.4737911837913,
                        "y": 749.786087651954
                    },
                    {
                        "x": 1073.2932233329548,
                        "y": 755.7826408994894
                    },
                    {
                        "x": 1070.567538546203,
                        "y": 758.5083423707703
                    },
                    {
                        "x": 1063.4806846887204,
                        "y": 759.5986262961884
                    },
                    {
                        "x": 1058.5744320511324,
                        "y": 762.3243277674693
                    },
                    {
                        "x": 1054.758446654433,
                        "y": 766.1403131641683
                    },
                    {
                        "x": 1050.3973109527606,
                        "y": 770.501448865841
                    },
                    {
                        "x": 1048.2167764709825,
                        "y": 774.8625511984554
                    },
                    {
                        "x": 1042.220223223447,
                        "y": 778.1334196592392
                    },
                    {
                        "x": 1035.1334027350226,
                        "y": 780.3139541410172
                    },
                    {
                        "x": 1029.6819664234026,
                        "y": 780.8591044459909
                    },
                    {
                        "x": 1025.320864090788,
                        "y": 782.4945219918536
                    },
                    {
                        "x": 1020.9597283891154,
                        "y": 783.5848226018009
                    },
                    {
                        "x": 1017.1437429924164,
                        "y": 785.7653904526372
                    },
                    {
                        "x": 1013.872907900691,
                        "y": 788.4910752393889
                    },
                    {
                        "x": 1011.1471897448811,
                        "y": 790.1264927852517
                    },
                    {
                        "x": 1008.9666552631029,
                        "y": 793.9424781819507
                    },
                    {
                        "x": 1010.0569225039919,
                        "y": 797.2133132736761
                    },
                    {
                        "x": 1013.872907900691,
                        "y": 796.1230460327871
                    },
                    {
                        "x": 1020.9597283891154,
                        "y": 792.8522109410617
                    },
                    {
                        "x": 1029.136849487487,
                        "y": 793.9424781819507
                    },
                    {
                        "x": 1035.1334027350226,
                        "y": 797.2133132736761
                    },
                    {
                        "x": 1038.9493881317217,
                        "y": 797.2133132736761
                    },
                    {
                        "x": 1042.7653735284207,
                        "y": 799.3938811245125
                    },
                    {
                        "x": 1052.0327618676815,
                        "y": 795.0327787918981
                    },
                    {
                        "x": 1059.1195823561059,
                        "y": 793.3973278769771
                    },
                    {
                        "x": 1068.3869706953667,
                        "y": 793.9424781819507
                    },
                    {
                        "x": 1084.7411795230519,
                        "y": 791.7619103311143
                    },
                    {
                        "x": 1106.0016743573835,
                        "y": 786.8556576935263
                    },
                    {
                        "x": 1110.9079269949716,
                        "y": 781.9494050559382
                    },
                    {
                        "x": 1115.814213001618,
                        "y": 778.6785365951545
                    },
                    {
                        "x": 1119.0850480933434,
                        "y": 776.4979687443182
                    },
                    {
                        "x": 1122.3558831850687,
                        "y": 777.0431190492918
                    },
                    {
                        "x": 1128.3524364326042,
                        "y": 777.0431190492918
                    },
                    {
                        "x": 1135.9844072260023,
                        "y": 778.6785365951545
                    },
                    {
                        "x": 1146.3420961752104,
                        "y": 773.7722839575664
                    },
                    {
                        "x": 1152.8837663586612,
                        "y": 767.775730710031
                    },
                    {
                        "x": 1157.7900189962493,
                        "y": 763.959745313332
                    },
                    {
                        "x": 1161.6060377620067,
                        "y": 759.0534926757439
                    },
                    {
                        "x": 1166.5122903995948,
                        "y": 753.602073048653
                    },
                    {
                        "x": 1173.0539605830456,
                        "y": 756.3277745199339
                    },
                    {
                        "x": 1183.956766468169,
                        "y": 762.3243277674693
                    },
                    {
                        "x": 1193.7692717433451,
                        "y": 767.775730710031
                    },
                    {
                        "x": 1198.130407445018,
                        "y": 771.0465658017564
                    },
                    {
                        "x": 1201.9464262107751,
                        "y": 775.4077015034292
                    },
                    {
                        "x": 1214.4846496417615,
                        "y": 773.7722839575664
                    },
                    {
                        "x": 1236.2902614120085,
                        "y": 777.0431190492918
                    },
                    {
                        "x": 1246.6479503612165,
                        "y": 778.1334196592392
                    },
                    {
                        "x": 1251.0090860628893,
                        "y": 781.9494050559382
                    },
                    {
                        "x": 1253.7347374805827,
                        "y": 784.6750898426899
                    },
                    {
                        "x": 1260.2764744021501,
                        "y": 786.3105073885527
                    },
                    {
                        "x": 1255.9153387004774,
                        "y": 789.0362255443627
                    },
                    {
                        "x": 1252.09931993472,
                        "y": 790.1264927852517
                    },
                    {
                        "x": 1250.4639023888574,
                        "y": 792.8522109410617
                    },
                    {
                        "x": 1238.470862631903,
                        "y": 798.8487641885971
                    },
                    {
                        "x": 1228.6582906186104,
                        "y": 802.1195992803225
                    },
                    {
                        "x": 1221.571503499244,
                        "y": 802.6647495852961
                    },
                    {
                        "x": 1213.939532705846,
                        "y": 803.7550168261852
                    },
                    {
                        "x": 1204.6721443665851,
                        "y": 803.2098665212116
                    },
                    {
                        "x": 1198.130407445018,
                        "y": 804.8452840670742
                    },
                    {
                        "x": 1191.588737261567,
                        "y": 807.5710022228842
                    },
                    {
                        "x": 1185.5921840140318,
                        "y": 808.1161525278579
                    },
                    {
                        "x": 1179.5956307664962,
                        "y": 810.296687009636
                    },
                    {
                        "x": 1175.2344950648237,
                        "y": 810.8418373146096
                    },
                    {
                        "x": 1169.2379418172882,
                        "y": 812.4772548604723
                    },
                    {
                        "x": 1163.2414553078693,
                        "y": 814.112672406335
                    },
                    {
                        "x": 1161.0608540879748,
                        "y": 815.2029730162824
                    },
                    {
                        "x": 1160.5157371520593,
                        "y": 823.3800607455959
                    },
                    {
                        "x": 1168.6928248813729,
                        "y": 821.1995262638177
                    },
                    {
                        "x": 1170.3282424272354,
                        "y": 826.1057789014059
                    },
                    {
                        "x": 1170.8734261012673,
                        "y": 830.4669146030785
                    },
                    {
                        "x": 1170.8734261012673,
                        "y": 833.1925993898303
                    },
                    {
                        "x": 1180.6859313764437,
                        "y": 838.644002332392
                    },
                    {
                        "x": 1195.9498729632398,
                        "y": 838.644002332392
                    },
                    {
                        "x": 1208.6607812707787,
                        "y": 835.4914299639339
                    },
                    {
                        "x": 1215.9293407735663,
                        "y": 837.762847856668
                    },
                    {
                        "x": 1221.8350523214688,
                        "y": 839.1256958115536
                    },
                    {
                        "x": 1227.7407082542738,
                        "y": 840.9428356872505
                    },
                    {
                        "x": 1233.646419802176,
                        "y": 842.3056836421362
                    },
                    {
                        "x": 1238.1892277800957,
                        "y": 845.93996339353
                    },
                    {
                        "x": 1242.2778272598496,
                        "y": 849.5742292411496
                    },
                    {
                        "x": 1245.0035231696206,
                        "y": 853.2084950887693
                    },
                    {
                        "x": 1247.729219079392,
                        "y": 855.9341909985404
                    },
                    {
                        "x": 1251.8177629440486,
                        "y": 857.2970667609746
                    },
                    {
                        "x": 1254.9977785821798,
                        "y": 858.6599147158602
                    },
                    {
                        "x": 1255.4520426954425,
                        "y": 860.93131870482
                    },
                    {
                        "x": 1258.1777386052136,
                        "y": 863.2027505013283
                    },
                    {
                        "x": 1258.6320027184765,
                        "y": 866.3827383319109
                    },
                    {
                        "x": 1254.9977785821798,
                        "y": 867.2912943659851
                    },
                    {
                        "x": 1251.3634988307858,
                        "y": 865.4741544902881
                    },
                    {
                        "x": 1248.6378029210146,
                        "y": 864.1113065354025
                    },
                    {
                        "x": 1247.274954966129,
                        "y": 861.3856106256313
                    },
                    {
                        "x": 1245.4577872828836,
                        "y": 859.114178829123
                    },
                    {
                        "x": 1240.460659576604,
                        "y": 858.6599147158602
                    },
                    {
                        "x": 1233.1921556889133,
                        "y": 859.114178829123
                    },
                    {
                        "x": 1228.1950279826337,
                        "y": 859.5684707499344
                    },
                    {
                        "x": 1224.5607482312398,
                        "y": 861.3856106256313
                    },
                    {
                        "x": 1221.3807325931086,
                        "y": 863.6570146145912
                    },
                    {
                        "x": 1219.5636205249602,
                        "y": 864.5655984562139
                    },
                    {
                        "x": 1216.8379246151892,
                        "y": 867.2912943659851
                    },
                    {
                        "x": 1220.0178846382232,
                        "y": 868.6541423208706
                    },
                    {
                        "x": 1223.1979002763542,
                        "y": 871.8341301514532
                    },
                    {
                        "x": 1225.0150123445026,
                        "y": 872.2884220722646
                    },
                    {
                        "x": 1225.4692764577655,
                        "y": 875.0141179820357
                    },
                    {
                        "x": 1224.10642850288,
                        "y": 876.8312578577327
                    },
                    {
                        "x": 1220.9264684798459,
                        "y": 875.9227018236585
                    },
                    {
                        "x": 1218.6550366833376,
                        "y": 879.1026896542411
                    },
                    {
                        "x": 1215.9293407735663,
                        "y": 880.4655376091266
                    },
                    {
                        "x": 1214.566492818681,
                        "y": 882.2826774848236
                    },
                    {
                        "x": 1211.8407969089096,
                        "y": 883.6455254397092
                    },
                    {
                        "x": 1209.1151009991386,
                        "y": 883.6455254397092
                    },
                    {
                        "x": 1207.752253044253,
                        "y": 882.2826774848236
                    },
                    {
                        "x": 1206.3894050893673,
                        "y": 880.0112456883153
                    },
                    {
                        "x": 1206.8436692026303,
                        "y": 875.9227018236585
                    },
                    {
                        "x": 1207.752253044253,
                        "y": 874.1055619479615
                    },
                    {
                        "x": 1203.663653564499,
                        "y": 872.742713993076
                    },
                    {
                        "x": 1188.2180341399462,
                        "y": 868.6541423208706
                    },
                    {
                        "x": 1181.8580584787812,
                        "y": 867.2912943659851
                    },
                    {
                        "x": 1175.498082817616,
                        "y": 867.2912943659851
                    },
                    {
                        "x": 1170.5009551113367,
                        "y": 868.6541423208706
                    },
                    {
                        "x": 1167.320967280754,
                        "y": 870.0169902757563
                    },
                    {
                        "x": 1165.9581193258684,
                        "y": 872.742713993076
                    },
                    {
                        "x": 1163.6867153369087,
                        "y": 877.2855497785441
                    },
                    {
                        "x": 1160.960991619589,
                        "y": 881.3740936432008
                    },
                    {
                        "x": 1158.6895876306291,
                        "y": 885.4626653154062
                    },
                    {
                        "x": 1155.963891720858,
                        "y": 888.6426253384401
                    },
                    {
                        "x": 1152.3296119694642,
                        "y": 893.6397530447197
                    },
                    {
                        "x": 1147.786776183996,
                        "y": 900.9083125475074
                    },
                    {
                        "x": 1144.152496432602,
                        "y": 905.4511483329755
                    },
                    {
                        "x": 1139.609660647134,
                        "y": 909.9939841184437
                    },
                    {
                        "x": 1134.6125329408544,
                        "y": 915.445375937986
                    },
                    {
                        "x": 1130.0696971553864,
                        "y": 919.5339476101914
                    },
                    {
                        "x": 1123.7097214942212,
                        "y": 924.0767833956595
                    },
                    {
                        "x": 1118.7125937879418,
                        "y": 928.1653272603162
                    },
                    {
                        "x": 1114.624049923285,
                        "y": 930.4367590568246
                    },
                    {
                        "x": 1108.7183661829313,
                        "y": 932.7081630457843
                    },
                    {
                        "x": 1105.0840864315373,
                        "y": 934.9795948422927
                    },
                    {
                        "x": 1100.5412506460693,
                        "y": 937.2509988312524
                    },
                    {
                        "x": 1095.998414860601,
                        "y": 939.0681387069494
                    },
                    {
                        "x": 1091.455579075133,
                        "y": 939.5224306277609
                    },
                    {
                        "x": 1092.3641351092072,
                        "y": 941.7938346167206
                    },
                    {
                        "x": 1097.815554736298,
                        "y": 946.790962323
                    },
                    {
                        "x": 1099.632694611995,
                        "y": 950.425242074394
                    },
                    {
                        "x": 1102.3583905217663,
                        "y": 953.1509379841651
                    },
                    {
                        "x": 1106.769724410098,
                        "y": 956.2711534891198
                    },
                    {
                        "x": 1111.312560195566,
                        "y": 957.1797234269683
                    },
                    {
                        "x": 1119.4896757324282,
                        "y": 957.6340153477796
                    },
                    {
                        "x": 1129.0296392241758,
                        "y": 958.5425713818538
                    },
                    {
                        "x": 1137.6610188743007,
                        "y": 959.9054332405136
                    },
                    {
                        "x": 1146.746690445237,
                        "y": 961.7225592124364
                    },
                    {
                        "x": 1152.6523741855906,
                        "y": 964.4482690259817
                    },
                    {
                        "x": 1156.7409180502473,
                        "y": 966.7196869187159
                    },
                    {
                        "x": 1159.0123498467556,
                        "y": 968.9911048114499
                    },
                    {
                        "x": 1161.283781643264,
                        "y": 972.1710926420325
                    },
                    {
                        "x": 1168.0980214176918,
                        "y": 972.1710926420325
                    },
                    {
                        "x": 1173.5494688523313,
                        "y": 973.533940596918
                    },
                    {
                        "x": 1176.7294288753653,
                        "y": 977.1682203483119
                    },
                    {
                        "x": 1179.4551247851364,
                        "y": 981.2567642129687
                    },
                    {
                        "x": 1177.183692988628,
                        "y": 983.0739040886657
                    },
                    {
                        "x": 1174.912316807217,
                        "y": 979.439638241046
                    },
                    {
                        "x": 1172.6408850107086,
                        "y": 976.7139284275006
                    },
                    {
                        "x": 1167.643757304429,
                        "y": 978.9853463202346
                    },
                    {
                        "x": 1163.5552134397724,
                        "y": 978.9853463202346
                    },
                    {
                        "x": 1161.283781643264,
                        "y": 981.2567642129687
                    },
                    {
                        "x": 1160.3751978016412,
                        "y": 983.9824740265142
                    },
                    {
                        "x": 1165.3723255079208,
                        "y": 988.0710317949452
                    },
                    {
                        "x": 1171.278037055823,
                        "y": 993.0681455974504
                    },
                    {
                        "x": 1177.183692988628,
                        "y": 996.7024253488444
                    },
                    {
                        "x": 1182.6351404232676,
                        "y": 999.8824131794269
                    },
                    {
                        "x": 1186.2693645595643,
                        "y": 1004.425248964895
                    },
                    {
                        "x": 1188.5407963560726,
                        "y": 1009.8766407844373
                    },
                    {
                        "x": 1191.7208119942038,
                        "y": 1016.2366164456024
                    },
                    {
                        "x": 1194.9007720172378,
                        "y": 1019.8708961969963
                    },
                    {
                        "x": 1197.626467927009,
                        "y": 1024.4137319824645
                    },
                    {
                        "x": 1199.4436356102544,
                        "y": 1027.593719813047
                    },
                    {
                        "x": 1200.3521638367802,
                        "y": 1030.7737076436295
                    },
                    {
                        "x": 1199.8978997235174,
                        "y": 1034.4079873950234
                    },
                    {
                        "x": 1197.1722038137461,
                        "y": 1030.3194157228181
                    },
                    {
                        "x": 1194.446507903975,
                        "y": 1025.77657993735
                    },
                    {
                        "x": 1191.7208119942038,
                        "y": 1021.6880360726933
                    },
                    {
                        "x": 1188.9951160844328,
                        "y": 1018.5080482421107
                    },
                    {
                        "x": 1186.2693645595643,
                        "y": 1015.7823523323395
                    },
                    {
                        "x": 1183.0894045365303,
                        "y": 1015.3280604115282
                    },
                    {
                        "x": 1183.5436686497933,
                        "y": 1018.0537563212994
                    },
                    {
                        "x": 1185.8151004463016,
                        "y": 1021.6880360726933
                    },
                    {
                        "x": 1189.4493801976955,
                        "y": 1025.3222880165386
                    },
                    {
                        "x": 1191.7208119942038,
                        "y": 1028.0480117338584
                    },
                    {
                        "x": 1193.5379240623522,
                        "y": 1030.3194157228181
                    },
                    {
                        "x": 1193.992188175615,
                        "y": 1033.045139440138
                    },
                    {
                        "x": 1193.0836599490895,
                        "y": 1035.770835349909
                    },
                    {
                        "x": 1191.266492265844,
                        "y": 1034.4079873950234
                    },
                    {
                        "x": 1188.9951160844328,
                        "y": 1031.227999564441
                    },
                    {
                        "x": 1186.7236842879242,
                        "y": 1028.9565677679325
                    },
                    {
                        "x": 1183.5436686497933,
                        "y": 1024.8680239032758
                    },
                    {
                        "x": 1182.1808206949077,
                        "y": 1023.0508840275788
                    },
                    {
                        "x": 1179.0008606718736,
                        "y": 1020.7794522310705
                    },
                    {
                        "x": 1176.2751647621026,
                        "y": 1019.4166042761849
                    },
                    {
                        "x": 1174.457997078857,
                        "y": 1018.5080482421107
                    },
                    {
                        "x": 1169.9151891009374,
                        "y": 1017.1452002872252
                    },
                    {
                        "x": 1165.3723255079208,
                        "y": 1016.6909083664137
                    },
                    {
                        "x": 1163.1008937114125,
                        "y": 1022.5965921067675
                    },
                    {
                        "x": 1167.643757304429,
                        "y": 1023.5051759483903
                    },
                    {
                        "x": 1171.7323011690858,
                        "y": 1023.959440061653
                    },
                    {
                        "x": 1174.457997078857,
                        "y": 1025.77657993735
                    },
                    {
                        "x": 1176.2751647621026,
                        "y": 1028.5022758471212
                    },
                    {
                        "x": 1172.1865652823487,
                        "y": 1030.3194157228181
                    },
                    {
                        "x": 1168.0980214176918,
                        "y": 1029.8651516095554
                    },
                    {
                        "x": 1164.9180613946578,
                        "y": 1030.7737076436295
                    },
                    {
                        "x": 1161.283781643264,
                        "y": 1030.7737076436295
                    },
                    {
                        "x": 1160.829517530001,
                        "y": 1033.953695474212
                    },
                    {
                        "x": 1161.283781643264,
                        "y": 1037.587975225606
                    },
                    {
                        "x": 1161.283781643264,
                        "y": 1040.7679630561886
                    },
                    {
                        "x": 1161.283781643264,
                        "y": 1043.4936589659596
                    },
                    {
                        "x": 1161.283781643264,
                        "y": 1045.7650629549196
                    },
                    {
                        "x": 1159.0123498467556,
                        "y": 1047.5822028306166
                    },
                    {
                        "x": 1157.1952377786072,
                        "y": 1048.0364947514279
                    },
                    {
                        "x": 1154.9238059820989,
                        "y": 1044.8565069208453
                    },
                    {
                        "x": 1154.469486253739,
                        "y": 1042.1308110110742
                    },
                    {
                        "x": 1155.3781257104588,
                        "y": 1039.4050872937544
                    },
                    {
                        "x": 1155.8323898237218,
                        "y": 1036.6793913839833
                    },
                    {
                        "x": 1154.469486253739,
                        "y": 1031.6822636777038
                    },
                    {
                        "x": 1153.5609580272132,
                        "y": 1029.410859688744
                    },
                    {
                        "x": 1152.6523741855906,
                        "y": 1025.77657993735
                    },
                    {
                        "x": 1151.7438181515163,
                        "y": 1021.6880360726933
                    },
                    {
                        "x": 1150.8352621174422,
                        "y": 1019.4166042761849
                    },
                    {
                        "x": 1150.3809701966309,
                        "y": 1015.3280604115282
                    },
                    {
                        "x": 1149.9266782758193,
                        "y": 1013.5109205358312
                    },
                    {
                        "x": 1140.3867147840717,
                        "y": 1007.1509448746662
                    },
                    {
                        "x": 1135.8438789986037,
                        "y": 1003.9709570440837
                    },
                    {
                        "x": 1133.1181830888324,
                        "y": 1000.3366772926897
                    },
                    {
                        "x": 1129.4839033374385,
                        "y": 997.6109813829186
                    },
                    {
                        "x": 1127.2124993484788,
                        "y": 993.5224375182618
                    },
                    {
                        "x": 1124.4867756311592,
                        "y": 988.5253098119823
                    },
                    {
                        "x": 1121.761079721388,
                        "y": 985.3453219813997
                    },
                    {
                        "x": 1119.4896757324282,
                        "y": 983.0739040886657
                    },
                    {
                        "x": 1114.94683994696,
                        "y": 981.2567642129687
                    },
                    {
                        "x": 1109.9497122406806,
                        "y": 979.8939162580831
                    },
                    {
                        "x": 1106.769724410098,
                        "y": 981.7110561337801
                    },
                    {
                        "x": 1110.8582682747547,
                        "y": 982.6196260716285
                    },
                    {
                        "x": 1112.6754081504516,
                        "y": 984.4367520435512
                    },
                    {
                        "x": 1114.0382561053373,
                        "y": 986.2538919192482
                    },
                    {
                        "x": 1113.129700071263,
                        "y": 988.5253098119823
                    },
                    {
                        "x": 1117.6725358567312,
                        "y": 988.5253098119823
                    },
                    {
                        "x": 1120.3982317665022,
                        "y": 988.9795878290194
                    },
                    {
                        "x": 1121.3068156081251,
                        "y": 991.2510196255278
                    },
                    {
                        "x": 1118.5810918908053,
                        "y": 993.0681455974504
                    },
                    {
                        "x": 1113.129700071263,
                        "y": 993.9767294390732
                    },
                    {
                        "x": 1111.312560195566,
                        "y": 994.8852854731474
                    },
                    {
                        "x": 1107.678280444172,
                        "y": 994.430993552336
                    },
                    {
                        "x": 1104.0440285003267,
                        "y": 991.7052976425648
                    },
                    {
                        "x": 1100.8640406697443,
                        "y": 989.4338797498308
                    },
                    {
                        "x": 1095.8669129634648,
                        "y": 988.0710317949452
                    },
                    {
                        "x": 1092.6869251328822,
                        "y": 983.9824740265142
                    },
                    {
                        "x": 1089.5069373022995,
                        "y": 981.2567642129687
                    },
                    {
                        "x": 1085.8726575509056,
                        "y": 978.5310683031976
                    },
                    {
                        "x": 1083.1469616411346,
                        "y": 975.351080472615
                    },
                    {
                        "x": 1079.966973810552,
                        "y": 974.4425105347665
                    },
                    {
                        "x": 1076.7869859799694,
                        "y": 972.6253706590695
                    },
                    {
                        "x": 1073.606998149387,
                        "y": 971.262522704184
                    },
                    {
                        "x": 1070.8813022396157,
                        "y": 968.9911048114499
                    },
                    {
                        "x": 1069.0641623639187,
                        "y": 969.4453967322613
                    },
                    {
                        "x": 1067.2470224882218,
                        "y": 974.4425105347665
                    },
                    {
                        "x": 1068.1556063298447,
                        "y": 977.1682203483119
                    },
                    {
                        "x": 1066.7927305674104,
                        "y": 982.1653341508172
                    },
                    {
                        "x": 1067.7013144090333,
                        "y": 986.2538919192482
                    },
                    {
                        "x": 1068.6098704431074,
                        "y": 990.7967277047163
                    },
                    {
                        "x": 1068.1556063298447,
                        "y": 994.430993552336
                    },
                    {
                        "x": 1065.8841745333364,
                        "y": 996.7024253488444
                    },
                    {
                        "x": 1063.6127427368278,
                        "y": 998.9738293378041
                    },
                    {
                        "x": 1062.2498947819424,
                        "y": 1002.1538171683867
                    },
                    {
                        "x": 1061.3413387478681,
                        "y": 1005.7880969197806
                    },
                    {
                        "x": 1061.7956306686795,
                        "y": 1009.8766407844373
                    },
                    {
                        "x": 1063.6127427368278,
                        "y": 1015.3280604115282
                    },
                    {
                        "x": 1066.7927305674104,
                        "y": 1022.1423279935046
                    },
                    {
                        "x": 1069.0641623639187,
                        "y": 1027.593719813047
                    },
                    {
                        "x": 1071.78985827369,
                        "y": 1033.045139440138
                    },
                    {
                        "x": 1074.9698461042726,
                        "y": 1037.587975225606
                    },
                    {
                        "x": 1077.241277900781,
                        "y": 1043.0393670451483
                    },
                    {
                        "x": 1080.8755298446263,
                        "y": 1048.945050785502
                    },
                    {
                        "x": 1083.601253561946,
                        "y": 1052.579330536896
                    },
                    {
                        "x": 1084.0555176752086,
                        "y": 1056.6678744015528
                    },
                    {
                        "x": 1084.9641015168315,
                        "y": 1060.3021541529465
                    },
                    {
                        "x": 1084.9641015168315,
                        "y": 1063.9364339043404
                    },
                    {
                        "x": 1085.8726575509056,
                        "y": 1067.116421734923
                    },
                    {
                        "x": 1086.7812413925285,
                        "y": 1068.4792696898087
                    },
                    {
                        "x": 1087.2355055057913,
                        "y": 1072.113521633654
                    },
                    {
                        "x": 1085.4183934376429,
                        "y": 1074.8392453509737
                    },
                    {
                        "x": 1083.601253561946,
                        "y": 1071.6592575203913
                    },
                    {
                        "x": 1081.3298217654376,
                        "y": 1066.6621298141117
                    },
                    {
                        "x": 1080.8755298446263,
                        "y": 1063.0278500627178
                    },
                    {
                        "x": 1079.5126818897406,
                        "y": 1057.1221663223641
                    },
                    {
                        "x": 1077.6955420140437,
                        "y": 1052.1250386160846
                    },
                    {
                        "x": 1074.9698461042726,
                        "y": 1047.5822028306166
                    },
                    {
                        "x": 1071.335594160427,
                        "y": 1043.0393670451483
                    },
                    {
                        "x": 1067.7013144090333,
                        "y": 1037.587975225606
                    },
                    {
                        "x": 1063.6127427368278,
                        "y": 1029.8651516095554
                    },
                    {
                        "x": 1060.8870468270568,
                        "y": 1024.4137319824645
                    },
                    {
                        "x": 1058.1613509172855,
                        "y": 1019.8708961969963
                    },
                    {
                        "x": 1055.8899191207772,
                        "y": 1014.4194765699054
                    },
                    {
                        "x": 1054.0728070526288,
                        "y": 1008.5137928295518
                    },
                    {
                        "x": 1044.07855164007,
                        "y": 1005.7880969197806
                    },
                    {
                        "x": 1036.8100199448306,
                        "y": 1004.425248964895
                    },
                    {
                        "x": 1031.812892238551,
                        "y": 1003.9709570440837
                    },
                    {
                        "x": 1028.6329044079685,
                        "y": 1004.425248964895
                    },
                    {
                        "x": 1025.452916577386,
                        "y": 1005.7880969197806
                    },
                    {
                        "x": 1023.1814847808777,
                        "y": 1004.8795408857063
                    },
                    {
                        "x": 1023.635776701689,
                        "y": 1001.2452611343125
                    },
                    {
                        "x": 1026.3614726114602,
                        "y": 999.4281212586155
                    },
                    {
                        "x": 1029.5414604420428,
                        "y": 998.0652733037299
                    },
                    {
                        "x": 1032.7214482726251,
                        "y": 998.9738293378041
                    },
                    {
                        "x": 1037.7185759789047,
                        "y": 998.9738293378041
                    },
                    {
                        "x": 1049.5299712671608,
                        "y": 999.4281212586155
                    },
                    {
                        "x": 1045.8956915157669,
                        "y": 992.613853676639
                    },
                    {
                        "x": 1041.8071198435614,
                        "y": 985.3453219813997
                    },
                    {
                        "x": 1035.447171989945,
                        "y": 975.8053584896521
                    },
                    {
                        "x": 1030.4500442836654,
                        "y": 969.8996747492984
                    },
                    {
                        "x": 1026.3614726114602,
                        "y": 965.8111169808674
                    },
                    {
                        "x": 1023.635776701689,
                        "y": 962.6311291502848
                    },
                    {
                        "x": 1018.1843848821467,
                        "y": 966.7196869187159
                    },
                    {
                        "x": 1017.2758010405239,
                        "y": 969.8996747492984
                    },
                    {
                        "x": 1016.3672450064497,
                        "y": 974.4425105347665
                    },
                    {
                        "x": 1012.7329652550558,
                        "y": 978.5310683031976
                    },
                    {
                        "x": 1010.0072693452846,
                        "y": 979.439638241046
                    },
                    {
                        "x": 1006.8272815147021,
                        "y": 982.1653341508172
                    },
                    {
                        "x": 1005.4644335598165,
                        "y": 990.3424496876793
                    },
                    {
                        "x": 1005.9186976730794,
                        "y": 996.7024253488444
                    },
                    {
                        "x": 1005.9186976730794,
                        "y": 1003.5166651232722
                    },
                    {
                        "x": 1005.4644335598165,
                        "y": 1012.1480725809456
                    },
                    {
                        "x": 1004.101585604931,
                        "y": 1016.6909083664137
                    },
                    {
                        "x": 1003.1930017633082,
                        "y": 1020.3251881178077
                    },
                    {
                        "x": 1004.5558497181937,
                        "y": 1026.2308718581614
                    },
                    {
                        "x": 1008.6444213903991,
                        "y": 1035.770835349909
                    },
                    {
                        "x": 1011.8244092209816,
                        "y": 1042.585075124337
                    },
                    {
                        "x": 1014.0958132099414,
                        "y": 1048.4907866722392
                    },
                    {
                        "x": 1014.5501051307527,
                        "y": 1054.8507623334042
                    },
                    {
                        "x": 1015.0043970515642,
                        "y": 1060.3021541529465
                    },
                    {
                        "x": 1013.6415490966785,
                        "y": 1066.2078378933004
                    },
                    {
                        "x": 1012.7329652550558,
                        "y": 1071.6592575203913
                    },
                    {
                        "x": 1010.9158253793588,
                        "y": 1075.2935094642366
                    },
                    {
                        "x": 1007.2815734355135,
                        "y": 1079.8363730572532
                    },
                    {
                        "x": 1005.9186976730794,
                        "y": 1083.4706250010986
                    },
                    {
                        "x": 1005.9186976730794,
                        "y": 1085.742056797607
                    },
                    {
                        "x": 1009.0986855036618,
                        "y": 1090.2848925830751
                    },
                    {
                        "x": 1007.7358375487763,
                        "y": 1093.0105884928462
                    },
                    {
                        "x": 1003.6472936841195,
                        "y": 1092.5562965720349
                    },
                    {
                        "x": 1002.284445729234,
                        "y": 1089.3763087414522
                    },
                    {
                        "x": 999.5587498194628,
                        "y": 1086.6506128316812
                    },
                    {
                        "x": 999.5587498194628,
                        "y": 1083.0163608878358
                    },
                    {
                        "x": 1000.9215977743484,
                        "y": 1079.8363730572532
                    },
                    {
                        "x": 1003.6472936841195,
                        "y": 1075.2935094642366
                    },
                    {
                        "x": 1005.9186976730794,
                        "y": 1073.4763973960883
                    },
                    {
                        "x": 1007.2815734355135,
                        "y": 1071.6592575203913
                    },
                    {
                        "x": 1008.1901294695876,
                        "y": 1068.93356161062
                    },
                    {
                        "x": 1008.6444213903991,
                        "y": 1066.2078378933004
                    },
                    {
                        "x": 1010.0072693452846,
                        "y": 1062.573585949455
                    },
                    {
                        "x": 1010.0072693452846,
                        "y": 1058.0307501639868
                    },
                    {
                        "x": 1009.0986855036618,
                        "y": 1053.9421784917815
                    },
                    {
                        "x": 1007.7358375487763,
                        "y": 1048.945050785502
                    },
                    {
                        "x": 1006.3729895938907,
                        "y": 1044.8565069208453
                    },
                    {
                        "x": 1003.6472936841195,
                        "y": 1038.4965312596803
                    },
                    {
                        "x": 999.1044578986514,
                        "y": 1033.4994035534007
                    },
                    {
                        "x": 995.4701781472575,
                        "y": 1028.5022758471212
                    },
                    {
                        "x": 995.0158862264461,
                        "y": 1021.6880360726933
                    },
                    {
                        "x": 995.4701781472575,
                        "y": 1015.3280604115282
                    },
                    {
                        "x": 997.2873180229544,
                        "y": 1008.9680847503631
                    },
                    {
                        "x": 997.2873180229544,
                        "y": 1003.5166651232722
                    },
                    {
                        "x": 997.7416099437659,
                        "y": 998.9738293378041
                    },
                    {
                        "x": 999.1044578986514,
                        "y": 993.9767294390732
                    },
                    {
                        "x": 999.1044578986514,
                        "y": 986.7081699362853
                    },
                    {
                        "x": 993.5395011630953,
                        "y": 989.1085675815016
                    },
                    {
                        "x": 988.306098278218,
                        "y": 990.4168882705684
                    },
                    {
                        "x": 981.7644147471437,
                        "y": 991.0710686365368
                    },
                    {
                        "x": 978.493552960172,
                        "y": 988.4543872155332
                    },
                    {
                        "x": 975.2227312160697,
                        "y": 985.1835254285611
                    },
                    {
                        "x": 972.6060497950662,
                        "y": 982.5668440075575
                    },
                    {
                        "x": 969.9893683740626,
                        "y": 979.2960222634553
                    },
                    {
                        "x": 965.4101858980238,
                        "y": 979.9502026294238
                    },
                    {
                        "x": 960.831003421985,
                        "y": 977.3335212084202
                    },
                    {
                        "x": 956.9060013119143,
                        "y": 973.4085190983498
                    },
                    {
                        "x": 952.9809992018439,
                        "y": 968.1751562563425
                    },
                    {
                        "x": 951.0184981468085,
                        "y": 962.9417934143353
                    },
                    {
                        "x": 950.3643177808403,
                        "y": 959.0167913042646
                    },
                    {
                        "x": 950.3643177808403,
                        "y": 949.2042660076536
                    },
                    {
                        "x": 950.3643177808403,
                        "y": 944.6250835316147
                    },
                    {
                        "x": 951.0184981468085,
                        "y": 938.0833799791056
                    },
                    {
                        "x": 951.0184981468085,
                        "y": 932.8500371585334
                    },
                    {
                        "x": 947.0934559938682,
                        "y": 930.8875361034982
                    },
                    {
                        "x": 943.8226342497661,
                        "y": 927.6166943379611
                    },
                    {
                        "x": 941.8601331947309,
                        "y": 923.6916722064557
                    },
                    {
                        "x": 939.8976321396957,
                        "y": 921.075010806887
                    },
                    {
                        "x": 938.5892714077589,
                        "y": 916.4958283308481
                    },
                    {
                        "x": 939.8976321396957,
                        "y": 912.5708061993427
                    },
                    {
                        "x": 942.5142735178292,
                        "y": 909.954144799774
                    },
                    {
                        "x": 946.4393156707697,
                        "y": 906.0291226682685
                    },
                    {
                        "x": 946.4393156707697,
                        "y": 901.4499401922297
                    },
                    {
                        "x": 945.130954938833,
                        "y": 893.5999159506538
                    },
                    {
                        "x": 943.1684538837977,
                        "y": 887.7123927641131
                    },
                    {
                        "x": 939.8976321396957,
                        "y": 883.1332102880742
                    },
                    {
                        "x": 933.3559085657516,
                        "y": 877.2457071229686
                    },
                    {
                        "x": 928.1225857666143,
                        "y": 874.6290257019649
                    },
                    {
                        "x": 924.8517239796423,
                        "y": 868.7415025154243
                    },
                    {
                        "x": 922.2350425586387,
                        "y": 864.8165004053538
                    },
                    {
                        "x": 918.9642208145366,
                        "y": 867.4331618049224
                    },
                    {
                        "x": 913.0767176494309,
                        "y": 871.3581839364278
                    },
                    {
                        "x": 909.1516754964905,
                        "y": 874.6290257019649
                    },
                    {
                        "x": 907.8433548074237,
                        "y": 870.0498432259261
                    },
                    {
                        "x": 909.8058558624589,
                        "y": 865.4706607498872
                    },
                    {
                        "x": 912.4225372834625,
                        "y": 860.8914782738484
                    },
                    {
                        "x": 912.4225372834625,
                        "y": 857.6206365083113
                    },
                    {
                        "x": 917.0017197595014,
                        "y": 856.3122957978095
                    },
                    {
                        "x": 913.7308579725294,
                        "y": 850.4247726112688
                    },
                    {
                        "x": 908.4975351733921,
                        "y": 845.845610156665
                    },
                    {
                        "x": 904.5724930204517,
                        "y": 846.4997705011983
                    },
                    {
                        "x": 901.955811599448,
                        "y": 849.1164519222019
                    },
                    {
                        "x": 898.684989855346,
                        "y": 852.387293687739
                    },
                    {
                        "x": 893.932759150787,
                        "y": 852.1677512380277
                    },
                    {
                        "x": 889.8442152861302,
                        "y": 852.6220431588391
                    },
                    {
                        "x": 884.8470875798507,
                        "y": 851.7134593172163
                    },
                    {
                        "x": 879.3956679527598,
                        "y": 852.6220431588391
                    },
                    {
                        "x": 875.307124088103,
                        "y": 852.6220431588391
                    },
                    {
                        "x": 871.2185802234463,
                        "y": 845.8077755768626
                    },
                    {
                        "x": 867.130008551241,
                        "y": 840.8106478705831
                    },
                    {
                        "x": 862.5871727657728,
                        "y": 841.7192317122059
                    },
                    {
                        "x": 857.5900450594934,
                        "y": 837.6306600400005
                    },
                    {
                        "x": 851.6843613191396,
                        "y": 833.0878242545324
                    },
                    {
                        "x": 846.6872336128602,
                        "y": 829.9078364239499
                    },
                    {
                        "x": 841.6901337141292,
                        "y": 826.7278485933673
                    },
                    {
                        "x": 837.1472701211126,
                        "y": 822.1850128078992
                    },
                    {
                        "x": 832.1501702223816,
                        "y": 819.0050249773167
                    },
                    {
                        "x": 825.7901945612165,
                        "y": 814.9164811126599
                    },
                    {
                        "x": 819.4302189000514,
                        "y": 810.8279094404546
                    },
                    {
                        "x": 814.8873831145833,
                        "y": 806.7393655757979
                    },
                    {
                        "x": 810.798811442378,
                        "y": 803.105085824404
                    },
                    {
                        "x": 805.3474196228357,
                        "y": 799.0165419597472
                    },
                    {
                        "x": 800.3502919165561,
                        "y": 797.1994020840502
                    },
                    {
                        "x": 796.7160121651623,
                        "y": 793.5651223326563
                    },
                    {
                        "x": 793.9903162553911,
                        "y": 790.3851345020738
                    },
                    {
                        "x": 789.9017723907343,
                        "y": 787.6594385923026
                    },
                    {
                        "x": 783.0875048087579,
                        "y": 783.1166028068345
                    },
                    {
                        "x": 778.0903910062526,
                        "y": 778.119475100555
                    },
                    {
                        "x": 774.4561112548587,
                        "y": 774.9394872699725
                    },
                    {
                        "x": 770.3675534864277,
                        "y": 773.1223752018241
                    },
                    {
                        "x": 767.1875795596194,
                        "y": 771.7594994393899
                    },
                    {
                        "x": 764.0075917290369,
                        "y": 769.4880954504301
                    },
                    {
                        "x": 762.1904518533399,
                        "y": 766.762399540659
                    },
                    {
                        "x": 760.373311977643,
                        "y": 763.5824117100764
                    },
                    {
                        "x": 759.0104640227573,
                        "y": 761.3109799135681
                    },
                    {
                        "x": 758.1018940849088,
                        "y": 757.6767001621741
                    },
                    {
                        "x": 758.5561860057203,
                        "y": 754.951004252403
                    },
                    {
                        "x": 761.2818819154915,
                        "y": 757.2224360489114
                    },
                    {
                        "x": 763.5532998082255,
                        "y": 762.2195637551908
                    },
                    {
                        "x": 765.8247177009596,
                        "y": 765.8538156990362
                    },
                    {
                        "x": 768.0961355936936,
                        "y": 768.1252474955445
                    },
                    {
                        "x": 772.638985282936,
                        "y": 768.5795116088074
                    },
                    {
                        "x": 776.7275291475928,
                        "y": 769.9423873712415
                    },
                    {
                        "x": 781.2703649330609,
                        "y": 774.0309312358983
                    },
                    {
                        "x": 789.447480469923,
                        "y": 780.8451988178747
                    },
                    {
                        "x": 797.1703040859736,
                        "y": 786.7508825582285
                    },
                    {
                        "x": 804.8931277020242,
                        "y": 791.7480102645079
                    },
                    {
                        "x": 811.7073952840008,
                        "y": 796.7451101632389
                    },
                    {
                        "x": 816.7045229902802,
                        "y": 800.8336818354442
                    },
                    {
                        "x": 823.5187627647082,
                        "y": 804.922225700101
                    },
                    {
                        "x": 828.5158904709876,
                        "y": 808.1022135306835
                    },
                    {
                        "x": 833.5130181772672,
                        "y": 811.7364932820774
                    },
                    {
                        "x": 838.9644099968095,
                        "y": 814.4621891918486
                    },
                    {
                        "x": 842.144397827392,
                        "y": 814.4621891918486
                    },
                    {
                        "x": 847.5958174544829,
                        "y": 812.1907573953403
                    },
                    {
                        "x": 850.3215133642541,
                        "y": 809.0107973723062
                    },
                    {
                        "x": 853.5015011948366,
                        "y": 806.7393655757979
                    },
                    {
                        "x": 855.772932991345,
                        "y": 804.0136696660268
                    },
                    {
                        "x": 855.772932991345,
                        "y": 800.8336818354442
                    },
                    {
                        "x": 857.1357809462305,
                        "y": 797.6536940048617
                    },
                    {
                        "x": 857.5900450594934,
                        "y": 795.3822622083533
                    },
                    {
                        "x": 842.144397827392,
                        "y": 789.930870388811
                    },
                    {
                        "x": 838.5101458835467,
                        "y": 785.3880346033428
                    },
                    {
                        "x": 834.4215742113414,
                        "y": 780.8451988178747
                    },
                    {
                        "x": 830.787322267496,
                        "y": 774.4852231567096
                    },
                    {
                        "x": 828.0615985501763,
                        "y": 770.3966514845043
                    },
                    {
                        "x": 826.2444586744793,
                        "y": 767.2166636539218
                    },
                    {
                        "x": 815.7959391486575,
                        "y": 767.6709555747332
                    },
                    {
                        "x": 809.4359634874924,
                        "y": 768.1252474955445
                    },
                    {
                        "x": 806.2559756569099,
                        "y": 769.4880954504301
                    },
                    {
                        "x": 805.3474196228357,
                        "y": 766.3081076198475
                    },
                    {
                        "x": 806.2559756569099,
                        "y": 765.3995237782249
                    },
                    {
                        "x": 809.8902554083038,
                        "y": 764.945259664962
                    },
                    {
                        "x": 816.7045229902802,
                        "y": 763.5824117100764
                    },
                    {
                        "x": 824.427346606331,
                        "y": 763.128119789265
                    },
                    {
                        "x": 821.2473587757484,
                        "y": 757.6767001621741
                    },
                    {
                        "x": 816.7045229902802,
                        "y": 754.951004252403
                    },
                    {
                        "x": 813.5245351596977,
                        "y": 751.7710164218205
                    },
                    {
                        "x": 811.2531033631893,
                        "y": 749.0453205120493
                    },
                    {
                        "x": 809.8902554083038,
                        "y": 746.3196106985039
                    },
                    {
                        "x": 812.1616593972635,
                        "y": 746.3196106985039
                    },
                    {
                        "x": 818.5216350584286,
                        "y": 750.4081684669349
                    },
                    {
                        "x": 823.0644708438967,
                        "y": 753.5881562975175
                    },
                    {
                        "x": 826.6987505952907,
                        "y": 757.6767001621741
                    },
                    {
                        "x": 829.8787384258733,
                        "y": 761.3109799135681
                    },
                    {
                        "x": 835.3301580529642,
                        "y": 765.8538156990362
                    },
                    {
                        "x": 842.144397827392,
                        "y": 768.5795116088074
                    },
                    {
                        "x": 846.6872336128602,
                        "y": 772.2137913602013
                    },
                    {
                        "x": 852.138653239951,
                        "y": 774.9394872699725
                    },
                    {
                        "x": 857.1357809462305,
                        "y": 778.119475100555
                    },
                    {
                        "x": 863.0414646865843,
                        "y": 780.8451988178747
                    },
                    {
                        "x": 867.5843004720524,
                        "y": 784.47945076172
                    },
                    {
                        "x": 871.2185802234463,
                        "y": 788.113730513114
                    },
                    {
                        "x": 873.9442761332175,
                        "y": 792.6565662985821
                    },
                    {
                        "x": 876.6699720429887,
                        "y": 795.3822622083533
                    },
                    {
                        "x": 884.3927956590393,
                        "y": 795.8365541291647
                    },
                    {
                        "x": 891.6613551618271,
                        "y": 793.1108582193935
                    },
                    {
                        "x": 888.9356314445074,
                        "y": 783.5708947276459
                    },
                    {
                        "x": 888.0270754104332,
                        "y": 774.4852231567096
                    },
                    {
                        "x": 886.6642274555477,
                        "y": 763.5824117100764
                    },
                    {
                        "x": 886.2099355347362,
                        "y": 753.5881562975175
                    },
                    {
                        "x": 886.6642274555477,
                        "y": 744.9567627436182
                    },
                    {
                        "x": 888.0270754104332,
                        "y": 737.2339391275676
                    },
                    {
                        "x": 889.8442152861302,
                        "y": 729.0568374944799
                    },
                    {
                        "x": 891.6613551618271,
                        "y": 722.2425699125033
                    },
                    {
                        "x": 894.3870510715983,
                        "y": 715.4283162343012
                    },
                    {
                        "x": 897.1127469813695,
                        "y": 708.614062556099
                    },
                    {
                        "x": 900.7470267327634,
                        "y": 702.254086894934
                    },
                    {
                        "x": 904.3812786766088,
                        "y": 695.4398332167317
                    },
                    {
                        "x": 907.1070023939285,
                        "y": 689.9884274934151
                    },
                    {
                        "x": 909.8326983036997,
                        "y": 684.9912997871356
                    },
                    {
                        "x": 912.5583942134708,
                        "y": 680.4484640016675
                    },
                    {
                        "x": 913.4669780550936,
                        "y": 675.4513362953879
                    },
                    {
                        "x": 913.9212421683563,
                        "y": 669.9999305720713
                    },
                    {
                        "x": 912.1041022926594,
                        "y": 665.9113728036403
                    },
                    {
                        "x": 910.286990224511,
                        "y": 660.9142590011352
                    },
                    {
                        "x": 906.1984185523057,
                        "y": 659.5514110462495
                    },
                    {
                        "x": 903.0184307217231,
                        "y": 655.0085613570071
                    },
                    {
                        "x": 902.5641666084604,
                        "y": 650.9200174923504
                    },
                    {
                        "x": 903.4727226425346,
                        "y": 649.1028776166535
                    },
                    {
                        "x": 903.0184307217231,
                        "y": 645.0143198482224
                    },
                    {
                        "x": 903.9270145633459,
                        "y": 640.9257620797914
                    },
                    {
                        "x": 903.0184307217231,
                        "y": 637.745781201096
                    },
                    {
                        "x": 889.3899233653189,
                        "y": 625.0258368306529
                    },
                    {
                        "x": 886.6642274555477,
                        "y": 620.4829940932977
                    },
                    {
                        "x": 883.938503738228,
                        "y": 616.3944432767538
                    },
                    {
                        "x": 882.5756557833423,
                        "y": 610.9430375534372
                    },
                    {
                        "x": 882.5756557833423,
                        "y": 606.4001948160819
                    },
                    {
                        "x": 883.0299477041538,
                        "y": 603.2202069854994
                    },
                    {
                        "x": 884.8470875798507,
                        "y": 598.223086231107
                    },
                    {
                        "x": 886.6642274555477,
                        "y": 594.1345354145632
                    },
                    {
                        "x": 889.8442152861302,
                        "y": 590.9545475839806
                    },
                    {
                        "x": 893.0242031167127,
                        "y": 587.3202747844738
                    },
                    {
                        "x": 895.7498990264838,
                        "y": 585.503141860664
                    },
                    {
                        "x": 897.5670389021808,
                        "y": 582.7774389990057
                    },
                    {
                        "x": 898.0213030154437,
                        "y": 578.234599737594
                    },
                    {
                        "x": 897.5670389021808,
                        "y": 574.1460454451066
                    }
                ],
                "resin": 2,
                "browning": false
            }
        ],
        "object_id": "B_a09_A_2_2_22-08-30-10-06-1020"
    },
    "Metadata": {
        "Images": {
            "object_id": "B_a09_A_2_2_22-08-30-10-06-1020",
            "path": "1.Traning_원천데이터_꽃_미수정암꽃",
            "width": 2000,
            "height": 1500
        },
        "environment": {
            "area_id": "B",
            "hemp_id": "B_a09_A_2",
            "area_temp": 28.4,
            "area_hum": 84.9,
            "area_co2": 361,
            "area_Illum": 25,
            "water_temp": 24.8,
            "water_ec": 2.6,
            "water_ph": 6.5
        },
        "Growth Info": {
            "period": 69,
            "length": 53.9,
            "node_number": 19,
            "node_length": 2.8,
            "root_round": 13.8
        }
    }
}