{
    "annotations": {
        "label": {
            "category": 1
        },
        "polygon": [
            {
                "type": "POLYGON",
                "vertices": [
                    {
                        "x": 1003.5427368566159,
                        "y": 715.359906290863
                    },
                    {
                        "x": 994.8827134293316,
                        "y": 683.8689120098292
                    },
                    {
                        "x": 990.1590642871765,
                        "y": 664.187040584183
                    },
                    {
                        "x": 985.4354151450214,
                        "y": 650.0160931577177
                    },
                    {
                        "x": 975.9881168607112,
                        "y": 638.9942451593558
                    },
                    {
                        "x": 966.5408185764011,
                        "y": 636.6324205882784
                    },
                    {
                        "x": 968.1153682904528,
                        "y": 630.3342217320716
                    },
                    {
                        "x": 961.0298945772201,
                        "y": 623.2487480188389
                    },
                    {
                        "x": 943.7098477226515,
                        "y": 621.6741983047872
                    },
                    {
                        "x": 927.1770757251087,
                        "y": 624.0360228758648
                    },
                    {
                        "x": 920.091602011876,
                        "y": 621.6741983047872
                    },
                    {
                        "x": 916.9425025837727,
                        "y": 619.3123737337097
                    },
                    {
                        "x": 916.9425025837727,
                        "y": 614.5887245915546
                    },
                    {
                        "x": 920.091602011876,
                        "y": 612.226900020477
                    },
                    {
                        "x": 924.0279762970054,
                        "y": 614.5887245915546
                    },
                    {
                        "x": 938.9861985804964,
                        "y": 614.5887245915546
                    },
                    {
                        "x": 953.1571460069616,
                        "y": 614.5887245915546
                    },
                    {
                        "x": 961.817169434246,
                        "y": 616.1632743056063
                    },
                    {
                        "x": 957.093520292091,
                        "y": 613.0141748775029
                    },
                    {
                        "x": 951.58259629291,
                        "y": 605.9287011642703
                    },
                    {
                        "x": 949.2207717218324,
                        "y": 600.4177771650893
                    },
                    {
                        "x": 951.58259629291,
                        "y": 597.268677736986
                    },
                    {
                        "x": 958.6680700061426,
                        "y": 593.3323034518567
                    },
                    {
                        "x": 971.2644677185561,
                        "y": 603.5668765931928
                    },
                    {
                        "x": 985.4354151450214,
                        "y": 624.0360228758648
                    },
                    {
                        "x": 999.6063625714867,
                        "y": 641.3560697304334
                    },
                    {
                        "x": 1004.3300117136417,
                        "y": 629.5469468750457
                    },
                    {
                        "x": 1012.2027602839003,
                        "y": 624.8232977328906
                    },
                    {
                        "x": 1023.2246082822621,
                        "y": 618.5250988766838
                    },
                    {
                        "x": 1020.8627837111845,
                        "y": 611.4396251634512
                    },
                    {
                        "x": 1012.2027602839003,
                        "y": 601.2050520221152
                    },
                    {
                        "x": 1008.2663859987709,
                        "y": 594.9068531659084
                    },
                    {
                        "x": 1007.4791111417451,
                        "y": 585.4595548815983
                    },
                    {
                        "x": 1013.7773099979519,
                        "y": 581.523180596469
                    },
                    {
                        "x": 1020.0755088541587,
                        "y": 590.1832040237533
                    },
                    {
                        "x": 1037.3955557087274,
                        "y": 605.1414263072444
                    },
                    {
                        "x": 1046.0555791360116,
                        "y": 608.2905257353478
                    },
                    {
                        "x": 1045.2683042789859,
                        "y": 586.2468297386241
                    },
                    {
                        "x": 1042.1192048508824,
                        "y": 572.8631571691847
                    },
                    {
                        "x": 1039.757380279805,
                        "y": 557.9049348856936
                    },
                    {
                        "x": 1035.0337311376497,
                        "y": 550.0321863154351
                    },
                    {
                        "x": 1027.948257424417,
                        "y": 544.5212623162541
                    },
                    {
                        "x": 1030.3100819954948,
                        "y": 539.7976131740991
                    },
                    {
                        "x": 1045.2683042789859,
                        "y": 543.7339874592283
                    },
                    {
                        "x": 1061.0138014195027,
                        "y": 552.3940108865127
                    },
                    {
                        "x": 1058.6519768484252,
                        "y": 539.7976131740991
                    },
                    {
                        "x": 1056.2901522773477,
                        "y": 527.9884903187113
                    },
                    {
                        "x": 1056.2901522773477,
                        "y": 520.9030166054788
                    },
                    {
                        "x": 1059.4392517054512,
                        "y": 516.1793674633236
                    },
                    {
                        "x": 1068.8865499897613,
                        "y": 513.8175428922461
                    },
                    {
                        "x": 1070.461099703813,
                        "y": 521.6902914625045
                    },
                    {
                        "x": 1069.70662796583,
                        "y": 537.326444872879
                    },
                    {
                        "x": 1071.8935025686794,
                        "y": 554.8214416956756
                    },
                    {
                        "x": 1080.6410009800777,
                        "y": 563.0222214563615
                    },
                    {
                        "x": 1082.281156932215,
                        "y": 550.9944111406888
                    },
                    {
                        "x": 1083.3745942336398,
                        "y": 541.1534754278657
                    },
                    {
                        "x": 1087.748343439339,
                        "y": 531.8592583657551
                    },
                    {
                        "x": 1094.8556858986,
                        "y": 520.9248853515072
                    },
                    {
                        "x": 1102.5097470085736,
                        "y": 514.9109801936709
                    },
                    {
                        "x": 1111.8039640706843,
                        "y": 511.6306682893965
                    },
                    {
                        "x": 1123.2850557356446,
                        "y": 513.817542892246
                    },
                    {
                        "x": 1129.298960893481,
                        "y": 517.6445734472328
                    },
                    {
                        "x": 1129.298960893481,
                        "y": 519.28472939937
                    },
                    {
                        "x": 1125.4719303384943,
                        "y": 521.4716040022196
                    },
                    {
                        "x": 1120.0047438313702,
                        "y": 522.0183226529319
                    },
                    {
                        "x": 1112.897401372109,
                        "y": 522.0183226529319
                    },
                    {
                        "x": 1105.2433402621355,
                        "y": 527.4855091600559
                    },
                    {
                        "x": 1099.7761537550116,
                        "y": 533.4994143178923
                    },
                    {
                        "x": 1095.9491232000248,
                        "y": 541.1534754278657
                    },
                    {
                        "x": 1095.9491232000248,
                        "y": 545.527224633565
                    },
                    {
                        "x": 1100.322872405724,
                        "y": 557.5550349492376
                    },
                    {
                        "x": 1106.3367775635602,
                        "y": 564.1156587577863
                    },
                    {
                        "x": 1112.897401372109,
                        "y": 571.2230012170475
                    },
                    {
                        "x": 1114.537557324246,
                        "y": 579.4237809777334
                    },
                    {
                        "x": 1114.537557324246,
                        "y": 586.5311234369944
                    },
                    {
                        "x": 1120.5514624820826,
                        "y": 598.0122151019548
                    },
                    {
                        "x": 1124.9252116877817,
                        "y": 608.3998694654903
                    },
                    {
                        "x": 1132.5792727977553,
                        "y": 613.8670559726141
                    },
                    {
                        "x": 1143.5136458120032,
                        "y": 618.7875238290258
                    },
                    {
                        "x": 1151.1677069219768,
                        "y": 611.1334627190522
                    },
                    {
                        "x": 1156.6348934291007,
                        "y": 602.3859643076539
                    },
                    {
                        "x": 1164.8356731897866,
                        "y": 594.7319031976804
                    },
                    {
                        "x": 1171.3962969983354,
                        "y": 591.9983099441184
                    },
                    {
                        "x": 1176.8634835054593,
                        "y": 591.4515912934061
                    },
                    {
                        "x": 1176.8634835054593,
                        "y": 600.1990897048044
                    },
                    {
                        "x": 1174.1298902518972,
                        "y": 611.1334627190522
                    },
                    {
                        "x": 1169.756141046198,
                        "y": 621.5211170825877
                    },
                    {
                        "x": 1170.8495783476228,
                        "y": 625.3481476375745
                    },
                    {
                        "x": 1180.690514060446,
                        "y": 614.960493274039
                    },
                    {
                        "x": 1192.1716057254064,
                        "y": 601.2925270062291
                    },
                    {
                        "x": 1200.3723854860923,
                        "y": 592.5450285948308
                    },
                    {
                        "x": 1212.9469144524774,
                        "y": 582.1573742312953
                    },
                    {
                        "x": 1221.6944128638756,
                        "y": 573.409875819897
                    },
                    {
                        "x": 1226.0681620695748,
                        "y": 567.942689312773
                    },
                    {
                        "x": 1233.1755045288357,
                        "y": 560.835346853512
                    },
                    {
                        "x": 1243.5631588923713,
                        "y": 557.0083162985252
                    },
                    {
                        "x": 1248.4836267487829,
                        "y": 559.1951909013748
                    },
                    {
                        "x": 1253.4040946051944,
                        "y": 553.7280043942508
                    },
                    {
                        "x": 1257.2311251601811,
                        "y": 544.4337873321401
                    },
                    {
                        "x": 1262.6983116673052,
                        "y": 538.4198821743038
                    },
                    {
                        "x": 1269.2589354758538,
                        "y": 539.5133194757286
                    },
                    {
                        "x": 1269.8056541265662,
                        "y": 543.8870686814278
                    },
                    {
                        "x": 1264.3384676194423,
                        "y": 548.2608178871269
                    },
                    {
                        "x": 1261.6048743658803,
                        "y": 557.0083162985252
                    },
                    {
                        "x": 1266.5253422222918,
                        "y": 564.6623774084987
                    },
                    {
                        "x": 1259.9647184137432,
                        "y": 566.8492520113483
                    },
                    {
                        "x": 1257.2311251601811,
                        "y": 573.409875819897
                    },
                    {
                        "x": 1254.4975319066193,
                        "y": 589.2647166905565
                    },
                    {
                        "x": 1250.6705013516325,
                        "y": 598.5589337526671
                    },
                    {
                        "x": 1259.4179997630308,
                        "y": 599.1056524033795
                    },
                    {
                        "x": 1270.8990914279912,
                        "y": 602.9326829583663
                    },
                    {
                        "x": 1273.0859660308406,
                        "y": 608.3998694654903
                    },
                    {
                        "x": 1268.165498174429,
                        "y": 609.493306766915
                    },
                    {
                        "x": 1260.5114370644555,
                        "y": 608.9465881162026
                    },
                    {
                        "x": 1250.6705013516325,
                        "y": 619.8809611304505
                    },
                    {
                        "x": 1245.7500334952208,
                        "y": 635.1890833503976
                    },
                    {
                        "x": 1237.0025350838225,
                        "y": 645.0300190632206
                    },
                    {
                        "x": 1239.1894096866722,
                        "y": 653.777517474619
                    },
                    {
                        "x": 1234.815660480973,
                        "y": 658.6979853310305
                    },
                    {
                        "x": 1230.9886299259863,
                        "y": 659.2447039817429
                    },
                    {
                        "x": 1228.2550366724242,
                        "y": 666.3520464410041
                    },
                    {
                        "x": 1223.3345688160127,
                        "y": 670.7257956467032
                    },
                    {
                        "x": 1216.7739450074641,
                        "y": 672.9126702495528
                    },
                    {
                        "x": 1214.5870704046145,
                        "y": 670.7257956467032
                    },
                    {
                        "x": 1208.5731652467782,
                        "y": 681.1134500102387
                    },
                    {
                        "x": 1200.9191041368047,
                        "y": 689.3142297709246
                    },
                    {
                        "x": 1202.0125414382294,
                        "y": 696.968290880898
                    },
                    {
                        "x": 1208.5731652467782,
                        "y": 700.2486027851725
                    },
                    {
                        "x": 1202.0125414382294,
                        "y": 704.6223519908716
                    },
                    {
                        "x": 1198.732229533955,
                        "y": 709.5428198472831
                    },
                    {
                        "x": 1207.4797279453533,
                        "y": 710.0895384979956
                    },
                    {
                        "x": 1207.4797279453533,
                        "y": 714.4632877036947
                    },
                    {
                        "x": 1222.241131514588,
                        "y": 707.3559452444335
                    },
                    {
                        "x": 1235.9090977823978,
                        "y": 692.5945416751989
                    },
                    {
                        "x": 1243.5631588923713,
                        "y": 680.0200127088139
                    },
                    {
                        "x": 1253.9508132559067,
                        "y": 663.618453187442
                    },
                    {
                        "x": 1260.5114370644555,
                        "y": 653.2307988239065
                    },
                    {
                        "x": 1271.4458100787035,
                        "y": 640.1095512068091
                    },
                    {
                        "x": 1279.6465898393894,
                        "y": 631.3620527954108
                    },
                    {
                        "x": 1288.9408069015,
                        "y": 624.8014289868621
                    },
                    {
                        "x": 1301.5153358678851,
                        "y": 614.960493274039
                    },
                    {
                        "x": 1302.6087731693099,
                        "y": 608.3998694654903
                    },
                    {
                        "x": 1304.7956477721596,
                        "y": 599.1056524033795
                    },
                    {
                        "x": 1310.8095529299958,
                        "y": 599.1056524033795
                    },
                    {
                        "x": 1312.9964275328455,
                        "y": 606.7597135133531
                    },
                    {
                        "x": 1312.9964275328455,
                        "y": 615.5072119247513
                    },
                    {
                        "x": 1304.2489291214472,
                        "y": 625.3481476375745
                    },
                    {
                        "x": 1290.0342442029248,
                        "y": 636.8292393025347
                    },
                    {
                        "x": 1278.5531525379645,
                        "y": 650.4972055703446
                    },
                    {
                        "x": 1268.7122168251415,
                        "y": 666.8987650917164
                    },
                    {
                        "x": 1262.6983116673052,
                        "y": 684.393761914513
                    },
                    {
                        "x": 1251.7639386530573,
                        "y": 700.7953214358848
                    },
                    {
                        "x": 1240.282846988097,
                        "y": 710.636257148708
                    },
                    {
                        "x": 1229.8951926245616,
                        "y": 721.0239115122434
                    },
                    {
                        "x": 1217.8673823088889,
                        "y": 730.8648472250666
                    },
                    {
                        "x": 1210.2133211989153,
                        "y": 735.7853150814781
                    },
                    {
                        "x": 1195.4519176296806,
                        "y": 742.8926575407392
                    },
                    {
                        "x": 1187.2511378689946,
                        "y": 752.7335932535623
                    },
                    {
                        "x": 1193.8117616775435,
                        "y": 754.3737492056995
                    },
                    {
                        "x": 1206.933009294641,
                        "y": 745.6262507943012
                    },
                    {
                        "x": 1217.8673823088889,
                        "y": 742.8926575407392
                    },
                    {
                        "x": 1230.441911275274,
                        "y": 741.7992202393144
                    },
                    {
                        "x": 1238.0959723852475,
                        "y": 733.0517218279161
                    },
                    {
                        "x": 1238.0959723852475,
                        "y": 724.3042234165177
                    },
                    {
                        "x": 1240.282846988097,
                        "y": 718.2903182586815
                    },
                    {
                        "x": 1244.656596193796,
                        "y": 713.3698504022699
                    },
                    {
                        "x": 1251.7639386530573,
                        "y": 713.9165690529823
                    },
                    {
                        "x": 1253.4040946051944,
                        "y": 721.0239115122434
                    },
                    {
                        "x": 1259.9647184137432,
                        "y": 714.4632877036947
                    },
                    {
                        "x": 1274.1794033322653,
                        "y": 696.4215722301857
                    },
                    {
                        "x": 1286.7539322986504,
                        "y": 686.5806365173626
                    },
                    {
                        "x": 1292.2211188057745,
                        "y": 680.5667313595262
                    },
                    {
                        "x": 1301.5153358678851,
                        "y": 671.8192329481279
                    },
                    {
                        "x": 1307.5292410257214,
                        "y": 665.2586091395792
                    },
                    {
                        "x": 1312.9964275328455,
                        "y": 663.618453187442
                    },
                    {
                        "x": 1317.916895389257,
                        "y": 664.7118904888669
                    },
                    {
                        "x": 1317.3701767385446,
                        "y": 669.6323583452784
                    },
                    {
                        "x": 1315.183302135695,
                        "y": 672.3659515988403
                    },
                    {
                        "x": 1310.8095529299958,
                        "y": 672.3659515988403
                    },
                    {
                        "x": 1303.7022104707346,
                        "y": 680.0200127088139
                    },
                    {
                        "x": 1311.9029902314205,
                        "y": 676.7397008045396
                    },
                    {
                        "x": 1323.3840818963808,
                        "y": 674.55282620169
                    },
                    {
                        "x": 1333.7717362599165,
                        "y": 668.5389210438536
                    },
                    {
                        "x": 1344.1593906234518,
                        "y": 666.3520464410041
                    },
                    {
                        "x": 1349.0798584798633,
                        "y": 670.1790769959907
                    },
                    {
                        "x": 1343.6126719727395,
                        "y": 681.1134500102387
                    },
                    {
                        "x": 1335.4118922120535,
                        "y": 701.3420400865972
                    },
                    {
                        "x": 1330.491424355642,
                        "y": 718.8370369093939
                    },
                    {
                        "x": 1314.0898648342702,
                        "y": 731.9582845264913
                    },
                    {
                        "x": 1344.1593906234518,
                        "y": 726.4910980193673
                    },
                    {
                        "x": 1361.107668795536,
                        "y": 712.2764131008452
                    },
                    {
                        "x": 1367.6682926040849,
                        "y": 698.6084468330353
                    },
                    {
                        "x": 1374.2289164126335,
                        "y": 684.9404805652255
                    },
                    {
                        "x": 1376.4157910154831,
                        "y": 676.1929821538271
                    },
                    {
                        "x": 1372.5887604604964,
                        "y": 666.3520464410041
                    },
                    {
                        "x": 1369.308448556222,
                        "y": 661.4315785845924
                    },
                    {
                        "x": 1370.9486045083593,
                        "y": 657.6045480296057
                    },
                    {
                        "x": 1375.8690723647708,
                        "y": 657.6045480296057
                    },
                    {
                        "x": 1381.882977522607,
                        "y": 665.2586091395792
                    },
                    {
                        "x": 1385.7100080775938,
                        "y": 672.9126702495528
                    },
                    {
                        "x": 1383.5231334747443,
                        "y": 686.0339178666502
                    },
                    {
                        "x": 1377.5092283169079,
                        "y": 702.435477388022
                    },
                    {
                        "x": 1365.4814180012352,
                        "y": 719.3837555601062
                    },
                    {
                        "x": 1359.467512843399,
                        "y": 725.3976607179426
                    },
                    {
                        "x": 1368.2150112547972,
                        "y": 726.4910980193673
                    },
                    {
                        "x": 1375.3223537140584,
                        "y": 723.7575047658054
                    },
                    {
                        "x": 1381.3362588718946,
                        "y": 722.6640674643807
                    },
                    {
                        "x": 1382.4296961733194,
                        "y": 728.677972622217
                    },
                    {
                        "x": 1379.6961029197575,
                        "y": 735.2385964307657
                    },
                    {
                        "x": 1373.682197761921,
                        "y": 737.4254710336153
                    },
                    {
                        "x": 1361.6543874462484,
                        "y": 735.7853150814781
                    },
                    {
                        "x": 1350.1732957812883,
                        "y": 736.8787523829028
                    },
                    {
                        "x": 1333.2250176092039,
                        "y": 748.3598440478631
                    },
                    {
                        "x": 1309.716115628571,
                        "y": 767.4949968227969
                    },
                    {
                        "x": 1301.5153358678851,
                        "y": 775.6957765834828
                    },
                    {
                        "x": 1315.183302135695,
                        "y": 782.2564003920315
                    },
                    {
                        "x": 1329.9447057049297,
                        "y": 783.3498376934564
                    },
                    {
                        "x": 1346.3462652263015,
                        "y": 782.2564003920315
                    },
                    {
                        "x": 1363.2945433983857,
                        "y": 776.2424952341952
                    },
                    {
                        "x": 1375.3223537140584,
                        "y": 774.0556206313456
                    },
                    {
                        "x": 1375.8690723647708,
                        "y": 779.5228071384696
                    },
                    {
                        "x": 1387.8968826804435,
                        "y": 780.6162444398944
                    },
                    {
                        "x": 1391.7239132354302,
                        "y": 782.803119042744
                    },
                    {
                        "x": 1386.8034453790185,
                        "y": 788.8170242005802
                    },
                    {
                        "x": 1375.8690723647708,
                        "y": 793.7374920569919
                    },
                    {
                        "x": 1367.6682926040849,
                        "y": 796.4710853105538
                    },
                    {
                        "x": 1351.266733082713,
                        "y": 797.0178039612662
                    },
                    {
                        "x": 1332.1315803077791,
                        "y": 795.3776480091291
                    },
                    {
                        "x": 1346.3462652263015,
                        "y": 803.578427769815
                    },
                    {
                        "x": 1368.2150112547972,
                        "y": 815.0595194347752
                    },
                    {
                        "x": 1374.2289164126335,
                        "y": 818.886549989762
                    },
                    {
                        "x": 1390.083757283293,
                        "y": 815.0595194347752
                    },
                    {
                        "x": 1396.0976624411294,
                        "y": 809.5923329276512
                    },
                    {
                        "x": 1408.6721914075144,
                        "y": 804.6718650712397
                    },
                    {
                        "x": 1422.3401576753242,
                        "y": 801.3915531669653
                    },
                    {
                        "x": 1423.9803136274613,
                        "y": 804.6718650712397
                    },
                    {
                        "x": 1420.1532830724746,
                        "y": 810.1390515783637
                    },
                    {
                        "x": 1408.1254727568019,
                        "y": 816.1529567362
                    },
                    {
                        "x": 1413.592659263926,
                        "y": 824.9004551475983
                    },
                    {
                        "x": 1404.2984422018153,
                        "y": 831.461078956147
                    },
                    {
                        "x": 1391.7239132354302,
                        "y": 838.0217027646958
                    },
                    {
                        "x": 1378.0559469676202,
                        "y": 834.194672209709
                    },
                    {
                        "x": 1366.5748553026601,
                        "y": 829.2742043532975
                    },
                    {
                        "x": 1337.0520481641906,
                        "y": 831.461078956147
                    },
                    {
                        "x": 1320.1037699921064,
                        "y": 832.5545162575718
                    },
                    {
                        "x": 1300.4218985664604,
                        "y": 834.7413908604215
                    },
                    {
                        "x": 1278.0064338872521,
                        "y": 837.4749841139834
                    },
                    {
                        "x": 1304.2489291214472,
                        "y": 848.9560757789436
                    },
                    {
                        "x": 1318.4636140399693,
                        "y": 862.0773233960412
                    },
                    {
                        "x": 1323.9308005470932,
                        "y": 868.0912285538775
                    },
                    {
                        "x": 1329.3979870542173,
                        "y": 859.8904487931916
                    },
                    {
                        "x": 1339.2389227670403,
                        "y": 850.5962317310808
                    },
                    {
                        "x": 1345.2528279248766,
                        "y": 851.1429503817932
                    },
                    {
                        "x": 1348.533139829151,
                        "y": 854.96998093678
                    },
                    {
                        "x": 1349.6265771305757,
                        "y": 860.9838860946163
                    },
                    {
                        "x": 1344.7061092741642,
                        "y": 863.1707606974659
                    },
                    {
                        "x": 1336.5053295134783,
                        "y": 870.8248218074394
                    },
                    {
                        "x": 1332.1315803077791,
                        "y": 875.7452896638509
                    },
                    {
                        "x": 1343.065953322027,
                        "y": 879.5723202188377
                    },
                    {
                        "x": 1362.2011060969608,
                        "y": 872.4649777595766
                    },
                    {
                        "x": 1387.8968826804435,
                        "y": 860.9838860946163
                    },
                    {
                        "x": 1405.9385981539524,
                        "y": 854.96998093678
                    },
                    {
                        "x": 1414.1393779146383,
                        "y": 848.4093571282312
                    },
                    {
                        "x": 1421.2467203738995,
                        "y": 846.769201176094
                    },
                    {
                        "x": 1427.2606255317357,
                        "y": 847.3159198268065
                    },
                    {
                        "x": 1425.0737509288863,
                        "y": 852.7831063339304
                    },
                    {
                        "x": 1410.859066010364,
                        "y": 859.3437301424791
                    },
                    {
                        "x": 1384.0698521254567,
                        "y": 873.011696410289
                    },
                    {
                        "x": 1365.4814180012352,
                        "y": 882.8526321231121
                    },
                    {
                        "x": 1351.266733082713,
                        "y": 890.5066932330856
                    },
                    {
                        "x": 1353.4536076855625,
                        "y": 897.0673170416343
                    },
                    {
                        "x": 1351.266733082713,
                        "y": 901.9877848980459
                    },
                    {
                        "x": 1343.6126719727395,
                        "y": 904.7213781516078
                    },
                    {
                        "x": 1337.0520481641906,
                        "y": 900.3476289459087
                    },
                    {
                        "x": 1329.9447057049297,
                        "y": 892.1468491852228
                    },
                    {
                        "x": 1326.117675149943,
                        "y": 889.4132559316608
                    },
                    {
                        "x": 1317.916895389257,
                        "y": 894.8804424387847
                    },
                    {
                        "x": 1302.6087731693099,
                        "y": 903.0812221994706
                    },
                    {
                        "x": 1320.6504886428188,
                        "y": 914.562313864431
                    },
                    {
                        "x": 1342.5192346713147,
                        "y": 932.0573106872275
                    },
                    {
                        "x": 1351.8134517334254,
                        "y": 949.5523075100242
                    },
                    {
                        "x": 1354.0003263362748,
                        "y": 958.2998059214225
                    },
                    {
                        "x": 1373.1354791112087,
                        "y": 962.1268364764093
                    },
                    {
                        "x": 1397.7378183932665,
                        "y": 973.0612094906571
                    },
                    {
                        "x": 1410.859066010364,
                        "y": 982.9021452034802
                    },
                    {
                        "x": 1417.966408469625,
                        "y": 993.8365182177281
                    },
                    {
                        "x": 1422.3401576753242,
                        "y": 1004.2241725812636
                    },
                    {
                        "x": 1420.1532830724746,
                        "y": 1010.2380777390999
                    },
                    {
                        "x": 1415.7795338667754,
                        "y": 1014.0651082940867
                    },
                    {
                        "x": 1411.4057846610763,
                        "y": 1002.5840166291264
                    },
                    {
                        "x": 1404.8451608525277,
                        "y": 989.462769012029
                    },
                    {
                        "x": 1397.1910997425541,
                        "y": 984.5423011556173
                    },
                    {
                        "x": 1375.3223537140584,
                        "y": 985.6357384570422
                    },
                    {
                        "x": 1362.7478247476733,
                        "y": 985.0890198063298
                    },
                    {
                        "x": 1358.3740755419742,
                        "y": 993.2897995670157
                    },
                    {
                        "x": 1353.4536076855625,
                        "y": 998.2102674234272
                    },
                    {
                        "x": 1354.5470449869874,
                        "y": 1004.2241725812636
                    },
                    {
                        "x": 1351.266733082713,
                        "y": 1014.0651082940867
                    },
                    {
                        "x": 1346.3462652263015,
                        "y": 1030.4666678154585
                    },
                    {
                        "x": 1364.9346993505228,
                        "y": 1038.120728925432
                    },
                    {
                        "x": 1375.8690723647708,
                        "y": 1047.9616646382551
                    },
                    {
                        "x": 1381.3362588718946,
                        "y": 1058.896037652503
                    },
                    {
                        "x": 1381.882977522607,
                        "y": 1067.096817413189
                    },
                    {
                        "x": 1377.5092283169079,
                        "y": 1068.736973365326
                    },
                    {
                        "x": 1372.042041809784,
                        "y": 1067.096817413189
                    },
                    {
                        "x": 1365.4814180012352,
                        "y": 1059.4427563032154
                    },
                    {
                        "x": 1358.9207941926866,
                        "y": 1052.3354138439543
                    },
                    {
                        "x": 1336.5053295134783,
                        "y": 1038.6674475761445
                    },
                    {
                        "x": 1293.3145561071992,
                        "y": 1017.8921388490734
                    },
                    {
                        "x": 1280.7400271408142,
                        "y": 1009.1446404376751
                    },
                    {
                        "x": 1267.6187795237167,
                        "y": 1013.5183896433742
                    },
                    {
                        "x": 1255.590969208044,
                        "y": 1015.1585455955114
                    },
                    {
                        "x": 1241.3762842895217,
                        "y": 1012.9716709926619
                    },
                    {
                        "x": 1253.4040946051944,
                        "y": 1022.2658880547726
                    },
                    {
                        "x": 1269.8056541265662,
                        "y": 1032.1068237675956
                    },
                    {
                        "x": 1287.3006509493628,
                        "y": 1043.587915432556
                    },
                    {
                        "x": 1278.5531525379645,
                        "y": 1046.8682273368304
                    },
                    {
                        "x": 1262.6983116673052,
                        "y": 1045.228071384693
                    },
                    {
                        "x": 1245.7500334952208,
                        "y": 1036.4805729732948
                    },
                    {
                        "x": 1236.4558164331102,
                        "y": 1027.7330745618965
                    },
                    {
                        "x": 1224.4280061174375,
                        "y": 1016.2519828969363
                    },
                    {
                        "x": 1215.1337890553268,
                        "y": 1003.1307352798387
                    },
                    {
                        "x": 1211.8534771510524,
                        "y": 1003.6774539305512
                    },
                    {
                        "x": 1223.3345688160127,
                        "y": 1022.2658880547726
                    },
                    {
                        "x": 1238.6426910359598,
                        "y": 1043.587915432556
                    },
                    {
                        "x": 1245.7500334952208,
                        "y": 1047.9616646382551
                    },
                    {
                        "x": 1263.79174896873,
                        "y": 1049.0551019396798
                    },
                    {
                        "x": 1276.9129965858274,
                        "y": 1053.428851145379
                    },
                    {
                        "x": 1287.3006509493628,
                        "y": 1061.0829122553525
                    },
                    {
                        "x": 1291.1276815043495,
                        "y": 1068.1902547146137
                    },
                    {
                        "x": 1288.9408069015,
                        "y": 1071.4705666188881
                    },
                    {
                        "x": 1283.4736203943762,
                        "y": 1071.4705666188881
                    },
                    {
                        "x": 1279.0998711886768,
                        "y": 1065.4566614610517
                    },
                    {
                        "x": 1268.7122168251415,
                        "y": 1060.5361936046402
                    },
                    {
                        "x": 1249.5770640502076,
                        "y": 1058.896037652503
                    },
                    {
                        "x": 1257.7778438108935,
                        "y": 1078.0311904274367
                    },
                    {
                        "x": 1274.1794033322653,
                        "y": 1119.0350892308663
                    },
                    {
                        "x": 1279.6465898393894,
                        "y": 1148.5578963693358
                    },
                    {
                        "x": 1282.3801830929513,
                        "y": 1169.8799237471192
                    },
                    {
                        "x": 1280.7400271408142,
                        "y": 1178.080703507805
                    },
                    {
                        "x": 1277.4597152365398,
                        "y": 1182.4544527135042
                    },
                    {
                        "x": 1271.4458100787035,
                        "y": 1181.3610154120795
                    },
                    {
                        "x": 1271.4458100787035,
                        "y": 1168.7864864456944
                    },
                    {
                        "x": 1265.431904920867,
                        "y": 1142.5439912114994
                    },
                    {
                        "x": 1254.4975319066193,
                        "y": 1108.1007162166184
                    },
                    {
                        "x": 1244.1098775430837,
                        "y": 1085.138532886698
                    },
                    {
                        "x": 1234.2689418302607,
                        "y": 1066.003380111764
                    },
                    {
                        "x": 1225.5214434188624,
                        "y": 1055.0690070975163
                    },
                    {
                        "x": 1207.4797279453533,
                        "y": 1054.522288446804
                    },
                    {
                        "x": 1194.9051989789682,
                        "y": 1052.3354138439543
                    },
                    {
                        "x": 1181.2372327111584,
                        "y": 1044.1346340832683
                    },
                    {
                        "x": 1191.0781684239814,
                        "y": 1067.6435360639014
                    },
                    {
                        "x": 1198.1855108832426,
                        "y": 1085.6852515374103
                    },
                    {
                        "x": 1208.0264465960656,
                        "y": 1100.446655106645
                    },
                    {
                        "x": 1229.8951926245616,
                        "y": 1115.754777326592
                    },
                    {
                        "x": 1230.9886299259863,
                        "y": 1123.955557087278
                    },
                    {
                        "x": 1226.0681620695748,
                        "y": 1123.4088384365657
                    },
                    {
                        "x": 1227.1615993709995,
                        "y": 1129.422743594402
                    },
                    {
                        "x": 1233.1755045288357,
                        "y": 1135.4366487522384
                    },
                    {
                        "x": 1245.7500334952208,
                        "y": 1140.35711660865
                    },
                    {
                        "x": 1249.5770640502076,
                        "y": 1144.730865814349
                    },
                    {
                        "x": 1248.4836267487829,
                        "y": 1148.5578963693358
                    },
                    {
                        "x": 1239.7361283373846,
                        "y": 1148.5578963693358
                    },
                    {
                        "x": 1229.8951926245616,
                        "y": 1145.2775844650614
                    },
                    {
                        "x": 1220.0542569117383,
                        "y": 1138.1702420058002
                    },
                    {
                        "x": 1212.9469144524774,
                        "y": 1125.5957130394152
                    },
                    {
                        "x": 1203.1059787396541,
                        "y": 1112.4744654223175
                    },
                    {
                        "x": 1189.4380124718443,
                        "y": 1103.1802483602069
                    },
                    {
                        "x": 1198.1855108832426,
                        "y": 1119.0350892308663
                    },
                    {
                        "x": 1203.6526973903665,
                        "y": 1135.9833674029508
                    },
                    {
                        "x": 1202.0125414382294,
                        "y": 1142.5439912114994
                    },
                    {
                        "x": 1197.6387922325302,
                        "y": 1146.9177404171985
                    },
                    {
                        "x": 1191.6248870746938,
                        "y": 1146.9177404171985
                    },
                    {
                        "x": 1191.6248870746938,
                        "y": 1141.4505539100746
                    },
                    {
                        "x": 1192.1716057254064,
                        "y": 1132.156336847964
                    },
                    {
                        "x": 1184.5175446154328,
                        "y": 1116.8482146280169
                    },
                    {
                        "x": 1177.4102021561716,
                        "y": 1103.7269670109192
                    },
                    {
                        "x": 1175.7700462040345,
                        "y": 1121.7686824844284
                    },
                    {
                        "x": 1172.4897342997601,
                        "y": 1126.68915034084
                    },
                    {
                        "x": 1168.115985094061,
                        "y": 1128.8760249436896
                    },
                    {
                        "x": 1163.7422358883618,
                        "y": 1127.7825876422648
                    },
                    {
                        "x": 1161.5553612855122,
                        "y": 1123.955557087278
                    },
                    {
                        "x": 1167.0225477926363,
                        "y": 1117.9416519294416
                    },
                    {
                        "x": 1168.115985094061,
                        "y": 1108.1007162166184
                    },
                    {
                        "x": 1160.4619239840874,
                        "y": 1098.8064991545077
                    },
                    {
                        "x": 1140.7800525584412,
                        "y": 1081.8582209824235
                    },
                    {
                        "x": 1130.9391168456182,
                        "y": 1071.4705666188881
                    },
                    {
                        "x": 1124.9252116877817,
                        "y": 1076.3910344752996
                    },
                    {
                        "x": 1118.3645878792329,
                        "y": 1077.4844717767244
                    },
                    {
                        "x": 1116.1777132763834,
                        "y": 1084.5918142359856
                    },
                    {
                        "x": 1121.0981811327952,
                        "y": 1111.9277467716051
                    },
                    {
                        "x": 1123.2850557356446,
                        "y": 1139.263679307225
                    },
                    {
                        "x": 1130.3923981949058,
                        "y": 1162.772581287858
                    },
                    {
                        "x": 1136.9530220034544,
                        "y": 1181.9077340627919
                    },
                    {
                        "x": 1136.406303352742,
                        "y": 1191.2019511249025
                    },
                    {
                        "x": 1131.4858354963305,
                        "y": 1201.5896054884379
                    },
                    {
                        "x": 1128.7522422427685,
                        "y": 1209.2436665984114
                    },
                    {
                        "x": 1130.9391168456182,
                        "y": 1212.5239785026858
                    },
                    {
                        "x": 1128.2055235920561,
                        "y": 1217.9911650098097
                    },
                    {
                        "x": 1126.0186489892067,
                        "y": 1220.7247582633718
                    },
                    {
                        "x": 1120.0047438313702,
                        "y": 1215.8042904069603
                    },
                    {
                        "x": 1120.5514624820826,
                        "y": 1208.696947947699
                    },
                    {
                        "x": 1125.4719303384943,
                        "y": 1195.5757003306016
                    },
                    {
                        "x": 1128.2055235920561,
                        "y": 1183.547890014929
                    },
                    {
                        "x": 1121.6448997835075,
                        "y": 1163.8660185892827
                    },
                    {
                        "x": 1118.3645878792329,
                        "y": 1157.305394780734
                    },
                    {
                        "x": 1111.8039640706843,
                        "y": 1159.4922693835836
                    },
                    {
                        "x": 1107.9769335156975,
                        "y": 1156.7586761300217
                    },
                    {
                        "x": 1109.6170894678346,
                        "y": 1142.5439912114994
                    },
                    {
                        "x": 1108.5236521664099,
                        "y": 1126.1424316901275
                    },
                    {
                        "x": 1103.6031843099984,
                        "y": 1086.778688838835
                    },
                    {
                        "x": 1094.3089672478877,
                        "y": 1050.1485392411046
                    },
                    {
                        "x": 1092.6688112957504,
                        "y": 1032.1068237675956
                    },
                    {
                        "x": 1095.4024045493125,
                        "y": 1003.6774539305512
                    },
                    {
                        "x": 1098.6827164535869,
                        "y": 991.1029249641662
                    },
                    {
                        "x": 1085.5614688364892,
                        "y": 976.3415213949315
                    },
                    {
                        "x": 1066.973034712268,
                        "y": 990.0094876627413
                    },
                    {
                        "x": 1044.0108513823473,
                        "y": 1004.2241725812636
                    },
                    {
                        "x": 1010.114295038179,
                        "y": 1025.546199959047
                    },
                    {
                        "x": 996.4463287703691,
                        "y": 1028.8265118633212
                    },
                    {
                        "x": 992.0725795646699,
                        "y": 1036.4805729732948
                    },
                    {
                        "x": 993.7127355168071,
                        "y": 1051.2419765425295
                    },
                    {
                        "x": 998.0864847225063,
                        "y": 1066.003380111764
                    },
                    {
                        "x": 990.9791422632451,
                        "y": 1069.2836920160385
                    },
                    {
                        "x": 985.5119557561212,
                        "y": 1069.2836920160385
                    },
                    {
                        "x": 982.7783625025593,
                        "y": 1061.0829122553525
                    },
                    {
                        "x": 976.7644573447229,
                        "y": 1041.4010408297063
                    },
                    {
                        "x": 972.9374267897362,
                        "y": 1028.2797932126089
                    },
                    {
                        "x": 988.7922676603955,
                        "y": 1006.4110471841132
                    },
                    {
                        "x": 1013.3946069424533,
                        "y": 957.7530872707101
                    },
                    {
                        "x": 988.2455490096831,
                        "y": 970.3276162370952
                    },
                    {
                        "x": 975.6710200432981,
                        "y": 981.261989251343
                    },
                    {
                        "x": 968.563677584037,
                        "y": 985.0890198063298
                    },
                    {
                        "x": 960.9096164740635,
                        "y": 987.2758944091794
                    },
                    {
                        "x": 965.2833656797626,
                        "y": 1000.9438606769892
                    },
                    {
                        "x": 973.4841454404485,
                        "y": 1015.7052642462238
                    },
                    {
                        "x": 971.8439894883113,
                        "y": 1021.1724507533478
                    },
                    {
                        "x": 965.2833656797626,
                        "y": 1024.452762657622
                    },
                    {
                        "x": 960.3628978233511,
                        "y": 1021.1724507533478
                    },
                    {
                        "x": 952.1621180626652,
                        "y": 1002.5840166291264
                    },
                    {
                        "x": 946.1482129048288,
                        "y": 995.4766741698653
                    },
                    {
                        "x": 944.5080569526916,
                        "y": 988.9160503613166
                    },
                    {
                        "x": 938.4941517948553,
                        "y": 989.462769012029
                    },
                    {
                        "x": 936.8539958427181,
                        "y": 985.0890198063298
                    },
                    {
                        "x": 946.1482129048288,
                        "y": 977.9816773470686
                    },
                    {
                        "x": 957.0825859190767,
                        "y": 968.687460284958
                    },
                    {
                        "x": 966.9235216318998,
                        "y": 955.5662126678606
                    },
                    {
                        "x": 1002.4602339282054,
                        "y": 943.5384023521879
                    },
                    {
                        "x": 998.6332033732186,
                        "y": 936.4310598929267
                    },
                    {
                        "x": 986.6053930575459,
                        "y": 938.0712158450639
                    },
                    {
                        "x": 976.2177386940104,
                        "y": 942.444965050763
                    },
                    {
                        "x": 973.4841454404485,
                        "y": 935.8843412422143
                    },
                    {
                        "x": 972.3907081390238,
                        "y": 924.9499682279665
                    },
                    {
                        "x": 957.0825859190767,
                        "y": 929.870436084378
                    },
                    {
                        "x": 925.3729041777578,
                        "y": 939.7113717972011
                    },
                    {
                        "x": 917.1721244170719,
                        "y": 940.2580904479134
                    },
                    {
                        "x": 914.43853116351,
                        "y": 938.0712158450639
                    },
                    {
                        "x": 916.0786871156471,
                        "y": 935.3376225915019
                    },
                    {
                        "x": 922.0925922734834,
                        "y": 932.0573106872275
                    },
                    {
                        "x": 945.6014942541165,
                        "y": 924.4032495772541
                    },
                    {
                        "x": 973.4841454404485,
                        "y": 914.0155952137186
                    },
                    {
                        "x": 980.0447692489972,
                        "y": 908.5484087065946
                    },
                    {
                        "x": 978.40461329686,
                        "y": 901.4410662473335
                    },
                    {
                        "x": 974.5775827418734,
                        "y": 890.5066932330856
                    },
                    {
                        "x": 980.0447692489972,
                        "y": 886.6796626780988
                    },
                    {
                        "x": 986.0586744068336,
                        "y": 881.7591948216873
                    },
                    {
                        "x": 992.0725795646699,
                        "y": 884.4927880752492
                    },
                    {
                        "x": 994.8061728182319,
                        "y": 880.1190388695501
                    },
                    {
                        "x": 983.3250811532716,
                        "y": 874.6518523624262
                    },
                    {
                        "x": 959.8161791726386,
                        "y": 858.7970114917667
                    },
                    {
                        "x": 947.2416502062536,
                        "y": 871.9182591088642
                    },
                    {
                        "x": 938.4941517948553,
                        "y": 871.9182591088642
                    },
                    {
                        "x": 928.1064974313198,
                        "y": 865.3576353003155
                    },
                    {
                        "x": 905.1443141013992,
                        "y": 865.3576353003155
                    },
                    {
                        "x": 885.4624426757531,
                        "y": 862.6240420467535
                    },
                    {
                        "x": 872.887913709368,
                        "y": 860.9838860946163
                    },
                    {
                        "x": 859.2199474415581,
                        "y": 860.9838860946163
                    },
                    {
                        "x": 847.7388557765979,
                        "y": 864.2641979988907
                    },
                    {
                        "x": 840.6315133173367,
                        "y": 868.0912285538775
                    },
                    {
                        "x": 834.6176081595004,
                        "y": 866.4510726017403
                    },
                    {
                        "x": 832.4307335566508,
                        "y": 861.5306047453287
                    },
                    {
                        "x": 834.6176081595004,
                        "y": 856.0634182382048
                    },
                    {
                        "x": 850.4724490301599,
                        "y": 849.5027944296561
                    },
                    {
                        "x": 861.4068220444077,
                        "y": 846.769201176094
                    },
                    {
                        "x": 878.9018188672044,
                        "y": 849.5027944296561
                    },
                    {
                        "x": 896.9435343407133,
                        "y": 850.5962317310808
                    },
                    {
                        "x": 910.0647819578109,
                        "y": 849.5027944296561
                    },
                    {
                        "x": 923.7327482256206,
                        "y": 850.0495130803685
                    },
                    {
                        "x": 934.6671212398685,
                        "y": 849.5027944296561
                    },
                    {
                        "x": 949.4285248091032,
                        "y": 854.4232622860676
                    },
                    {
                        "x": 943.4146196512669,
                        "y": 845.6757638746693
                    },
                    {
                        "x": 927.013060129895,
                        "y": 842.3954519703949
                    },
                    {
                        "x": 917.1721244170719,
                        "y": 835.8348281618462
                    },
                    {
                        "x": 910.0647819578109,
                        "y": 827.6340484011603
                    },
                    {
                        "x": 888.7427545800274,
                        "y": 824.353736496886
                    },
                    {
                        "x": 865.2338525993945,
                        "y": 818.3398313390496
                    },
                    {
                        "x": 849.9257303794475,
                        "y": 814.5128007840628
                    },
                    {
                        "x": 815.4824553845666,
                        "y": 810.1390515783637
                    },
                    {
                        "x": 801.8144891167568,
                        "y": 807.9521769755141
                    },
                    {
                        "x": 785.412929595385,
                        "y": 806.8587396740893
                    },
                    {
                        "x": 766.2777768204512,
                        "y": 800.2981158655406
                    },
                    {
                        "x": 752.0630919019289,
                        "y": 799.7513972148282
                    },
                    {
                        "x": 736.2082510312695,
                        "y": 795.9243666598414
                    },
                    {
                        "x": 726.9140339691588,
                        "y": 792.0973361048547
                    },
                    {
                        "x": 729.6476272227208,
                        "y": 788.8170242005802
                    },
                    {
                        "x": 754.7966851554909,
                        "y": 792.0973361048547
                    },
                    {
                        "x": 767.3712141218759,
                        "y": 793.1907734062795
                    },
                    {
                        "x": 784.3194922939601,
                        "y": 797.5645226119786
                    },
                    {
                        "x": 799.0808958631948,
                        "y": 798.6579599134034
                    },
                    {
                        "x": 826.4168283988145,
                        "y": 800.2981158655406
                    },
                    {
                        "x": 855.9396355372838,
                        "y": 801.9382718176778
                    },
                    {
                        "x": 891.4763478335894,
                        "y": 808.4988956262265
                    },
                    {
                        "x": 907.8779073549613,
                        "y": 810.6857702290761
                    },
                    {
                        "x": 912.2516565606604,
                        "y": 804.6718650712397
                    },
                    {
                        "x": 918.8122803692091,
                        "y": 803.578427769815
                    },
                    {
                        "x": 924.279466876333,
                        "y": 801.3915531669653
                    },
                    {
                        "x": 907.8779073549613,
                        "y": 794.2842107077042
                    },
                    {
                        "x": 876.7149442643548,
                        "y": 780.6162444398944
                    },
                    {
                        "x": 853.7527609344343,
                        "y": 774.6023392820581
                    },
                    {
                        "x": 823.1365164945402,
                        "y": 766.4015595213722
                    },
                    {
                        "x": 806.7349569731683,
                        "y": 766.4015595213722
                    },
                    {
                        "x": 796.8940212603452,
                        "y": 761.4810916649606
                    },
                    {
                        "x": 785.9596482460973,
                        "y": 755.4671865071242
                    },
                    {
                        "x": 782.6793363418229,
                        "y": 752.1868746028499
                    },
                    {
                        "x": 778.3055871361238,
                        "y": 741.2525015886021
                    },
                    {
                        "x": 777.2121498346991,
                        "y": 734.1451591293409
                    },
                    {
                        "x": 781.5858990403982,
                        "y": 732.5050031772037
                    },
                    {
                        "x": 789.2399601503718,
                        "y": 736.3320337321904
                    },
                    {
                        "x": 795.8005839589205,
                        "y": 747.8131253971508
                    },
                    {
                        "x": 804.0013637196064,
                        "y": 752.1868746028499
                    },
                    {
                        "x": 816.029174035279,
                        "y": 755.4671865071242
                    },
                    {
                        "x": 830.7905776045137,
                        "y": 756.0139051578367
                    },
                    {
                        "x": 848.2855744273103,
                        "y": 757.6540611099738
                    },
                    {
                        "x": 867.9674458529564,
                        "y": 761.4810916649606
                    },
                    {
                        "x": 891.4763478335894,
                        "y": 769.6818714256465
                    },
                    {
                        "x": 916.0786871156471,
                        "y": 777.8826511863324
                    },
                    {
                        "x": 934.1204025891561,
                        "y": 786.6301495977307
                    },
                    {
                        "x": 943.9613383019793,
                        "y": 789.9104615020051
                    },
                    {
                        "x": 949.4285248091032,
                        "y": 782.2564003920315
                    },
                    {
                        "x": 943.9613383019793,
                        "y": 781.1629630906068
                    },
                    {
                        "x": 931.9335279863066,
                        "y": 778.4293698370448
                    },
                    {
                        "x": 932.4802466370189,
                        "y": 776.2424952341952
                    },
                    {
                        "x": 940.6810263977048,
                        "y": 772.4154646792085
                    },
                    {
                        "x": 952.1621180626652,
                        "y": 774.6023392820581
                    },
                    {
                        "x": 935.213839890581,
                        "y": 767.4949968227969
                    },
                    {
                        "x": 928.6532160820323,
                        "y": 762.027810315673
                    },
                    {
                        "x": 925.3729041777578,
                        "y": 754.9204678564118
                    },
                    {
                        "x": 921.5458736227711,
                        "y": 747.8131253971508
                    },
                    {
                        "x": 922.6393109241959,
                        "y": 740.1590642871772
                    },
                    {
                        "x": 926.4663414791826,
                        "y": 736.8787523829028
                    },
                    {
                        "x": 934.6671212398685,
                        "y": 731.9582845264913
                    },
                    {
                        "x": 914.43853116351,
                        "y": 707.902663895146
                    },
                    {
                        "x": 899.6771275942754,
                        "y": 686.5806365173626
                    },
                    {
                        "x": 879.9952561686291,
                        "y": 673.4593889002651
                    },
                    {
                        "x": 852.6593236330094,
                        "y": 654.8709547760437
                    },
                    {
                        "x": 827.5102657002393,
                        "y": 640.1095512068091
                    },
                    {
                        "x": 818.762767288841,
                        "y": 635.1890833503976
                    },
                    {
                        "x": 813.295580781717,
                        "y": 645.0300190632206
                    },
                    {
                        "x": 805.0948010210311,
                        "y": 639.5628325560967
                    },
                    {
                        "x": 808.3751129253055,
                        "y": 634.6423646996851
                    },
                    {
                        "x": 800.1743331646196,
                        "y": 635.1890833503976
                    },
                    {
                        "x": 800.1743331646196,
                        "y": 629.1751781925612
                    },
                    {
                        "x": 806.188238322456,
                        "y": 624.8014289868621
                    },
                    {
                        "x": 823.1365164945402,
                        "y": 623.1612730347249
                    },
                    {
                        "x": 838.4446387144872,
                        "y": 622.0678357333001
                    },
                    {
                        "x": 848.2855744273103,
                        "y": 622.6145543840125
                    },
                    {
                        "x": 866.8740085515317,
                        "y": 636.8292393025347
                    },
                    {
                        "x": 884.9157240250407,
                        "y": 657.6045480296057
                    },
                    {
                        "x": 894.2099410871514,
                        "y": 664.7118904888669
                    },
                    {
                        "x": 891.4763478335894,
                        "y": 642.843144460371
                    },
                    {
                        "x": 896.396815690001,
                        "y": 630.8153341446985
                    },
                    {
                        "x": 894.7566597378637,
                        "y": 622.6145543840125
                    },
                    {
                        "x": 884.9157240250407,
                        "y": 608.3998694654903
                    },
                    {
                        "x": 867.420727202244,
                        "y": 596.9187778005299
                    },
                    {
                        "x": 853.2060422837218,
                        "y": 589.8114353412689
                    },
                    {
                        "x": 840.0847946666244,
                        "y": 587.0778420877069
                    },
                    {
                        "x": 835.7110454609252,
                        "y": 585.9844047862821
                    },
                    {
                        "x": 835.7110454609252,
                        "y": 582.1573742312953
                    },
                    {
                        "x": 840.0847946666244,
                        "y": 578.3303436763085
                    },
                    {
                        "x": 855.3929168865714,
                        "y": 581.0639369298706
                    },
                    {
                        "x": 867.420727202244,
                        "y": 585.9844047862821
                    },
                    {
                        "x": 876.1682256136423,
                        "y": 592.5450285948308
                    },
                    {
                        "x": 882.1821307714787,
                        "y": 585.9844047862821
                    },
                    {
                        "x": 889.2894732307399,
                        "y": 589.2647166905565
                    },
                    {
                        "x": 894.2099410871514,
                        "y": 598.5589337526671
                    },
                    {
                        "x": 901.8640021971249,
                        "y": 610.5867440683398
                    },
                    {
                        "x": 906.2377514028241,
                        "y": 628.0817408911364
                    },
                    {
                        "x": 905.1443141013992,
                        "y": 651.043924221057
                    },
                    {
                        "x": 905.6910327521116,
                        "y": 663.618453187442
                    },
                    {
                        "x": 912.2516565606604,
                        "y": 674.55282620169
                    },
                    {
                        "x": 927.5597787806074,
                        "y": 687.6740738187874
                    },
                    {
                        "x": 949.4285248091032,
                        "y": 707.3559452444335
                    },
                    {
                        "x": 966.9235216318998,
                        "y": 716.6501623065443
                    },
                    {
                        "x": 974.5775827418734,
                        "y": 721.0239115122434
                    },
                    {
                        "x": 988.2455490096831,
                        "y": 722.6640674643807
                    },
                    {
                        "x": 996.9930474210814,
                        "y": 723.210786115093
                    }
                ],
                "resin": 1,
                "browning": false
            }
        ],
        "object_id": "B_a05_B_1_1_22-08-29-10-31-1010"
    },
    "Metadata": {
        "Images": {
            "object_id": "B_a05_B_1_1_22-08-29-10-31-1010",
            "path": "1.Traning_원천데이터_꽃_미수정암꽃",
            "width": 2000,
            "height": 1500
        },
        "environment": {
            "area_id": "B",
            "hemp_id": "B_a05_B_1",
            "area_temp": 30.3,
            "area_hum": 74,
            "area_co2": 346,
            "area_Illum": 501,
            "water_temp": 26.2,
            "water_ec": 2.2,
            "water_ph": 6.5
        },
        "Growth Info": {
            "period": 68,
            "length": 103,
            "node_number": 23,
            "node_length": 4.4,
            "root_round": 15.5
        }
    }
}