{
    "annotations": {
        "label": {
            "category": 1
        },
        "polygon": [
            {
                "type": "POLYGON",
                "vertices": [
                    {
                        "x": 1220.4022459042667,
                        "y": 649.4301943269139
                    },
                    {
                        "x": 1223.3867039636923,
                        "y": 658.9869299816572
                    },
                    {
                        "x": 1222.7898214596505,
                        "y": 664.9598883418076
                    },
                    {
                        "x": 1224.580468971776,
                        "y": 670.335559979954
                    },
                    {
                        "x": 1226.96804452716,
                        "y": 678.6976880131477
                    },
                    {
                        "x": 1225.7742795190761,
                        "y": 685.8652426023338
                    },
                    {
                        "x": 1225.7742795190761,
                        "y": 690.6436047334485
                    },
                    {
                        "x": 1224.580468971776,
                        "y": 694.2273934205555
                    },
                    {
                        "x": 1225.177351475818,
                        "y": 699.603042273674
                    },
                    {
                        "x": 1223.3867039636923,
                        "y": 705.5760006338243
                    },
                    {
                        "x": 1218.6115528529251,
                        "y": 710.9516722719708
                    },
                    {
                        "x": 1215.0302122894575,
                        "y": 715.7300344030855
                    },
                    {
                        "x": 1206.0768381111805,
                        "y": 720.5083965342001
                    },
                    {
                        "x": 1203.689262555797,
                        "y": 722.3003022702676
                    },
                    {
                        "x": 1210.25506117869,
                        "y": 724.0921852213071
                    },
                    {
                        "x": 1215.6270947934995,
                        "y": 733.0516227615326
                    },
                    {
                        "x": 1219.805363400225,
                        "y": 737.2326981706434
                    },
                    {
                        "x": 1219.208435356967,
                        "y": 744.4002299748015
                    },
                    {
                        "x": 1225.7742795190761,
                        "y": 747.9840186619085
                    },
                    {
                        "x": 1230.5493850906273,
                        "y": 752.7623807930232
                    },
                    {
                        "x": 1231.7431956379273,
                        "y": 758.1380524311696
                    },
                    {
                        "x": 1233.533843150053,
                        "y": 764.7082975133237
                    },
                    {
                        "x": 1237.1151837135205,
                        "y": 771.8253240862706
                    },
                    {
                        "x": 1242.4872173283297,
                        "y": 773.0199203153062
                    },
                    {
                        "x": 1246.0685578917974,
                        "y": 775.4090899883497
                    },
                    {
                        "x": 1250.114140402853,
                        "y": 773.5010711170632
                    },
                    {
                        "x": 1255.618860113332,
                        "y": 768.2415353991637
                    },
                    {
                        "x": 1265.1691167956508,
                        "y": 762.2685770390133
                    },
                    {
                        "x": 1270.54115041046,
                        "y": 757.4902149078986
                    },
                    {
                        "x": 1280.6882895968206,
                        "y": 749.1280868747049
                    },
                    {
                        "x": 1288.4478987670136,
                        "y": 744.9470114655941
                    },
                    {
                        "x": 1296.2074623979906,
                        "y": 735.9875739253686
                    },
                    {
                        "x": 1306.3546471235672,
                        "y": 727.6254231071468
                    },
                    {
                        "x": 1314.1142107545443,
                        "y": 719.860581795957
                    },
                    {
                        "x": 1321.873819924737,
                        "y": 714.4849215503245
                    },
                    {
                        "x": 1327.2458535395465,
                        "y": 713.8876234358067
                    },
                    {
                        "x": 1333.8116521624395,
                        "y": 718.6659855669214
                    },
                    {
                        "x": 1340.9743332893745,
                        "y": 724.0416458125538
                    },
                    {
                        "x": 1347.5401319122677,
                        "y": 728.2227326141788
                    },
                    {
                        "x": 1357.0904341338023,
                        "y": 732.4037852382615
                    },
                    {
                        "x": 1361.8655397053537,
                        "y": 738.376743598412
                    },
                    {
                        "x": 1366.6406908161212,
                        "y": 740.7659360564833
                    },
                    {
                        "x": 1373.2064894390141,
                        "y": 744.9470114655941
                    },
                    {
                        "x": 1382.756746121333,
                        "y": 748.5307773676732
                    },
                    {
                        "x": 1392.3070028036516,
                        "y": 749.1280868747049
                    },
                    {
                        "x": 1400.0666119738446,
                        "y": 749.1280868747049
                    },
                    {
                        "x": 1404.244835041354,
                        "y": 743.7524152365584
                    },
                    {
                        "x": 1408.4231036480794,
                        "y": 745.544298187598
                    },
                    {
                        "x": 1411.407561707505,
                        "y": 750.3226603187126
                    },
                    {
                        "x": 1411.407561707505,
                        "y": 755.6983319568591
                    },
                    {
                        "x": 1407.2292931007796,
                        "y": 759.8794073659699
                    },
                    {
                        "x": 1400.6634944778866,
                        "y": 761.6712903170094
                    },
                    {
                        "x": 1396.4852714103772,
                        "y": 762.2685770390133
                    },
                    {
                        "x": 1389.919472787484,
                        "y": 761.6712903170094
                    },
                    {
                        "x": 1381.5629811132492,
                        "y": 761.6712903170094
                    },
                    {
                        "x": 1377.3847125065238,
                        "y": 761.6712903170094
                    },
                    {
                        "x": 1371.4157963876726,
                        "y": 765.2550562190885
                    },
                    {
                        "x": 1367.237573320163,
                        "y": 768.8388449061954
                    },
                    {
                        "x": 1363.6562327566955,
                        "y": 771.2280145792388
                    },
                    {
                        "x": 1361.8655397053537,
                        "y": 773.6172070373101
                    },
                    {
                        "x": 1370.2220313795885,
                        "y": 777.2009729393892
                    },
                    {
                        "x": 1375.594064994398,
                        "y": 779.5901653974605
                    },
                    {
                        "x": 1383.9505566686328,
                        "y": 781.9793578555318
                    },
                    {
                        "x": 1390.516355291526,
                        "y": 783.1739312995395
                    },
                    {
                        "x": 1395.8883889063352,
                        "y": 783.1739312995395
                    },
                    {
                        "x": 1404.244835041354,
                        "y": 789.1468896596897
                    },
                    {
                        "x": 1410.8106792034632,
                        "y": 794.5225612978362
                    },
                    {
                        "x": 1415.5857847750146,
                        "y": 799.3009234289509
                    },
                    {
                        "x": 1425.1360414573332,
                        "y": 804.6765950670974
                    },
                    {
                        "x": 1437.6708017382937,
                        "y": 810.052243920216
                    },
                    {
                        "x": 1442.4459073098449,
                        "y": 814.2333193293268
                    },
                    {
                        "x": 1451.9961639921637,
                        "y": 819.6089909674732
                    },
                    {
                        "x": 1457.368197606973,
                        "y": 824.3873530985879
                    },
                    {
                        "x": 1455.577550094847,
                        "y": 829.1657152297028
                    },
                    {
                        "x": 1453.422127137713,
                        "y": 831.5051407563656
                    },
                    {
                        "x": 1447.8677127577798,
                        "y": 828.2863675836861
                    },
                    {
                        "x": 1441.849024805803,
                        "y": 826.7765455566592
                    },
                    {
                        "x": 1434.08941563561,
                        "y": 822.5954701475484
                    },
                    {
                        "x": 1427.5236170127168,
                        "y": 819.0116814604415
                    },
                    {
                        "x": 1422.1515833979076,
                        "y": 814.8306288363585
                    },
                    {
                        "x": 1416.1826672790564,
                        "y": 811.2468401492516
                    },
                    {
                        "x": 1410.8106792034632,
                        "y": 807.0657647401408
                    },
                    {
                        "x": 1401.2603769819284,
                        "y": 802.2874026090261
                    },
                    {
                        "x": 1393.5008133509516,
                        "y": 799.8982329359828
                    },
                    {
                        "x": 1387.5318972321004,
                        "y": 799.3009234289509
                    },
                    {
                        "x": 1380.3691705659492,
                        "y": 799.3009234289509
                    },
                    {
                        "x": 1376.1909474984398,
                        "y": 800.4955196579865
                    },
                    {
                        "x": 1382.756746121333,
                        "y": 807.6630742471725
                    },
                    {
                        "x": 1386.9350147280584,
                        "y": 813.6360326073229
                    },
                    {
                        "x": 1392.9039308469096,
                        "y": 820.8035871965089
                    },
                    {
                        "x": 1397.679036418461,
                        "y": 827.9711190006669
                    },
                    {
                        "x": 1404.841763084612,
                        "y": 835.6349384569203
                    },
                    {
                        "x": 1409.6168686561634,
                        "y": 846.3862361631573
                    },
                    {
                        "x": 1413.1982092196308,
                        "y": 854.1510888668611
                    },
                    {
                        "x": 1416.7795953223144,
                        "y": 860.1240472270115
                    },
                    {
                        "x": 1420.9578183898238,
                        "y": 869.083484767237
                    },
                    {
                        "x": 1425.1360414573332,
                        "y": 878.0429223074625
                    },
                    {
                        "x": 1428.7174275600166,
                        "y": 887.0023598476879
                    },
                    {
                        "x": 1432.8956506275263,
                        "y": 892.9753182078383
                    },
                    {
                        "x": 1435.8801086869519,
                        "y": 901.9347557480638
                    },
                    {
                        "x": 1443.0427898138869,
                        "y": 909.6995970592537
                    },
                    {
                        "x": 1448.414823428696,
                        "y": 916.2698649264358
                    },
                    {
                        "x": 1453.7868570435055,
                        "y": 918.6590345994792
                    },
                    {
                        "x": 1460.3526556663985,
                        "y": 924.0347062376256
                    },
                    {
                        "x": 1464.530924273124,
                        "y": 928.8130683687405
                    },
                    {
                        "x": 1465.127806777166,
                        "y": 932.9941437778513
                    },
                    {
                        "x": 1462.1433487177403,
                        "y": 934.1887400068869
                    },
                    {
                        "x": 1454.2842730449677,
                        "y": 932.6291124404876
                    },
                    {
                        "x": 1447.8179409246543,
                        "y": 926.4238759106692
                    },
                    {
                        "x": 1439.4117229565095,
                        "y": 919.5383822454958
                    },
                    {
                        "x": 1425.7329695005913,
                        "y": 906.7131178791785
                    },
                    {
                        "x": 1418.57024283444,
                        "y": 903.1293519770994
                    },
                    {
                        "x": 1414.3920197669306,
                        "y": 897.1563936169491
                    },
                    {
                        "x": 1407.8262211440376,
                        "y": 891.1834352567987
                    },
                    {
                        "x": 1403.0510700332702,
                        "y": 884.6131673896166
                    },
                    {
                        "x": 1398.8728469657608,
                        "y": 879.2375185364982
                    },
                    {
                        "x": 1393.5008133509516,
                        "y": 876.8483260784269
                    },
                    {
                        "x": 1385.1443216767166,
                        "y": 871.4726886178222
                    },
                    {
                        "x": 1379.1754055578654,
                        "y": 867.8888885382014
                    },
                    {
                        "x": 1372.6096069349724,
                        "y": 861.915930178051
                    },
                    {
                        "x": 1366.6406908161212,
                        "y": 857.1375680469363
                    },
                    {
                        "x": 1359.4779641499701,
                        "y": 852.9564926378255
                    },
                    {
                        "x": 1353.509048031119,
                        "y": 853.5538135373712
                    },
                    {
                        "x": 1348.7339424595675,
                        "y": 849.9700134577503
                    },
                    {
                        "x": 1343.3619088447583,
                        "y": 848.1781305067108
                    },
                    {
                        "x": 1345.1526018961,
                        "y": 843.4502963918354
                    },
                    {
                        "x": 1345.1526018961,
                        "y": 835.0881455736137
                    },
                    {
                        "x": 1348.7339424595675,
                        "y": 833.2962626225743
                    },
                    {
                        "x": 1346.9432494082257,
                        "y": 826.72601754042
                    },
                    {
                        "x": 1342.7650263407163,
                        "y": 821.9476326242774
                    },
                    {
                        "x": 1337.392992725907,
                        "y": 819.558462951234
                    },
                    {
                        "x": 1332.6178416151397,
                        "y": 813.5855045910836
                    },
                    {
                        "x": 1329.036501051672,
                        "y": 807.6125462309334
                    },
                    {
                        "x": 1323.6644674368629,
                        "y": 804.0287575438263
                    },
                    {
                        "x": 1313.5173282505023,
                        "y": 810.0017159039767
                    },
                    {
                        "x": 1305.7577190803092,
                        "y": 813.5855045910836
                    },
                    {
                        "x": 1297.9981554493324,
                        "y": 818.9611534442022
                    },
                    {
                        "x": 1295.0136973899068,
                        "y": 823.142228853313
                    },
                    {
                        "x": 1292.0292393304812,
                        "y": 829.7124967204951
                    },
                    {
                        "x": 1287.8509707237556,
                        "y": 837.477338031685
                    },
                    {
                        "x": 1288.4478987670136,
                        "y": 844.0475831138393
                    },
                    {
                        "x": 1290.8354287831812,
                        "y": 848.2286585229501
                    },
                    {
                        "x": 1292.626121834523,
                        "y": 854.2016168831004
                    },
                    {
                        "x": 1293.223004338565,
                        "y": 858.9799790142151
                    },
                    {
                        "x": 1293.8198868426068,
                        "y": 861.9664581942903
                    },
                    {
                        "x": 1299.1919204574162,
                        "y": 858.9799790142151
                    },
                    {
                        "x": 1304.066569695219,
                        "y": 859.7597927974149
                    },
                    {
                        "x": 1305.6748364422206,
                        "y": 863.8081466847023
                    },
                    {
                        "x": 1301.5794960127998,
                        "y": 872.7177786855552
                    },
                    {
                        "x": 1301.5794960127998,
                        "y": 878.0934503237017
                    },
                    {
                        "x": 1304.5639540722254,
                        "y": 886.4556011419234
                    },
                    {
                        "x": 1303.9670715681834,
                        "y": 890.6366537660064
                    },
                    {
                        "x": 1307.548412131651,
                        "y": 895.4150386821489
                    },
                    {
                        "x": 1304.5639540722254,
                        "y": 899.5960913062319
                    },
                    {
                        "x": 1300.385731004716,
                        "y": 900.7906875352675
                    },
                    {
                        "x": 1296.2074623979906,
                        "y": 900.1934008132636
                    },
                    {
                        "x": 1293.8198868426068,
                        "y": 906.7636458954179
                    },
                    {
                        "x": 1296.8043449020324,
                        "y": 912.6860762393289
                    },
                    {
                        "x": 1300.9826135087576,
                        "y": 916.8671516484397
                    },
                    {
                        "x": 1299.1919204574162,
                        "y": 922.84011000859
                    },
                    {
                        "x": 1295.0136973899068,
                        "y": 924.0347062376256
                    },
                    {
                        "x": 1287.8509707237556,
                        "y": 913.2833857463606
                    },
                    {
                        "x": 1283.0758651522044,
                        "y": 918.0617478774752
                    },
                    {
                        "x": 1283.0758651522044,
                        "y": 922.84011000859
                    },
                    {
                        "x": 1281.2851721008626,
                        "y": 927.0211854177008
                    },
                    {
                        "x": 1270.54115041046,
                        "y": 928.8130683687405
                    },
                    {
                        "x": 1268.1535748550764,
                        "y": 934.1887400068869
                    },
                    {
                        "x": 1263.975306248351,
                        "y": 939.5643888600054
                    },
                    {
                        "x": 1265.1691167956508,
                        "y": 943.7454642691162
                    },
                    {
                        "x": 1265.1691167956508,
                        "y": 953.8994980383774
                    },
                    {
                        "x": 1263.975306248351,
                        "y": 959.2751468914959
                    },
                    {
                        "x": 1259.2002006767996,
                        "y": 961.0670526275634
                    },
                    {
                        "x": 1255.618860113332,
                        "y": 962.2616260715711
                    },
                    {
                        "x": 1253.8281670619904,
                        "y": 966.442701480682
                    },
                    {
                        "x": 1248.456133447181,
                        "y": 968.8318939387532
                    },
                    {
                        "x": 1245.4716753877553,
                        "y": 969.4291806607571
                    },
                    {
                        "x": 1238.9058767648623,
                        "y": 965.2481052516463
                    },
                    {
                        "x": 1232.3400781419691,
                        "y": 962.8589355786029
                    },
                    {
                        "x": 1226.371162023118,
                        "y": 962.8589355786029
                    },
                    {
                        "x": 1224.580468971776,
                        "y": 965.8454147586781
                    },
                    {
                        "x": 1224.580468971776,
                        "y": 972.9624413316247
                    },
                    {
                        "x": 1226.371162023118,
                        "y": 980.1299731357828
                    },
                    {
                        "x": 1225.177351475818,
                        "y": 992.0758898560836
                    },
                    {
                        "x": 1223.9835864677343,
                        "y": 1001.6326369033409
                    },
                    {
                        "x": 1220.9991284083087,
                        "y": 1009.9947649365347
                    },
                    {
                        "x": 1220.4022459042667,
                        "y": 1020.1487987057957
                    },
                    {
                        "x": 1218.014670348883,
                        "y": 1024.3298741149065
                    },
                    {
                        "x": 1218.014670348883,
                        "y": 1034.4839078841676
                    },
                    {
                        "x": 1216.2239772975413,
                        "y": 1041.054152966322
                    },
                    {
                        "x": 1215.6270947934995,
                        "y": 1047.624420833504
                    },
                    {
                        "x": 1213.2395192381157,
                        "y": 1053.0000696866227
                    },
                    {
                        "x": 1212.045754230032,
                        "y": 1057.778431817737
                    },
                    {
                        "x": 1212.045754230032,
                        "y": 1066.1405826359587
                    },
                    {
                        "x": 1213.2395192381157,
                        "y": 1071.5162542741052
                    },
                    {
                        "x": 1206.0768381111805,
                        "y": 1071.5162542741052
                    },
                    {
                        "x": 1204.2861450598389,
                        "y": 1068.5297750940301
                    },
                    {
                        "x": 1203.689262555797,
                        "y": 1062.5062887176407
                    },
                    {
                        "x": 1200.1079219923295,
                        "y": 1057.727903801498
                    },
                    {
                        "x": 1198.9141569842457,
                        "y": 1052.3522549483794
                    },
                    {
                        "x": 1194.7358883775203,
                        "y": 1055.3387341284547
                    },
                    {
                        "x": 1187.5732072505853,
                        "y": 1057.1306170794942
                    },
                    {
                        "x": 1179.8135980803922,
                        "y": 1063.1035754396444
                    },
                    {
                        "x": 1174.441564465583,
                        "y": 1068.4792470777907
                    },
                    {
                        "x": 1167.2788833386478,
                        "y": 1073.8548959309096
                    },
                    {
                        "x": 1159.519274168455,
                        "y": 1075.646778881949
                    },
                    {
                        "x": 1152.35659304152,
                        "y": 1078.6332580620242
                    },
                    {
                        "x": 1146.3876769226688,
                        "y": 1081.0224505200956
                    },
                    {
                        "x": 1138.6280677524758,
                        "y": 1084.6062164221746
                    },
                    {
                        "x": 1131.4653866255408,
                        "y": 1089.3846013383172
                    },
                    {
                        "x": 1124.8995880026475,
                        "y": 1090.5791747823248
                    },
                    {
                        "x": 1118.3337893797545,
                        "y": 1094.1629634694318
                    },
                    {
                        "x": 1110.5741802095615,
                        "y": 1098.9413256005464
                    },
                    {
                        "x": 1102.2176885353267,
                        "y": 1105.5115706827007
                    },
                    {
                        "x": 1097.4425829637753,
                        "y": 1106.706166911736
                    },
                    {
                        "x": 1101.6208060312847,
                        "y": 1111.4845290428511
                    },
                    {
                        "x": 1105.2021465947523,
                        "y": 1116.2629139589937
                    },
                    {
                        "x": 1105.2021465947523,
                        "y": 1119.2493931390688
                    },
                    {
                        "x": 1101.6208060312847,
                        "y": 1121.6385628121122
                    },
                    {
                        "x": 1099.233230475901,
                        "y": 1120.4439665830766
                    },
                    {
                        "x": 1095.6518899124335,
                        "y": 1113.8737215009223
                    },
                    {
                        "x": 1092.6674318530079,
                        "y": 1116.2629139589937
                    },
                    {
                        "x": 1086.6985157341567,
                        "y": 1125.2223514992193
                    },
                    {
                        "x": 1081.3264821193475,
                        "y": 1128.8061174012983
                    },
                    {
                        "x": 1077.148259051838,
                        "y": 1131.7925965813733
                    },
                    {
                        "x": 1068.791767377603,
                        "y": 1138.9601511705594
                    },
                    {
                        "x": 1064.6135443100936,
                        "y": 1139.5574378925633
                    },
                    {
                        "x": 1061.0321582074102,
                        "y": 1140.1547473995952
                    },
                    {
                        "x": 1058.6446281912424,
                        "y": 1138.9601511705594
                    },
                    {
                        "x": 1057.4508176439426,
                        "y": 1137.1682682195199
                    },
                    {
                        "x": 1056.8539351399008,
                        "y": 1132.3898833033772
                    },
                    {
                        "x": 1061.629086250668,
                        "y": 1130.5980003523377
                    },
                    {
                        "x": 1062.8228512587518,
                        "y": 1130.5980003523377
                    },
                    {
                        "x": 1067.5980023695192,
                        "y": 1130.0007136303338
                    },
                    {
                        "x": 1075.3575660004963,
                        "y": 1124.6250419921873
                    },
                    {
                        "x": 1082.5202926666473,
                        "y": 1117.4574874030013
                    },
                    {
                        "x": 1090.2798562976243,
                        "y": 1108.4980498627758
                    },
                    {
                        "x": 1081.9233646233893,
                        "y": 1103.1224010096573
                    },
                    {
                        "x": 1076.5513765477963,
                        "y": 1097.7467293715108
                    },
                    {
                        "x": 1071.7762254370286,
                        "y": 1093.5656539624
                    },
                    {
                        "x": 1063.4197337627938,
                        "y": 1084.6062164221746
                    },
                    {
                        "x": 1056.8539351399008,
                        "y": 1080.425163798092
                    },
                    {
                        "x": 1052.0787840291334,
                        "y": 1073.8548959309096
                    },
                    {
                        "x": 1049.0943259697078,
                        "y": 1068.4792470777907
                    },
                    {
                        "x": 1045.5129854062402,
                        "y": 1066.090031834692
                    },
                    {
                        "x": 1039.5441148266052,
                        "y": 1064.895458390684
                    },
                    {
                        "x": 1032.978270664496,
                        "y": 1064.895458390684
                    },
                    {
                        "x": 1028.2031195537286,
                        "y": 1066.0900546197197
                    },
                    {
                        "x": 1018.055980367368,
                        "y": 1068.4792470777907
                    },
                    {
                        "x": 1010.893299240433,
                        "y": 1070.8684167508343
                    },
                    {
                        "x": 1004.3274550783239,
                        "y": 1074.452205437941
                    },
                    {
                        "x": 998.3585617290806,
                        "y": 1078.0359713400203
                    },
                    {
                        "x": 986.4207067217702,
                        "y": 1082.7638054548956
                    },
                    {
                        "x": 976.8704500394515,
                        "y": 1086.9448808640066
                    },
                    {
                        "x": 967.9170758611747,
                        "y": 1090.5286581585997
                    },
                    {
                        "x": 961.9481597423235,
                        "y": 1097.0989032407538
                    },
                    {
                        "x": 956.5761261275142,
                        "y": 1101.8772767643825
                    },
                    {
                        "x": 951.204138051921,
                        "y": 1107.252948402529
                    },
                    {
                        "x": 947.6227519492375,
                        "y": 1110.239427582604
                    },
                    {
                        "x": 942.2507638736441,
                        "y": 1115.6150764357226
                    },
                    {
                        "x": 937.4756127628767,
                        "y": 1120.990748073869
                    },
                    {
                        "x": 935.0880372074931,
                        "y": 1120.3934385668372
                    },
                    {
                        "x": 936.2818477547929,
                        "y": 1114.420480206687
                    },
                    {
                        "x": 941.6538358303862,
                        "y": 1107.8502351245327
                    },
                    {
                        "x": 947.0258694451954,
                        "y": 1101.2799900423786
                    },
                    {
                        "x": 954.7854786153885,
                        "y": 1095.307043074742
                    },
                    {
                        "x": 957.7699366748141,
                        "y": 1090.5286581585997
                    },
                    {
                        "x": 963.7388527936653,
                        "y": 1086.3476055345166
                    },
                    {
                        "x": 973.8859919800259,
                        "y": 1082.1665073403778
                    },
                    {
                        "x": 982.8393661583027,
                        "y": 1077.985443323781
                    },
                    {
                        "x": 989.4051647811958,
                        "y": 1074.998964143706
                    },
                    {
                        "x": 1000.7461145148562,
                        "y": 1068.4287304540658
                    },
                    {
                        "x": 1009.1026061890911,
                        "y": 1064.8449303744444
                    },
                    {
                        "x": 1016.8622153592842,
                        "y": 1060.06656824333
                    },
                    {
                        "x": 1026.4124720416028,
                        "y": 1055.8854928342193
                    },
                    {
                        "x": 1031.1875776131542,
                        "y": 1049.912534474069
                    },
                    {
                        "x": 1036.5596112279634,
                        "y": 1042.1982211791183
                    },
                    {
                        "x": 1038.9471867833472,
                        "y": 1032.641496916889
                    },
                    {
                        "x": 1038.3503042793052,
                        "y": 1029.6550177368138
                    },
                    {
                        "x": 1033.5751531685378,
                        "y": 1026.071229049707
                    },
                    {
                        "x": 1025.218661494303,
                        "y": 1020.6955915891022
                    },
                    {
                        "x": 1019.2497453754518,
                        "y": 1014.7226332289518
                    },
                    {
                        "x": 1012.6839467525587,
                        "y": 1008.7496748688014
                    },
                    {
                        "x": 1005.5212656256236,
                        "y": 1002.7767165086511
                    },
                    {
                        "x": 999.5523495067724,
                        "y": 996.8037581485007
                    },
                    {
                        "x": 992.9865508838793,
                        "y": 990.8307997883505
                    },
                    {
                        "x": 988.2113997731119,
                        "y": 985.45511675769
                    },
                    {
                        "x": 981.0487186461769,
                        "y": 977.6902754465003
                    },
                    {
                        "x": 975.0798025273257,
                        "y": 972.9119247078995
                    },
                    {
                        "x": 968.5139583652166,
                        "y": 966.3416454482034
                    },
                    {
                        "x": 963.7388527936653,
                        "y": 962.1605814316066
                    },
                    {
                        "x": 957.7699366748141,
                        "y": 955.5903249569384
                    },
                    {
                        "x": 953.5916680680887,
                        "y": 951.4092495478276
                    },
                    {
                        "x": 947.0258694451954,
                        "y": 943.0471101221199
                    },
                    {
                        "x": 940.4600708223023,
                        "y": 940.1111817433118
                    },
                    {
                        "x": 933.8942721994092,
                        "y": 934.1382233831615
                    },
                    {
                        "x": 929.1191210886419,
                        "y": 929.9571251890228
                    },
                    {
                        "x": 923.7470874738326,
                        "y": 926.3733592869437
                    },
                    {
                        "x": 912.4061832793882,
                        "y": 923.3868801068686
                    },
                    {
                        "x": 906.437267160537,
                        "y": 928.1652650230111
                    },
                    {
                        "x": 900.4683510416858,
                        "y": 931.7490195325763
                    },
                    {
                        "x": 890.9180488201511,
                        "y": 937.1247025632367
                    },
                    {
                        "x": 882.5616026851321,
                        "y": 943.694936252877
                    },
                    {
                        "x": 873.6082285068553,
                        "y": 950.2651927275451
                    },
                    {
                        "x": 867.6393123880042,
                        "y": 953.2516605151062
                    },
                    {
                        "x": 859.8797032178112,
                        "y": 960.4192151042922
                    },
                    {
                        "x": 849.7325412618426,
                        "y": 964.0030037913994
                    },
                    {
                        "x": 842.5698373652996,
                        "y": 966.3921734644426
                    },
                    {
                        "x": 833.6164631870228,
                        "y": 969.9759621515495
                    },
                    {
                        "x": 821.6786309493203,
                        "y": 970.5732488735534
                    },
                    {
                        "x": 820.4848431716285,
                        "y": 961.6138113333278
                    },
                    {
                        "x": 819.8879606675865,
                        "y": 956.8354492022133
                    },
                    {
                        "x": 807.9501511994922,
                        "y": 960.4192151042922
                    },
                    {
                        "x": 797.2060839698736,
                        "y": 963.4056942843674
                    },
                    {
                        "x": 788.8496378348548,
                        "y": 965.1975772354069
                    },
                    {
                        "x": 778.702453109278,
                        "y": 964.600290513403
                    },
                    {
                        "x": 770.3459614350433,
                        "y": 967.5867469084504
                    },
                    {
                        "x": 764.377045316192,
                        "y": 967.5867696934782
                    },
                    {
                        "x": 753.6329780865735,
                        "y": 964.600290513403
                    },
                    {
                        "x": 744.6796039082967,
                        "y": 964.0030037913994
                    },
                    {
                        "x": 735.72622973002,
                        "y": 961.6138113333278
                    },
                    {
                        "x": 729.7573136111687,
                        "y": 959.8219283822885
                    },
                    {
                        "x": 726.7728555517431,
                        "y": 958.030045431249
                    },
                    {
                        "x": 723.1915149882756,
                        "y": 953.2516605151062
                    },
                    {
                        "x": 719.0132919207662,
                        "y": 947.8760002694739
                    },
                    {
                        "x": 720.8039394328919,
                        "y": 944.8895210893987
                    },
                    {
                        "x": 724.3853255355754,
                        "y": 949.6678946130273
                    },
                    {
                        "x": 729.7573136111687,
                        "y": 953.8489700221381
                    },
                    {
                        "x": 736.3231577732778,
                        "y": 956.2381396951814
                    },
                    {
                        "x": 742.8889563961709,
                        "y": 958.6273321532526
                    },
                    {
                        "x": 753.0360955825315,
                        "y": 960.4192151042922
                    },
                    {
                        "x": 766.7646208715757,
                        "y": 959.8219283822885
                    },
                    {
                        "x": 775.1211125458105,
                        "y": 958.6273321532526
                    },
                    {
                        "x": 788.2527097915968,
                        "y": 956.8354492022133
                    },
                    {
                        "x": 800.1905420292992,
                        "y": 951.4597775640669
                    },
                    {
                        "x": 810.3376812156598,
                        "y": 947.8760002694739
                    },
                    {
                        "x": 822.2755134533622,
                        "y": 937.1247025632367
                    },
                    {
                        "x": 829.4382401195132,
                        "y": 930.5544233035406
                    },
                    {
                        "x": 826.4537820600877,
                        "y": 926.3733592869437
                    },
                    {
                        "x": 820.4848659412365,
                        "y": 922.7895819923507
                    },
                    {
                        "x": 827.0506645641296,
                        "y": 919.2058274827859
                    },
                    {
                        "x": 833.6164631870228,
                        "y": 915.6220274031648
                    },
                    {
                        "x": 838.9884968018318,
                        "y": 909.0517823210107
                    },
                    {
                        "x": 843.7636479125994,
                        "y": 902.4815258463425
                    },
                    {
                        "x": 847.9418709801088,
                        "y": 894.1193750281209
                    },
                    {
                        "x": 850.3294465354925,
                        "y": 890.5356091260418
                    },
                    {
                        "x": 852.7170220908762,
                        "y": 881.5761715858163
                    },
                    {
                        "x": 847.9418709801088,
                        "y": 876.7977980621876
                    },
                    {
                        "x": 841.3760723572157,
                        "y": 877.3950961767054
                    },
                    {
                        "x": 832.4226981789388,
                        "y": 880.3815753567806
                    },
                    {
                        "x": 824.6630890087459,
                        "y": 880.9788734712984
                    },
                    {
                        "x": 821.0817484452784,
                        "y": 877.3950961767054
                    },
                    {
                        "x": 816.903525377769,
                        "y": 875.005915111148
                    },
                    {
                        "x": 811.5314917629597,
                        "y": 870.8248397020373
                    },
                    {
                        "x": 809.7407987116179,
                        "y": 865.4491794564046
                    },
                    {
                        "x": 803.7718825927667,
                        "y": 863.0599983908473
                    },
                    {
                        "x": 794.81850841449,
                        "y": 858.8789229817365
                    },
                    {
                        "x": 791.2371678510224,
                        "y": 852.3086722033254
                    },
                    {
                        "x": 788.2527097915968,
                        "y": 850.5167835560289
                    },
                    {
                        "x": 785.8651342362132,
                        "y": 844.5438251958786
                    },
                    {
                        "x": 784.0744867240874,
                        "y": 841.0611039337641
                    },
                    {
                        "x": 791.2371678510224,
                        "y": 837.477338031685
                    },
                    {
                        "x": 796.0123189617898,
                        "y": 836.2827418026495
                    },
                    {
                        "x": 791.2371678510224,
                        "y": 830.3097834424989
                    },
                    {
                        "x": 790.0434028429386,
                        "y": 826.1287080333882
                    },
                    {
                        "x": 790.0434028429386,
                        "y": 821.3503459022735
                    },
                    {
                        "x": 785.2682517321713,
                        "y": 819.558462951234
                    },
                    {
                        "x": 779.896218117362,
                        "y": 816.5719837711588
                    },
                    {
                        "x": 776.9117600579364,
                        "y": 808.2098329529372
                    },
                    {
                        "x": 770.9428439390852,
                        "y": 803.4314708218226
                    },
                    {
                        "x": 766.1677383675338,
                        "y": 804.6260670508582
                    },
                    {
                        "x": 761.3925872567664,
                        "y": 808.8071424599691
                    },
                    {
                        "x": 756.6174361459991,
                        "y": 812.390908362048
                    },
                    {
                        "x": 751.8423305744477,
                        "y": 815.974674264127
                    },
                    {
                        "x": 748.8578725150221,
                        "y": 814.1827913130875
                    },
                    {
                        "x": 739.9044983367453,
                        "y": 808.2098329529372
                    },
                    {
                        "x": 736.9200402773197,
                        "y": 804.0287575438263
                    },
                    {
                        "x": 733.3386997138522,
                        "y": 805.2233537728621
                    },
                    {
                        "x": 727.369783595001,
                        "y": 806.4179500018978
                    },
                    {
                        "x": 722.5946324842338,
                        "y": 802.236874592787
                    },
                    {
                        "x": 720.8039394328919,
                        "y": 793.8747579521071
                    },
                    {
                        "x": 721.4008674761498,
                        "y": 788.4990749214467
                    },
                    {
                        "x": 718.4164094167243,
                        "y": 783.7207013978181
                    },
                    {
                        "x": 713.044375801915,
                        "y": 776.553158201146
                    },
                    {
                        "x": 710.6568002465312,
                        "y": 772.969403691581
                    },
                    {
                        "x": 708.2692246911475,
                        "y": 768.7883054974421
                    },
                    {
                        "x": 704.68788412768,
                        "y": 762.2180604152879
                    },
                    {
                        "x": 705.2847666317219,
                        "y": 755.05052861113
                    },
                    {
                        "x": 710.6568002465312,
                        "y": 752.0640494310547
                    },
                    {
                        "x": 716.0288338613406,
                        "y": 746.1416076946297
                    },
                    {
                        "x": 713.044375801915,
                        "y": 737.7794568764081
                    },
                    {
                        "x": 708.2692246911475,
                        "y": 732.4037852382615
                    },
                    {
                        "x": 700.5096610601706,
                        "y": 730.0146155652183
                    },
                    {
                        "x": 695.7344871797952,
                        "y": 725.2362534341036
                    },
                    {
                        "x": 687.3779955055604,
                        "y": 719.860581795957
                    },
                    {
                        "x": 682.602889934009,
                        "y": 717.4714007303996
                    },
                    {
                        "x": 677.2308790888078,
                        "y": 715.0822082723284
                    },
                    {
                        "x": 673.6495385253402,
                        "y": 710.9011442557315
                    },
                    {
                        "x": 670.0681524226567,
                        "y": 706.1227707321029
                    },
                    {
                        "x": 667.0836943632311,
                        "y": 698.3579522059409
                    },
                    {
                        "x": 662.9054712957217,
                        "y": 691.7876729462449
                    },
                    {
                        "x": 657.5334376809124,
                        "y": 684.6201297495728
                    },
                    {
                        "x": 653.9520971174449,
                        "y": 676.855277045869
                    },
                    {
                        "x": 653.355214613403,
                        "y": 669.687733849197
                    },
                    {
                        "x": 653.355214613403,
                        "y": 661.9228811454932
                    },
                    {
                        "x": 652.758332109361,
                        "y": 657.1445190143785
                    },
                    {
                        "x": 652.758332109361,
                        "y": 651.1715606542281
                    },
                    {
                        "x": 653.355214613403,
                        "y": 646.3931871305995
                    },
                    {
                        "x": 656.3396726728286,
                        "y": 643.4067079505243
                    },
                    {
                        "x": 659.9210132362961,
                        "y": 646.3931871305995
                    },
                    {
                        "x": 659.3241307322542,
                        "y": 659.5337000799358
                    },
                    {
                        "x": 658.7272482282123,
                        "y": 673.271499751276
                    },
                    {
                        "x": 661.7117062876379,
                        "y": 677.4525979454148
                    },
                    {
                        "x": 664.6961643470635,
                        "y": 682.2309486840155
                    },
                    {
                        "x": 668.8743874145729,
                        "y": 688.2039070441658
                    },
                    {
                        "x": 673.6495385253402,
                        "y": 694.77415212632
                    },
                    {
                        "x": 676.6339965847658,
                        "y": 700.7471104864703
                    },
                    {
                        "x": 679.6184546441913,
                        "y": 704.9281858955811
                    },
                    {
                        "x": 684.3935602157428,
                        "y": 709.7065480266959
                    },
                    {
                        "x": 691.5562868818938,
                        "y": 714.4849215503245
                    },
                    {
                        "x": 696.3313924534452,
                        "y": 718.0686874524037
                    },
                    {
                        "x": 702.8971910763383,
                        "y": 722.2497856465423
                    },
                    {
                        "x": 707.0754596830637,
                        "y": 726.4308382706253
                    },
                    {
                        "x": 714.8350233140407,
                        "y": 731.2092117942539
                    },
                    {
                        "x": 723.1915149882756,
                        "y": 736.5848606473725
                    },
                    {
                        "x": 727.369783595001,
                        "y": 733.5983814672973
                    },
                    {
                        "x": 725.5790905436593,
                        "y": 729.4173060581865
                    },
                    {
                        "x": 720.20705692885,
                        "y": 727.6254231071468
                    },
                    {
                        "x": 714.2381408099989,
                        "y": 723.44435909055
                    },
                    {
                        "x": 710.6568002465312,
                        "y": 718.6659855669214
                    },
                    {
                        "x": 713.044375801915,
                        "y": 713.2903367138028
                    },
                    {
                        "x": 724.3853255355754,
                        "y": 710.9011442557315
                    },
                    {
                        "x": 727.966666099043,
                        "y": 706.7200688466207
                    },
                    {
                        "x": 732.7417716705943,
                        "y": 703.7335896665455
                    },
                    {
                        "x": 732.1448891665524,
                        "y": 699.5525256499486
                    },
                    {
                        "x": 730.9511241584685,
                        "y": 694.77415212632
                    },
                    {
                        "x": 732.7417716705943,
                        "y": 691.7876729462449
                    },
                    {
                        "x": 736.3231577732778,
                        "y": 690.5930881097232
                    },
                    {
                        "x": 736.9200402773197,
                        "y": 685.8147145860945
                    },
                    {
                        "x": 735.72622973002,
                        "y": 682.8282354060194
                    },
                    {
                        "x": 736.3231577732778,
                        "y": 677.4525979454148
                    },
                    {
                        "x": 742.292073892129,
                        "y": 678.0498732749046
                    },
                    {
                        "x": 745.2765319515546,
                        "y": 675.0633940948295
                    },
                    {
                        "x": 754.2299061298314,
                        "y": 672.0769149147545
                    },
                    {
                        "x": 760.7957047527245,
                        "y": 670.2850205712008
                    },
                    {
                        "x": 763.1832803081082,
                        "y": 667.2985413911257
                    },
                    {
                        "x": 763.1832803081082,
                        "y": 661.9228811454932
                    },
                    {
                        "x": 765.5708103242758,
                        "y": 654.1580398343033
                    },
                    {
                        "x": 769.7490789310013,
                        "y": 650.5742625397103
                    },
                    {
                        "x": 771.539726443127,
                        "y": 651.1715606542281
                    },
                    {
                        "x": 776.9117600579364,
                        "y": 651.768858768746
                    },
                    {
                        "x": 779.2993356133201,
                        "y": 648.7823795886708
                    },
                    {
                        "x": 780.4931006214039,
                        "y": 646.3931871305995
                    },
                    {
                        "x": 783.4775586808295,
                        "y": 642.8094212285205
                    },
                    {
                        "x": 787.058944783513,
                        "y": 642.2121231140027
                    },
                    {
                        "x": 793.0278609023642,
                        "y": 637.4337495903741
                    },
                    {
                        "x": 796.0123189617898,
                        "y": 630.8635102044767
                    },
                    {
                        "x": 793.0278153631482,
                        "y": 626.6824290991088
                    },
                    {
                        "x": 787.6558272875549,
                        "y": 626.0851309845912
                    },
                    {
                        "x": 779.896218117362,
                        "y": 627.8770025431168
                    },
                    {
                        "x": 772.733536990427,
                        "y": 626.6824290991088
                    },
                    {
                        "x": 765.5708103242761,
                        "y": 628.4743120501485
                    },
                    {
                        "x": 761.3926327959824,
                        "y": 625.4878499588443
                    },
                    {
                        "x": 753.0360955825315,
                        "y": 624.2932423372946
                    },
                    {
                        "x": 745.8734144555965,
                        "y": 620.7094707389585
                    },
                    {
                        "x": 738.7106877894455,
                        "y": 617.1256934443655
                    },
                    {
                        "x": 732.1448891665524,
                        "y": 618.3202839771443
                    },
                    {
                        "x": 724.3853255355754,
                        "y": 620.1121726244407
                    },
                    {
                        "x": 723.7883974923175,
                        "y": 615.3338047970691
                    },
                    {
                        "x": 734.5324647219361,
                        "y": 612.9446066427407
                    },
                    {
                        "x": 747.6640619677223,
                        "y": 615.3338047970691
                    },
                    {
                        "x": 756.0205536419571,
                        "y": 617.1256934443655
                    },
                    {
                        "x": 765.5708558634918,
                        "y": 619.51488020618
                    },
                    {
                        "x": 778.702453109278,
                        "y": 620.1121726244407
                    },
                    {
                        "x": 793.6247434064061,
                        "y": 621.9040726642513
                    },
                    {
                        "x": 797.8029664739155,
                        "y": 614.7870631800754
                    },
                    {
                        "x": 805.5625756441085,
                        "y": 610.0086782639329
                    },
                    {
                        "x": 814.5159498223853,
                        "y": 607.6700252146147
                    },
                    {
                        "x": 824.066206504704,
                        "y": 605.8781422635752
                    },
                    {
                        "x": 837.1978037504903,
                        "y": 601.0997573474326
                    },
                    {
                        "x": 845.5542954247252,
                        "y": 596.3213952163179
                    },
                    {
                        "x": 857.4921276624275,
                        "y": 593.9322255432746
                    },
                    {
                        "x": 864.6548543285786,
                        "y": 595.7241084943141
                    },
                    {
                        "x": 875.995758523023,
                        "y": 592.1403198072071
                    },
                    {
                        "x": 884.352250197258,
                        "y": 589.7511501341637
                    },
                    {
                        "x": 890.321166316109,
                        "y": 588.5565539051281
                    },
                    {
                        "x": 895.6931999309184,
                        "y": 588.5565539051281
                    },
                    {
                        "x": 906.437267160537,
                        "y": 592.7376293142389
                    },
                    {
                        "x": 914.7937132955558,
                        "y": 586.7646709540886
                    },
                    {
                        "x": 924.3440155170905,
                        "y": 581.9863088229739
                    },
                    {
                        "x": 930.3129316359417,
                        "y": 578.4025201358669
                    },
                    {
                        "x": 934.4911547034512,
                        "y": 573.6241580047523
                    },
                    {
                        "x": 937.4756127628767,
                        "y": 566.4566034155663
                    },
                    {
                        "x": 938.0724952669187,
                        "y": 558.6917621043764
                    },
                    {
                        "x": 941.0569533263443,
                        "y": 555.7052829243012
                    },
                    {
                        "x": 948.2196799924953,
                        "y": 550.9774488094258
                    },
                    {
                        "x": 953.5916680680887,
                        "y": 544.4071809422437
                    },
                    {
                        "x": 960.1575122301978,
                        "y": 541.4207017621685
                    },
                    {
                        "x": 966.7233108530909,
                        "y": 538.4342225820934
                    },
                    {
                        "x": 972.6922269719421,
                        "y": 539.0315320891251
                    },
                    {
                        "x": 975.0798025273257,
                        "y": 545.0044904492755
                    },
                    {
                        "x": 975.0798025273257,
                        "y": 553.963927989501
                    },
                    {
                        "x": 973.8859919800259,
                        "y": 561.7287693006908
                    },
                    {
                        "x": 971.4984164246422,
                        "y": 568.299014382845
                    },
                    {
                        "x": 978.0642605867513,
                        "y": 576.0638784790629
                    },
                    {
                        "x": 985.2269417136864,
                        "y": 581.4395273321813
                    },
                    {
                        "x": 992.3896228406214,
                        "y": 586.217889463296
                    },
                    {
                        "x": 1000.1492320108143,
                        "y": 590.3989648724069
                    },
                    {
                        "x": 1006.7150306337074,
                        "y": 593.9827535595139
                    },
                    {
                        "x": 1013.8777572998586,
                        "y": 596.3719232325573
                    },
                    {
                        "x": 1024.621778990261,
                        "y": 598.1638061835968
                    },
                    {
                        "x": 1031.7845056564122,
                        "y": 593.3854440524821
                    },
                    {
                        "x": 1040.140951791431,
                        "y": 589.2043686433713
                    },
                    {
                        "x": 1044.9161029021984,
                        "y": 584.4260065122565
                    },
                    {
                        "x": 1048.4974434656658,
                        "y": 575.466568972031
                    },
                    {
                        "x": 1048.4974434656658,
                        "y": 566.5071314318055
                    },
                    {
                        "x": 1049.6912540129656,
                        "y": 559.3395768426195
                    },
                    {
                        "x": 1054.466359584517,
                        "y": 553.963927989501
                    },
                    {
                        "x": 1059.8383931993264,
                        "y": 553.963927989501
                    },
                    {
                        "x": 1064.6135443100936,
                        "y": 558.1450033986118
                    },
                    {
                        "x": 1067.5980023695192,
                        "y": 564.1179617587621
                    },
                    {
                        "x": 1066.4041918222194,
                        "y": 568.299014382845
                    },
                    {
                        "x": 1061.629086250668,
                        "y": 566.5071314318055
                    },
                    {
                        "x": 1057.4508176439426,
                        "y": 565.3125352027699
                    },
                    {
                        "x": 1057.4508176439426,
                        "y": 571.882803069952
                    },
                    {
                        "x": 1056.2570526358588,
                        "y": 580.8422406101774
                    },
                    {
                        "x": 1056.2570526358588,
                        "y": 585.6206027412921
                    },
                    {
                        "x": 1067.0010743262615,
                        "y": 576.6611652010666
                    },
                    {
                        "x": 1074.7606834964542,
                        "y": 571.2854935629201
                    },
                    {
                        "x": 1083.1171751706893,
                        "y": 569.4936106118807
                    },
                    {
                        "x": 1096.2487724164755,
                        "y": 568.299014382845
                    },
                    {
                        "x": 1107.589722150136,
                        "y": 565.3125352027699
                    },
                    {
                        "x": 1126.0933530107313,
                        "y": 558.7422901206156
                    },
                    {
                        "x": 1133.2560796768826,
                        "y": 552.7693317604653
                    },
                    {
                        "x": 1141.6125258119014,
                        "y": 546.796373400315
                    },
                    {
                        "x": 1149.3721349820944,
                        "y": 544.4071809422437
                    },
                    {
                        "x": 1157.1317441522872,
                        "y": 539.628818811129
                    },
                    {
                        "x": 1166.085118330564,
                        "y": 535.4477434020182
                    },
                    {
                        "x": 1174.441564465583,
                        "y": 530.6693812709035
                    },
                    {
                        "x": 1181.007408627692,
                        "y": 523.5018266817175
                    },
                    {
                        "x": 1184.5887491911596,
                        "y": 515.7369853705277
                    },
                    {
                        "x": 1187.5732072505853,
                        "y": 509.16674028837343
                    },
                    {
                        "x": 1191.7514303180947,
                        "y": 502.59648381370533
                    },
                    {
                        "x": 1192.3483128221364,
                        "y": 497.2208121755589
                    },
                    {
                        "x": 1194.1390058734783,
                        "y": 491.8451519299263
                    },
                    {
                        "x": 1200.1079219923295,
                        "y": 485.87219356977596
                    },
                    {
                        "x": 1204.2861450598389,
                        "y": 482.28841627518295
                    },
                    {
                        "x": 1210.851989221948,
                        "y": 474.523597749021
                    },
                    {
                        "x": 1213.8364017421577,
                        "y": 469.1479033258466
                    },
                    {
                        "x": 1218.6115528529251,
                        "y": 473.32897873495745
                    },
                    {
                        "x": 1225.177351475818,
                        "y": 469.74521283287845
                    },
                    {
                        "x": 1228.7587375785017,
                        "y": 461.98036012917464
                    },
                    {
                        "x": 1232.9369606460111,
                        "y": 456.0074017690243
                    },
                    {
                        "x": 1237.1151837135205,
                        "y": 447.64526234331663
                    },
                    {
                        "x": 1240.0996417729461,
                        "y": 441.0750058686485
                    },
                    {
                        "x": 1241.890334824288,
                        "y": 436.2966437375337
                    },
                    {
                        "x": 1247.2623684390971,
                        "y": 429.72638726286556
                    },
                    {
                        "x": 1255.618860113332,
                        "y": 427.3372061973082
                    },
                    {
                        "x": 1261.5877762321832,
                        "y": 427.934504311826
                    },
                    {
                        "x": 1265.1691167956508,
                        "y": 428.5317910338299
                    },
                    {
                        "x": 1267.5566923510344,
                        "y": 431.5182702139051
                    },
                    {
                        "x": 1263.975306248351,
                        "y": 435.6993456230159
                    },
                    {
                        "x": 1255.618814574116,
                        "y": 434.5047493939802
                    },
                    {
                        "x": 1252.6344020539063,
                        "y": 439.2831229176089
                    },
                    {
                        "x": 1247.2623684390971,
                        "y": 447.64526234331663
                    },
                    {
                        "x": 1243.6810278756295,
                        "y": 457.79929611257774
                    },
                    {
                        "x": 1241.293452320246,
                        "y": 466.75873365280324
                    },
                    {
                        "x": 1233.533843150053,
                        "y": 479.8992352096256
                    },
                    {
                        "x": 1228.7587375785017,
                        "y": 487.6640879133294
                    },
                    {
                        "x": 1225.7742795190761,
                        "y": 491.8451519299263
                    },
                    {
                        "x": 1218.6115528529251,
                        "y": 505.5829516012665
                    },
                    {
                        "x": 1215.0302122894575,
                        "y": 512.1532194684486
                    },
                    {
                        "x": 1210.851989221948,
                        "y": 522.3072532377098
                    },
                    {
                        "x": 1205.4799556071387,
                        "y": 534.8504566800143
                    },
                    {
                        "x": 1201.3016870004133,
                        "y": 539.628818811129
                    },
                    {
                        "x": 1194.1390058734783,
                        "y": 548.5882563513545
                    },
                    {
                        "x": 1200.7048044963715,
                        "y": 550.9774488094258
                    },
                    {
                        "x": 1216.2239772975413,
                        "y": 545.0044904492755
                    },
                    {
                        "x": 1228.1618095352437,
                        "y": 539.628818811129
                    },
                    {
                        "x": 1235.9214187054367,
                        "y": 539.0315320891251
                    },
                    {
                        "x": 1244.8747928837136,
                        "y": 536.0450529090499
                    },
                    {
                        "x": 1254.4250495660322,
                        "y": 534.8504566800143
                    },
                    {
                        "x": 1264.5722342916088,
                        "y": 532.461264221943
                    },
                    {
                        "x": 1274.1224909739278,
                        "y": 530.6693812709035
                    },
                    {
                        "x": 1280.6882895968206,
                        "y": 522.3072532377098
                    },
                    {
                        "x": 1283.0758651522044,
                        "y": 513.9451024194881
                    },
                    {
                        "x": 1279.4945245887368,
                        "y": 507.9721440593378
                    },
                    {
                        "x": 1275.3162559820114,
                        "y": 503.791068650227
                    },
                    {
                        "x": 1272.3317979225858,
                        "y": 500.20729135563397
                    },
                    {
                        "x": 1265.7659992996926,
                        "y": 498.4154311896224
                    },
                    {
                        "x": 1265.1691167956508,
                        "y": 493.0397595514759
                    },
                    {
                        "x": 1269.3473398631604,
                        "y": 492.442472829472
                    },
                    {
                        "x": 1280.0914070927788,
                        "y": 495.4289520095472
                    },
                    {
                        "x": 1285.463440707588,
                        "y": 503.791068650227
                    },
                    {
                        "x": 1287.8509707237556,
                        "y": 510.3613365174091
                    },
                    {
                        "x": 1289.0447812710556,
                        "y": 517.5288683215671
                    },
                    {
                        "x": 1288.4478987670136,
                        "y": 525.293732417785
                    },
                    {
                        "x": 1287.2540882197138,
                        "y": 533.6558604509787
                    },
                    {
                        "x": 1283.6727476562462,
                        "y": 537.2396491380856
                    },
                    {
                        "x": 1279.4945245887368,
                        "y": 538.4342225820934
                    },
                    {
                        "x": 1272.9286804266278,
                        "y": 540.8234150401646
                    },
                    {
                        "x": 1268.1535748550764,
                        "y": 542.0180112692003
                    },
                    {
                        "x": 1260.3939656848834,
                        "y": 543.2126074982359
                    },
                    {
                        "x": 1252.0374740106486,
                        "y": 547.9909696293506
                    },
                    {
                        "x": 1244.8747928837136,
                        "y": 549.7828525803902
                    },
                    {
                        "x": 1237.1151837135205,
                        "y": 551.5747355314297
                    },
                    {
                        "x": 1229.9525025865855,
                        "y": 552.1720450384615
                    },
                    {
                        "x": 1223.9835864677343,
                        "y": 553.963927989501
                    },
                    {
                        "x": 1233.533843150053,
                        "y": 557.4971658753408
                    },
                    {
                        "x": 1245.4716753877553,
                        "y": 559.2890602188942
                    },
                    {
                        "x": 1253.8281670619904,
                        "y": 561.6782412844516
                    },
                    {
                        "x": 1260.9908481889254,
                        "y": 564.6647204645268
                    },
                    {
                        "x": 1265.7659992996926,
                        "y": 567.6511996446019
                    },
                    {
                        "x": 1265.7659992996926,
                        "y": 570.6376788246771
                    },
                    {
                        "x": 1262.781541240267,
                        "y": 573.0268826752623
                    },
                    {
                        "x": 1258.0063901294998,
                        "y": 571.2349769391949
                    },
                    {
                        "x": 1251.4405915066066,
                        "y": 571.8322636611988
                    },
                    {
                        "x": 1244.2779103796715,
                        "y": 571.8322636611988
                    },
                    {
                        "x": 1237.7121117567785,
                        "y": 573.6241580047523
                    },
                    {
                        "x": 1228.7587375785017,
                        "y": 574.8187428412739
                    },
                    {
                        "x": 1222.1928934163925,
                        "y": 574.2214561192701
                    },
                    {
                        "x": 1215.0302122894575,
                        "y": 574.8187428412739
                    },
                    {
                        "x": 1207.2706031192645,
                        "y": 576.6106371848275
                    },
                    {
                        "x": 1195.92969892482,
                        "y": 578.4025201358669
                    },
                    {
                        "x": 1191.7514303180947,
                        "y": 582.5835955449777
                    },
                    {
                        "x": 1195.92969892482,
                        "y": 584.3754784960173
                    },
                    {
                        "x": 1201.8986150436713,
                        "y": 587.3619576760925
                    },
                    {
                        "x": 1206.6737206152227,
                        "y": 591.5430330852033
                    },
                    {
                        "x": 1213.8364472813737,
                        "y": 596.3213952163179
                    },
                    {
                        "x": 1222.7898214596505,
                        "y": 621.4078248859549
                    },
                    {
                        "x": 1223.3867039636923,
                        "y": 628.575379475141
                    },
                    {
                        "x": 1221.5960109123505,
                        "y": 632.1591453772199
                    },
                    {
                        "x": 1220.4022459042667,
                        "y": 640.5212961954417
                    }
                ],
                "resin": 3,
                "browning": true
            }
        ],
        "object_id": "B_a08_A_2_6_22-09-22-09-28-1031"
    },
    "Metadata": {
        "Images": {
            "object_id": "B_a08_A_2_6_22-09-22-09-28-1031",
            "path": "1.Traning_원천데이터_마디_미수정암꽃",
            "width": 2000,
            "height": 1500
        },
        "environment": {
            "area_id": "B",
            "hemp_id": "B_a08_A_2",
            "area_temp": 30,
            "area_hum": 78.6,
            "area_co2": 259,
            "area_Illum": 504,
            "water_temp": 21,
            "water_ec": 3.2,
            "water_ph": 4.7
        },
        "Growth Info": {
            "period": 92,
            "length": 108.8,
            "node_number": 21,
            "node_length": 5.1,
            "root_round": 22.6
        }
    }
}