{
    "annotations": {
        "label": {
            "category": 1
        },
        "polygon": [
            {
                "type": "POLYGON",
                "vertices": [
                    {
                        "x": 1056.4046288527034,
                        "y": 860.584473822818
                    },
                    {
                        "x": 1065.893328949047,
                        "y": 854.8912537650119
                    },
                    {
                        "x": 1073.4842890261216,
                        "y": 845.8769886734857
                    },
                    {
                        "x": 1070.6376789972185,
                        "y": 828.3228934952504
                    },
                    {
                        "x": 1059.7256738864237,
                        "y": 818.8341933989069
                    },
                    {
                        "x": 1051.1858437997146,
                        "y": 811.2432333218321
                    },
                    {
                        "x": 1046.4414937515428,
                        "y": 795.1124431580482
                    },
                    {
                        "x": 1054.5068888334347,
                        "y": 789.8936581050593
                    },
                    {
                        "x": 1064.4700239345952,
                        "y": 799.85679320622
                    },
                    {
                        "x": 1078.2286390742934,
                        "y": 814.0898433507351
                    },
                    {
                        "x": 1082.498554117648,
                        "y": 823.1041084422615
                    },
                    {
                        "x": 1081.5496841080135,
                        "y": 841.6070736301311
                    },
                    {
                        "x": 1085.819599151368,
                        "y": 849.672468712023
                    },
                    {
                        "x": 1093.410559228443,
                        "y": 856.7889937842807
                    },
                    {
                        "x": 1094.3594292380772,
                        "y": 862.9566488469039
                    },
                    {
                        "x": 1096.2571692573458,
                        "y": 867.7009988950756
                    },
                    {
                        "x": 1108.5924793825923,
                        "y": 885.255094073311
                    },
                    {
                        "x": 1112.3879594211298,
                        "y": 901.8603192419121
                    },
                    {
                        "x": 1115.70900445485,
                        "y": 918.4655444105131
                    },
                    {
                        "x": 1110.4902194018612,
                        "y": 924.6331994731363
                    },
                    {
                        "x": 1110.015784397044,
                        "y": 928.9031145164909
                    },
                    {
                        "x": 1113.8112644355813,
                        "y": 931.2752895405768
                    },
                    {
                        "x": 1121.402224512656,
                        "y": 927.0053744972222
                    },
                    {
                        "x": 1127.5698795752792,
                        "y": 927.0053744972222
                    },
                    {
                        "x": 1131.8397946186337,
                        "y": 922.2610244490504
                    },
                    {
                        "x": 1133.2630996330854,
                        "y": 915.6189343816101
                    },
                    {
                        "x": 1134.6864046475368,
                        "y": 889.9994441214827
                    },
                    {
                        "x": 1130.8909246089995,
                        "y": 882.8829190492252
                    },
                    {
                        "x": 1121.8766595174732,
                        "y": 870.0731739191615
                    },
                    {
                        "x": 1121.8766595174732,
                        "y": 860.584473822818
                    },
                    {
                        "x": 1128.5187495849136,
                        "y": 857.2634287890978
                    },
                    {
                        "x": 1134.6864046475368,
                        "y": 854.8912537650119
                    },
                    {
                        "x": 1140.3796247053428,
                        "y": 848.7235987023887
                    },
                    {
                        "x": 1136.1097096619883,
                        "y": 845.4025536686685
                    },
                    {
                        "x": 1124.248834541559,
                        "y": 849.1980337072059
                    },
                    {
                        "x": 1119.9789194982045,
                        "y": 842.0815086349484
                    },
                    {
                        "x": 1119.9789194982045,
                        "y": 835.913853572325
                    },
                    {
                        "x": 1130.8909246089995,
                        "y": 836.3882885771422
                    },
                    {
                        "x": 1133.7375346379024,
                        "y": 839.2348986060452
                    },
                    {
                        "x": 1138.007449681257,
                        "y": 841.6070736301311
                    },
                    {
                        "x": 1142.2773647246115,
                        "y": 842.0815086349484
                    },
                    {
                        "x": 1168.8457249943733,
                        "y": 850.6213387216574
                    },
                    {
                        "x": 1183.5532101437057,
                        "y": 859.6356038131837
                    },
                    {
                        "x": 1185.9253851677915,
                        "y": 865.8032588758069
                    },
                    {
                        "x": 1185.4509501629743,
                        "y": 872.9197839480645
                    },
                    {
                        "x": 1187.8231251870602,
                        "y": 874.343088962516
                    },
                    {
                        "x": 1192.0930402304148,
                        "y": 872.9197839480645
                    },
                    {
                        "x": 1194.4652152545007,
                        "y": 865.3288238709897
                    },
                    {
                        "x": 1204.4283503556612,
                        "y": 867.2265638902585
                    },
                    {
                        "x": 1208.7399981077729,
                        "y": 869.7415087074606
                    },
                    {
                        "x": 1215.8784877635867,
                        "y": 869.1923941185519
                    },
                    {
                        "x": 1227.6844514251252,
                        "y": 867.2704930573711
                    },
                    {
                        "x": 1232.626482725304,
                        "y": 858.7592169292853
                    },
                    {
                        "x": 1235.6466129643022,
                        "y": 850.2479408011994
                    },
                    {
                        "x": 1240.3140869700267,
                        "y": 847.77692515111
                    },
                    {
                        "x": 1253.2182798093827,
                        "y": 844.4822376176575
                    },
                    {
                        "x": 1260.3567694651967,
                        "y": 843.6585657342943
                    },
                    {
                        "x": 1266.6715872376474,
                        "y": 845.580466795475
                    },
                    {
                        "x": 1270.7899466544632,
                        "y": 846.1295813843838
                    },
                    {
                        "x": 1273.8100768934614,
                        "y": 844.7567949121118
                    },
                    {
                        "x": 1275.4574206601876,
                        "y": 842.8348938509312
                    },
                    {
                        "x": 1270.5153893600088,
                        "y": 840.0893209063873
                    },
                    {
                        "x": 1259.2585402873792,
                        "y": 836.245518784026
                    },
                    {
                        "x": 1255.4147381650178,
                        "y": 836.245518784026
                    },
                    {
                        "x": 1247.1780193313864,
                        "y": 838.9910917285698
                    },
                    {
                        "x": 1241.961430736753,
                        "y": 838.9910917285698
                    },
                    {
                        "x": 1233.7247119031215,
                        "y": 840.6384354952961
                    },
                    {
                        "x": 1222.7424201249462,
                        "y": 836.5200760784803
                    },
                    {
                        "x": 1214.2311439968605,
                        "y": 834.5981750172997
                    },
                    {
                        "x": 1202.6997376297763,
                        "y": 832.1271593672102
                    },
                    {
                        "x": 1199.679607390778,
                        "y": 829.9307010115751
                    },
                    {
                        "x": 1201.8760657464131,
                        "y": 818.1247373500368
                    },
                    {
                        "x": 1197.2085917406887,
                        "y": 816.2028362888561
                    },
                    {
                        "x": 1188.9718729070573,
                        "y": 816.2028362888561
                    },
                    {
                        "x": 1181.0097113678803,
                        "y": 815.3791644054929
                    },
                    {
                        "x": 1165.085388289526,
                        "y": 806.0442163940439
                    },
                    {
                        "x": 1161.2415861671648,
                        "y": 803.2986434495001
                    },
                    {
                        "x": 1168.3800758229786,
                        "y": 798.3566121493212
                    },
                    {
                        "x": 1224.3897638916726,
                        "y": 792.3163516713248
                    },
                    {
                        "x": 1237.568514025483,
                        "y": 794.5128100269599
                    },
                    {
                        "x": 1244.4324463868425,
                        "y": 801.6512996827738
                    },
                    {
                        "x": 1247.4525766258407,
                        "y": 805.4951018051352
                    },
                    {
                        "x": 1251.296378748202,
                        "y": 806.3187736884984
                    },
                    {
                        "x": 1254.1517746105271,
                        "y": 804.0674038739726
                    },
                    {
                        "x": 1248.5508058036578,
                        "y": 795.8306850403411
                    },
                    {
                        "x": 1238.0078056966095,
                        "y": 784.9582161799476
                    },
                    {
                        "x": 1248.5508058036578,
                        "y": 784.9582161799476
                    },
                    {
                        "x": 1260.7411496774323,
                        "y": 788.5823724667454
                    },
                    {
                        "x": 1269.307337264409,
                        "y": 792.8654662602338
                    },
                    {
                        "x": 1276.88511859135,
                        "y": 800.1137788338294
                    },
                    {
                        "x": 1281.4976811381835,
                        "y": 805.0558101340083
                    },
                    {
                        "x": 1285.1218374249813,
                        "y": 805.3852788873536
                    },
                    {
                        "x": 1287.4281186983983,
                        "y": 802.7495288605916
                    },
                    {
                        "x": 1276.2261810846594,
                        "y": 792.5359975068885
                    },
                    {
                        "x": 1264.3653059642302,
                        "y": 783.6403411665665
                    },
                    {
                        "x": 1248.5508058036578,
                        "y": 777.7099036063519
                    },
                    {
                        "x": 1260.7411496774323,
                        "y": 775.403622332935
                    },
                    {
                        "x": 1272.9314935512068,
                        "y": 775.7330910862803
                    },
                    {
                        "x": 1278.2029936047309,
                        "y": 774.085747319554
                    },
                    {
                        "x": 1278.8619311114214,
                        "y": 769.1437160193751
                    },
                    {
                        "x": 1274.9083060712785,
                        "y": 768.1553097593394
                    },
                    {
                        "x": 1253.8223058571818,
                        "y": 768.1553097593394
                    },
                    {
                        "x": 1248.2213370503125,
                        "y": 769.4731847727204
                    },
                    {
                        "x": 1245.9150557768955,
                        "y": 766.5079659926131
                    },
                    {
                        "x": 1245.9150557768955,
                        "y": 760.2480596790532
                    },
                    {
                        "x": 1240.6435557233715,
                        "y": 757.9417784056363
                    },
                    {
                        "x": 1233.724711903121,
                        "y": 759.5891221723626
                    },
                    {
                        "x": 1229.4416181096326,
                        "y": 759.5891221723626
                    },
                    {
                        "x": 1226.4763993295253,
                        "y": 762.2248721991248
                    },
                    {
                        "x": 1222.193305536037,
                        "y": 765.5195597325774
                    },
                    {
                        "x": 1215.9333992224772,
                        "y": 770.132122279411
                    },
                    {
                        "x": 1215.2744617157866,
                        "y": 772.767872306173
                    },
                    {
                        "x": 1218.239680495894,
                        "y": 776.0625598396256
                    },
                    {
                        "x": 1195.8358052684164,
                        "y": 774.085747319554
                    },
                    {
                        "x": 1186.6106801747492,
                        "y": 775.0741535795898
                    },
                    {
                        "x": 1178.7034300944629,
                        "y": 775.0741535795898
                    },
                    {
                        "x": 1173.4319300409388,
                        "y": 778.6983098663876
                    },
                    {
                        "x": 1166.5130862206884,
                        "y": 780.6751223864592
                    },
                    {
                        "x": 1158.605836140402,
                        "y": 781.9929973998402
                    },
                    {
                        "x": 1151.0280548134613,
                        "y": 787.2644974533644
                    },
                    {
                        "x": 1141.1439922131035,
                        "y": 789.5707787267812
                    },
                    {
                        "x": 1133.5662108861625,
                        "y": 794.8422787803054
                    },
                    {
                        "x": 1130.9304608594005,
                        "y": 793.8538725202695
                    },
                    {
                        "x": 1126.647367065912,
                        "y": 788.9118412200907
                    },
                    {
                        "x": 1123.6821482858047,
                        "y": 784.299278673257
                    },
                    {
                        "x": 1131.2599296127457,
                        "y": 765.8490284859225
                    },
                    {
                        "x": 1136.004279660917,
                        "y": 756.7556908935934
                    },
                    {
                        "x": 1136.004279660917,
                        "y": 751.6159783414073
                    },
                    {
                        "x": 1142.7254422291603,
                        "y": 752.8020658534502
                    },
                    {
                        "x": 1149.4466047974036,
                        "y": 751.220615837393
                    },
                    {
                        "x": 1153.0048673335325,
                        "y": 743.7087282611211
                    },
                    {
                        "x": 1160.5167549098044,
                        "y": 737.3829281968922
                    },
                    {
                        "x": 1165.6564674619904,
                        "y": 735.8014781808349
                    },
                    {
                        "x": 1168.8193674941049,
                        "y": 739.3597407169638
                    },
                    {
                        "x": 1173.0475498287028,
                        "y": 739.3267938416292
                    },
                    {
                        "x": 1175.7931227732468,
                        "y": 733.5610906580872
                    },
                    {
                        "x": 1177.440466539973,
                        "y": 731.0900750079977
                    },
                    {
                        "x": 1177.440466539973,
                        "y": 737.1303354859941
                    },
                    {
                        "x": 1179.0878103066993,
                        "y": 741.2486949028099
                    },
                    {
                        "x": 1181.0097113678798,
                        "y": 745.3670543196256
                    },
                    {
                        "x": 1182.382497840152,
                        "y": 750.5836429142589
                    },
                    {
                        "x": 1184.578956195787,
                        "y": 751.407314797622
                    },
                    {
                        "x": 1185.9517426680588,
                        "y": 748.9362991475326
                    },
                    {
                        "x": 1187.0499718458764,
                        "y": 744.8179397307168
                    },
                    {
                        "x": 1185.1280707846956,
                        "y": 738.2285646638117
                    },
                    {
                        "x": 1183.206169723515,
                        "y": 730.8155177135434
                    },
                    {
                        "x": 1187.0499718458764,
                        "y": 727.5208301800908
                    },
                    {
                        "x": 1198.306820918506,
                        "y": 722.0296842910032
                    },
                    {
                        "x": 1207.641768929955,
                        "y": 720.6568978187312
                    },
                    {
                        "x": 1216.1530450580408,
                        "y": 719.8332259353681
                    },
                    {
                        "x": 1223.8406493027635,
                        "y": 720.9314551131856
                    },
                    {
                        "x": 1233.450154608667,
                        "y": 717.9113248741874
                    },
                    {
                        "x": 1245.805232859114,
                        "y": 715.7148665185523
                    },
                    {
                        "x": 1254.5910662816543,
                        "y": 709.1254914516471
                    },
                    {
                        "x": 1253.7673943982911,
                        "y": 721.7551269965487
                    },
                    {
                        "x": 1253.4928371038368,
                        "y": 727.7953874745451
                    },
                    {
                        "x": 1255.1401808705632,
                        "y": 729.7172885357259
                    },
                    {
                        "x": 1257.885753815107,
                        "y": 730.540960419089
                    },
                    {
                        "x": 1260.6313267596508,
                        "y": 729.1681739468171
                    },
                    {
                        "x": 1261.1804413485595,
                        "y": 723.6770280577294
                    },
                    {
                        "x": 1260.3567694651963,
                        "y": 703.0852309736507
                    },
                    {
                        "x": 1271.6136185378261,
                        "y": 697.8686423790175
                    },
                    {
                        "x": 1278.2029936047313,
                        "y": 693.4757256677474
                    },
                    {
                        "x": 1280.6740092548207,
                        "y": 690.7301527232036
                    },
                    {
                        "x": 1277.3793217213681,
                        "y": 688.2591370731142
                    },
                    {
                        "x": 1273.5355195990066,
                        "y": 689.0828089564773
                    },
                    {
                        "x": 1269.1426028877365,
                        "y": 689.9064808398404
                    },
                    {
                        "x": 1261.1804413485595,
                        "y": 695.1230694344737
                    },
                    {
                        "x": 1259.5330975818333,
                        "y": 695.1230694344737
                    },
                    {
                        "x": 1254.3165089872,
                        "y": 686.3372360119334
                    },
                    {
                        "x": 1263.9260142931034,
                        "y": 678.9241890616652
                    },
                    {
                        "x": 1275.182863365733,
                        "y": 667.1182254001267
                    },
                    {
                        "x": 1280.1248946659118,
                        "y": 662.1761940999478
                    },
                    {
                        "x": 1285.3414832605451,
                        "y": 659.9797357443127
                    },
                    {
                        "x": 1287.8124989106345,
                        "y": 656.4104909164058
                    },
                    {
                        "x": 1287.2633843217259,
                        "y": 654.2140325607708
                    },
                    {
                        "x": 1284.517811377182,
                        "y": 654.2140325607708
                    },
                    {
                        "x": 1281.497681138184,
                        "y": 655.861376327497
                    },
                    {
                        "x": 1277.6538790158224,
                        "y": 656.4104909164058
                    },
                    {
                        "x": 1274.9083060712787,
                        "y": 657.5087200942233
                    },
                    {
                        "x": 1266.3970299431928,
                        "y": 666.8436681056724
                    },
                    {
                        "x": 1251.570936042656,
                        "y": 677.5514025893932
                    },
                    {
                        "x": 1247.7271339202948,
                        "y": 679.1987463561195
                    },
                    {
                        "x": 1236.7448421421195,
                        "y": 674.8058296448494
                    },
                    {
                        "x": 1212.5838002301339,
                        "y": 669.5892410502162
                    },
                    {
                        "x": 1167.0072893507065,
                        "y": 675.3549442337581
                    },
                    {
                        "x": 1176.3422373621554,
                        "y": 672.33481399476
                    },
                    {
                        "x": 1195.8358052684166,
                        "y": 667.6673399890354
                    },
                    {
                        "x": 1209.8382272855902,
                        "y": 658.3323919775864
                    },
                    {
                        "x": 1227.684451425125,
                        "y": 642.957183488141
                    },
                    {
                        "x": 1233.7247119031213,
                        "y": 639.6624959546884
                    },
                    {
                        "x": 1241.1377588533896,
                        "y": 636.3678084212358
                    },
                    {
                        "x": 1243.5099338774753,
                        "y": 632.3812365057579
                    },
                    {
                        "x": 1237.1841338132463,
                        "y": 628.8229739696292
                    },
                    {
                        "x": 1235.602683797189,
                        "y": 622.8925364094144
                    },
                    {
                        "x": 1230.8583337490174,
                        "y": 622.8925364094144
                    },
                    {
                        "x": 1222.1603586607025,
                        "y": 626.4507989455433
                    },
                    {
                        "x": 1216.229921100488,
                        "y": 631.9858740017436
                    },
                    {
                        "x": 1209.1133960282302,
                        "y": 641.0792115940728
                    },
                    {
                        "x": 1194.564055880503,
                        "y": 648.9073891735561
                    },
                    {
                        "x": 1181.2798757456223,
                        "y": 642.2652991061157
                    },
                    {
                        "x": 1171.7911756492788,
                        "y": 640.8419940916641
                    },
                    {
                        "x": 1171.7911756492788,
                        "y": 628.0322489616004
                    },
                    {
                        "x": 1175.1122206829991,
                        "y": 620.4412888845258
                    },
                    {
                        "x": 1180.8449769912067,
                        "y": 606.5508862434896
                    },
                    {
                        "x": 1178.8681644711353,
                        "y": 604.574073723418
                    },
                    {
                        "x": 1174.2556019243016,
                        "y": 607.2098237501801
                    },
                    {
                        "x": 1168.325164364087,
                        "y": 615.4465425838116
                    },
                    {
                        "x": 1166.6778205973606,
                        "y": 618.0822926105736
                    },
                    {
                        "x": 1164.701008077289,
                        "y": 611.4929175436685
                    },
                    {
                        "x": 1159.429508023765,
                        "y": 602.5972612033465
                    },
                    {
                        "x": 1167.3367581040511,
                        "y": 596.0078861364414
                    },
                    {
                        "x": 1171.9493206508848,
                        "y": 593.7016048630245
                    },
                    {
                        "x": 1177.2208207044089,
                        "y": 586.782761042774
                    },
                    {
                        "x": 1193.6942583716718,
                        "y": 563.0610108019155
                    },
                    {
                        "x": 1200.9425709452676,
                        "y": 557.7895107483913
                    },
                    {
                        "x": 1208.1908835188633,
                        "y": 555.8126982283197
                    },
                    {
                        "x": 1214.7802585857685,
                        "y": 552.1885419415219
                    },
                    {
                        "x": 1221.3696336526737,
                        "y": 546.9170418879978
                    },
                    {
                        "x": 1226.3116649528524,
                        "y": 543.2928856011999
                    },
                    {
                        "x": 1227.3000712128883,
                        "y": 540.6571355744379
                    },
                    {
                        "x": 1224.334852432781,
                        "y": 540.6571355744379
                    },
                    {
                        "x": 1217.4160086125305,
                        "y": 542.9634168478547
                    },
                    {
                        "x": 1210.8266335456253,
                        "y": 547.5759793946883
                    },
                    {
                        "x": 1205.225664738756,
                        "y": 549.8822606681051
                    },
                    {
                        "x": 1195.6710708917435,
                        "y": 551.8590731881767
                    },
                    {
                        "x": 1189.4111645781834,
                        "y": 555.1537607216293
                    },
                    {
                        "x": 1183.1512582646235,
                        "y": 561.0841982818439
                    },
                    {
                        "x": 1178.8681644711353,
                        "y": 560.0957920218082
                    },
                    {
                        "x": 1183.1512582646235,
                        "y": 555.4832294749745
                    },
                    {
                        "x": 1178.8681644711353,
                        "y": 552.1885419415219
                    },
                    {
                        "x": 1175.2440081843374,
                        "y": 550.5411981747957
                    },
                    {
                        "x": 1173.2671956642657,
                        "y": 550.5411981747957
                    },
                    {
                        "x": 1171.6198518975395,
                        "y": 551.8590731881767
                    },
                    {
                        "x": 1170.960914390849,
                        "y": 557.1305732417007
                    },
                    {
                        "x": 1166.3483518440153,
                        "y": 556.142166981665
                    },
                    {
                        "x": 1159.1000392704198,
                        "y": 557.1305732417007
                    },
                    {
                        "x": 1140.3203203297398,
                        "y": 564.7083545686418
                    },
                    {
                        "x": 1123.5174139091318,
                        "y": 573.6040109089637
                    },
                    {
                        "x": 1105.0671637217972,
                        "y": 592.3837298496435
                    },
                    {
                        "x": 1101.1135386816543,
                        "y": 596.6668236431318
                    },
                    {
                        "x": 1096.8304448881659,
                        "y": 591.7247923429529
                    },
                    {
                        "x": 1091.2294760812965,
                        "y": 575.5808234290353
                    },
                    {
                        "x": 1098.8072574082373,
                        "y": 559.7663232684629
                    },
                    {
                        "x": 1102.4314136950352,
                        "y": 552.5180106948671
                    },
                    {
                        "x": 1104.4082262151069,
                        "y": 548.2349169013788
                    },
                    {
                        "x": 1104.4082262151069,
                        "y": 543.2928856011999
                    },
                    {
                        "x": 1099.7956636682732,
                        "y": 539.3392605610568
                    },
                    {
                        "x": 1096.8304448881659,
                        "y": 546.9170418879978
                    },
                    {
                        "x": 1089.5821323145701,
                        "y": 558.777917008427
                    },
                    {
                        "x": 1083.6516947543555,
                        "y": 570.3093233755111
                    },
                    {
                        "x": 1078.0507259474862,
                        "y": 566.6851670887133
                    },
                    {
                        "x": 1075.7444446740692,
                        "y": 552.1885419415219
                    },
                    {
                        "x": 1073.4381634006525,
                        "y": 539.6687293144021
                    },
                    {
                        "x": 1076.732850934105,
                        "y": 531.1025417274253
                    },
                    {
                        "x": 1076.732850934105,
                        "y": 522.8658228937938
                    },
                    {
                        "x": 1071.1318821272357,
                        "y": 513.6406978001266
                    },
                    {
                        "x": 1067.1782570870926,
                        "y": 513.3112290467814
                    },
                    {
                        "x": 1064.8719758136758,
                        "y": 516.9353853335792
                    },
                    {
                        "x": 1065.201444567021,
                        "y": 520.8890103737224
                    },
                    {
                        "x": 1067.1782570870926,
                        "y": 523.8542291538297
                    },
                    {
                        "x": 1063.5541008002947,
                        "y": 530.4436042207349
                    },
                    {
                        "x": 1063.5541008002947,
                        "y": 536.0445730276042
                    },
                    {
                        "x": 1063.5541008002947,
                        "y": 553.8358857082482
                    },
                    {
                        "x": 1057.9531319934254,
                        "y": 537.3624480409853
                    },
                    {
                        "x": 1056.6352569800442,
                        "y": 524.8426354138654
                    },
                    {
                        "x": 1057.2941944867348,
                        "y": 512.6522915400909
                    },
                    {
                        "x": 1054.3289757066275,
                        "y": 508.03972899325726
                    },
                    {
                        "x": 1053.0111006932464,
                        "y": 507.38079148656675
                    },
                    {
                        "x": 1049.7164131597938,
                        "y": 508.03972899325726
                    },
                    {
                        "x": 1049.0574756531032,
                        "y": 510.67547902001934
                    },
                    {
                        "x": 1050.045881913139,
                        "y": 514.2996353068172
                    },
                    {
                        "x": 1048.7280068997582,
                        "y": 529.455197960699
                    },
                    {
                        "x": 1049.7164131597938,
                        "y": 538.3508543010211
                    },
                    {
                        "x": 1042.7975693395433,
                        "y": 533.4088230008422
                    },
                    {
                        "x": 1030.936694219114,
                        "y": 529.7846667140443
                    },
                    {
                        "x": 1032.5840379858405,
                        "y": 524.183697907175
                    },
                    {
                        "x": 1027.9714754390068,
                        "y": 525.8310416739013
                    },
                    {
                        "x": 1022.3705066321373,
                        "y": 527.4783854406276
                    },
                    {
                        "x": 1036.5376630259834,
                        "y": 515.9469790735435
                    },
                    {
                        "x": 1036.8671317793287,
                        "y": 512.3228227867456
                    },
                    {
                        "x": 1032.9135067391856,
                        "y": 511.99335403340035
                    },
                    {
                        "x": 1020.0642253587206,
                        "y": 524.5131666605201
                    },
                    {
                        "x": 1017.4284753319585,
                        "y": 524.8426354138654
                    },
                    {
                        "x": 1011.1685690183986,
                        "y": 521.8774166337581
                    },
                    {
                        "x": 1005.5676002115292,
                        "y": 521.8774166337581
                    },
                    {
                        "x": 1002.2729126780766,
                        "y": 523.5247604004844
                    },
                    {
                        "x": 998.978225144624,
                        "y": 526.819447933937
                    },
                    {
                        "x": 991.0709750643379,
                        "y": 517.5943228402698
                    },
                    {
                        "x": 987.1173500241947,
                        "y": 517.2648540869245
                    },
                    {
                        "x": 986.7878812708494,
                        "y": 519.2416666069961
                    },
                    {
                        "x": 988.764693790921,
                        "y": 523.5247604004844
                    },
                    {
                        "x": 993.3772563377546,
                        "y": 538.6803230543663
                    },
                    {
                        "x": 992.3888500777189,
                        "y": 540.6571355744379
                    },
                    {
                        "x": 1000.3567224086202,
                        "y": 562.0251610413978
                    },
                    {
                        "x": 1002.6340104317426,
                        "y": 573.41160115701
                    },
                    {
                        "x": 1002.6340104317426,
                        "y": 585.3673632784026
                    },
                    {
                        "x": 998.0794343854977,
                        "y": 589.9219393246476
                    },
                    {
                        "x": 991.2475703161305,
                        "y": 588.2139733073058
                    },
                    {
                        "x": 984.4157062467632,
                        "y": 571.1343131338875
                    },
                    {
                        "x": 982.7077402294213,
                        "y": 557.470584995153
                    },
                    {
                        "x": 978.7224861889571,
                        "y": 551.2080429315663
                    },
                    {
                        "x": 970.182656102248,
                        "y": 549.5000769142245
                    },
                    {
                        "x": 965.0587580502225,
                        "y": 544.9455008679796
                    },
                    {
                        "x": 958.7962159866358,
                        "y": 535.2670267697093
                    },
                    {
                        "x": 949.6870638941461,
                        "y": 532.9897387465869
                    },
                    {
                        "x": 938.300623778534,
                        "y": 522.741942642536
                    },
                    {
                        "x": 936.0233357554116,
                        "y": 519.3260106078524
                    },
                    {
                        "x": 932.0380817149473,
                        "y": 520.4646546194135
                    },
                    {
                        "x": 931.4687597091668,
                        "y": 523.8805866540972
                    },
                    {
                        "x": 931.4687597091668,
                        "y": 530.7124507234645
                    },
                    {
                        "x": 925.2062176455801,
                        "y": 540.3909248217348
                    },
                    {
                        "x": 919.1808930844018,
                        "y": 546.6534668853216
                    },
                    {
                        "x": 916.0179930522874,
                        "y": 544.67665436525
                    },
                    {
                        "x": 911.2736430041156,
                        "y": 545.4673793732786
                    },
                    {
                        "x": 906.1339304519296,
                        "y": 547.8395543973645
                    },
                    {
                        "x": 902.1803054117864,
                        "y": 551.7931794375075
                    },
                    {
                        "x": 900.9942178997435,
                        "y": 555.7468044776507
                    },
                    {
                        "x": 901.7849429077721,
                        "y": 562.4679670458939
                    },
                    {
                        "x": 904.157117931858,
                        "y": 568.7937671101229
                    },
                    {
                        "x": 901.7849429077721,
                        "y": 571.9566671422374
                    },
                    {
                        "x": 899.8081303877005,
                        "y": 573.5381171582947
                    },
                    {
                        "x": 895.4591428435432,
                        "y": 575.5149296783662
                    },
                    {
                        "x": 895.0637803395289,
                        "y": 579.4685547185093
                    },
                    {
                        "x": 893.8776928274859,
                        "y": 583.8175422626667
                    },
                    {
                        "x": 889.1333427793143,
                        "y": 587.7711673028098
                    },
                    {
                        "x": 874.1095676267704,
                        "y": 583.4221797586524
                    },
                    {
                        "x": 870.5513050906417,
                        "y": 583.0268172546381
                    },
                    {
                        "x": 867.7837675625415,
                        "y": 584.212904766681
                    },
                    {
                        "x": 869.3652175785987,
                        "y": 587.7711673028098
                    },
                    {
                        "x": 868.9698550745844,
                        "y": 589.7479798228813
                    },
                    {
                        "x": 865.0162300344413,
                        "y": 594.0969673670387
                    },
                    {
                        "x": 859.481154978241,
                        "y": 600.4227674312677
                    },
                    {
                        "x": 859.0857924742267,
                        "y": 603.5856674633822
                    },
                    {
                        "x": 860.2718799862696,
                        "y": 607.5392925035253
                    },
                    {
                        "x": 866.5976800504985,
                        "y": 609.5161050235969
                    },
                    {
                        "x": 870.946667594656,
                        "y": 607.5392925035253
                    },
                    {
                        "x": 870.946667594656,
                        "y": 602.3995799513393
                    },
                    {
                        "x": 877.2724676588849,
                        "y": 598.8413174152105
                    },
                    {
                        "x": 883.2029052190995,
                        "y": 598.4459549111962
                    },
                    {
                        "x": 886.7611677552284,
                        "y": 600.4227674312677
                    },
                    {
                        "x": 886.365805251214,
                        "y": 605.957842487468
                    },
                    {
                        "x": 880.0400051869851,
                        "y": 615.8419050878258
                    },
                    {
                        "x": 877.6678301628992,
                        "y": 622.9584301600834
                    },
                    {
                        "x": 878.0631926669136,
                        "y": 628.4935052162838
                    },
                    {
                        "x": 881.6214552030423,
                        "y": 634.4239427764984
                    },
                    {
                        "x": 889.9240677873429,
                        "y": 642.7265553607989
                    },
                    {
                        "x": 906.9246554599582,
                        "y": 652.6106179611567
                    },
                    {
                        "x": 924.3206056365879,
                        "y": 666.8436681056719
                    },
                    {
                        "x": 928.2742306767309,
                        "y": 672.7741056658865
                    },
                    {
                        "x": 927.088143164688,
                        "y": 678.7045432261011
                    },
                    {
                        "x": 922.7391556205306,
                        "y": 683.0535307702586
                    },
                    {
                        "x": 912.8550930201728,
                        "y": 677.9138182180725
                    },
                    {
                        "x": 883.9936302271282,
                        "y": 675.1462806899724
                    },
                    {
                        "x": 850.7831798899261,
                        "y": 675.1462806899724
                    },
                    {
                        "x": 831.0150546892106,
                        "y": 670.4019306418006
                    },
                    {
                        "x": 820.7356295848385,
                        "y": 669.2158431297577
                    },
                    {
                        "x": 814.8051920246239,
                        "y": 671.5880181538436
                    },
                    {
                        "x": 804.5257669202518,
                        "y": 684.6349807863159
                    },
                    {
                        "x": 792.2695292958082,
                        "y": 695.3097683947021
                    },
                    {
                        "x": 784.362279215522,
                        "y": 698.0773059228023
                    },
                    {
                        "x": 781.1993791834075,
                        "y": 700.0541184428739
                    },
                    {
                        "x": 782.7808291994647,
                        "y": 703.2170184749884
                    },
                    {
                        "x": 786.3390917355936,
                        "y": 705.1938309950599
                    },
                    {
                        "x": 791.4788042877796,
                        "y": 705.1938309950599
                    },
                    {
                        "x": 796.2231543359513,
                        "y": 702.4262934669598
                    },
                    {
                        "x": 810.4562044804665,
                        "y": 690.9607808505448
                    },
                    {
                        "x": 830.224329681182,
                        "y": 683.0535307702586
                    },
                    {
                        "x": 841.2944797935827,
                        "y": 687.0071558104016
                    },
                    {
                        "x": 859.0857924742267,
                        "y": 692.9375933706164
                    },
                    {
                        "x": 859.8765174822553,
                        "y": 697.681943418788
                    },
                    {
                        "x": 862.6440550103555,
                        "y": 699.2633934348453
                    },
                    {
                        "x": 865.0162300344413,
                        "y": 700.0541184428739
                    },
                    {
                        "x": 872.1327551066988,
                        "y": 702.0309309629455
                    },
                    {
                        "x": 875.2956551388133,
                        "y": 704.007743483017
                    },
                    {
                        "x": 879.2492801789565,
                        "y": 708.7520935311887
                    },
                    {
                        "x": 865.0162300344413,
                        "y": 714.287168587389
                    },
                    {
                        "x": 849.5970923778832,
                        "y": 722.1944186676753
                    },
                    {
                        "x": 839.7130297775254,
                        "y": 720.2176061476038
                    },
                    {
                        "x": 831.8057796972392,
                        "y": 716.2639811074606
                    },
                    {
                        "x": 820.3402670808242,
                        "y": 709.5428185392174
                    },
                    {
                        "x": 812.8283795045523,
                        "y": 702.4262934669598
                    },
                    {
                        "x": 808.8747544644092,
                        "y": 699.2633934348453
                    },
                    {
                        "x": 804.1304044162375,
                        "y": 699.2633934348453
                    },
                    {
                        "x": 805.3164919282805,
                        "y": 702.4262934669598
                    },
                    {
                        "x": 808.0840294563806,
                        "y": 705.9845560030885
                    },
                    {
                        "x": 824.2938921209674,
                        "y": 725.7526812038041
                    },
                    {
                        "x": 815.5959170326526,
                        "y": 726.938768715847
                    },
                    {
                        "x": 810.4562044804665,
                        "y": 731.6831187640187
                    },
                    {
                        "x": 795.4324293279227,
                        "y": 737.6135563242334
                    },
                    {
                        "x": 781.1993791834075,
                        "y": 742.7532688764194
                    },
                    {
                        "x": 775.2689416231929,
                        "y": 743.543993884448
                    },
                    {
                        "x": 772.1060415910783,
                        "y": 744.730081396491
                    },
                    {
                        "x": 770.9199540790355,
                        "y": 746.7068939165625
                    },
                    {
                        "x": 770.9199540790355,
                        "y": 748.2883439326198
                    },
                    {
                        "x": 775.6643041272072,
                        "y": 751.0558814607199
                    },
                    {
                        "x": 790.6880792797509,
                        "y": 747.8929814286055
                    },
                    {
                        "x": 818.5215995623583,
                        "y": 740.1438763499248
                    },
                    {
                        "x": 833.2290847116907,
                        "y": 738.2461363306561
                    },
                    {
                        "x": 844.6155248273028,
                        "y": 735.3995263017531
                    },
                    {
                        "x": 859.7974449814523,
                        "y": 726.859696215044
                    },
                    {
                        "x": 880.6725851934078,
                        "y": 723.0642161765065
                    },
                    {
                        "x": 887.7891102656655,
                        "y": 722.5897811716894
                    },
                    {
                        "x": 887.7891102656655,
                        "y": 728.7574362343126
                    },
                    {
                        "x": 895.3800703427402,
                        "y": 730.6551762535813
                    },
                    {
                        "x": 920.9995606028675,
                        "y": 733.0273512776672
                    },
                    {
                        "x": 931.4371307088453,
                        "y": 734.9250912969359
                    },
                    {
                        "x": 937.6047857714685,
                        "y": 739.6694413451077
                    },
                    {
                        "x": 935.7070457521999,
                        "y": 747.2604014221823
                    },
                    {
                        "x": 939.5025257907372,
                        "y": 755.3257965040743
                    },
                    {
                        "x": 931.9115657136625,
                        "y": 758.1724065329773
                    },
                    {
                        "x": 929.0649556847594,
                        "y": 762.4423215763319
                    },
                    {
                        "x": 925.2694756462221,
                        "y": 765.2889316052349
                    },
                    {
                        "x": 912.4597305161584,
                        "y": 767.6611066293208
                    },
                    {
                        "x": 897.7522453668261,
                        "y": 775.7265017112127
                    },
                    {
                        "x": 879.2492801789564,
                        "y": 779.0475467449329
                    },
                    {
                        "x": 846.0388298417543,
                        "y": 774.3031966967612
                    },
                    {
                        "x": 831.3313446924219,
                        "y": 774.3031966967612
                    },
                    {
                        "x": 819.2332520695842,
                        "y": 775.2520667063957
                    },
                    {
                        "x": 802.1008768956307,
                        "y": 781.1825042666103
                    },
                    {
                        "x": 796.1704393354161,
                        "y": 785.4655980600986
                    },
                    {
                        "x": 799.7945956222139,
                        "y": 787.4424105801702
                    },
                    {
                        "x": 806.3839706891191,
                        "y": 787.4424105801702
                    },
                    {
                        "x": 824.1752833697631,
                        "y": 782.8298480333366
                    },
                    {
                        "x": 837.0245647502281,
                        "y": 785.1361293067534
                    },
                    {
                        "x": 851.1917211440742,
                        "y": 789.4192231002418
                    },
                    {
                        "x": 863.3820650178488,
                        "y": 791.7255043736586
                    },
                    {
                        "x": 867.6651588113372,
                        "y": 797.326473180528
                    },
                    {
                        "x": 877.2197526583496,
                        "y": 800.9506294673258
                    },
                    {
                        "x": 892.7047840655769,
                        "y": 805.5631920141594
                    },
                    {
                        "x": 900.612034145863,
                        "y": 806.5515982741952
                    },
                    {
                        "x": 901.9299091592441,
                        "y": 815.1177858611719
                    },
                    {
                        "x": 898.9646903791368,
                        "y": 820.3892859146961
                    },
                    {
                        "x": 886.4448777520169,
                        "y": 827.967067241637
                    },
                    {
                        "x": 871.289315098135,
                        "y": 832.9090985418159
                    },
                    {
                        "x": 846.5791585972406,
                        "y": 835.8743173219232
                    },
                    {
                        "x": 838.6719085169544,
                        "y": 834.5564423085422
                    },
                    {
                        "x": 831.0941271900134,
                        "y": 834.5564423085422
                    },
                    {
                        "x": 820.5511270829652,
                        "y": 837.1921923353043
                    },
                    {
                        "x": 818.9037833162389,
                        "y": 840.816348622102
                    },
                    {
                        "x": 819.8921895762746,
                        "y": 842.7931611421736
                    },
                    {
                        "x": 824.5047521231082,
                        "y": 843.1226298955189
                    },
                    {
                        "x": 835.0477522301566,
                        "y": 842.4636923888283
                    },
                    {
                        "x": 851.8506586507648,
                        "y": 844.7699736622452
                    },
                    {
                        "x": 863.3820650178488,
                        "y": 844.7699736622452
                    },
                    {
                        "x": 877.746902663702,
                        "y": 845.363017418266
                    },
                    {
                        "x": 884.4680652319453,
                        "y": 845.363017418266
                    },
                    {
                        "x": 898.7011153764605,
                        "y": 843.3862048981946
                    },
                    {
                        "x": 895.9335778483603,
                        "y": 839.8279423620658
                    },
                    {
                        "x": 891.1892278001885,
                        "y": 837.0604048339655
                    },
                    {
                        "x": 906.2130029527324,
                        "y": 828.3624297456507
                    },
                    {
                        "x": 912.9341655209756,
                        "y": 825.1995297135363
                    },
                    {
                        "x": 922.8182281213334,
                        "y": 824.0134422014934
                    },
                    {
                        "x": 937.0512782658485,
                        "y": 817.29227963325
                    },
                    {
                        "x": 944.5631658421205,
                        "y": 807.012854528878
                    },
                    {
                        "x": 948.1214283782492,
                        "y": 797.1287919285203
                    },
                    {
                        "x": 957.6101284745927,
                        "y": 786.4540043201339
                    },
                    {
                        "x": 963.9359285388216,
                        "y": 779.3374792478763
                    },
                    {
                        "x": 967.8895535789648,
                        "y": 783.6864667920337
                    },
                    {
                        "x": 959.1915784906499,
                        "y": 808.1989420409209
                    },
                    {
                        "x": 945.353890850149,
                        "y": 820.4551796653645
                    },
                    {
                        "x": 935.074465745777,
                        "y": 827.5717047376221
                    },
                    {
                        "x": 921.2367781052761,
                        "y": 839.8279423620658
                    },
                    {
                        "x": 911.3527155049184,
                        "y": 853.6656300025666
                    },
                    {
                        "x": 909.7712654888611,
                        "y": 857.6192550427097
                    },
                    {
                        "x": 914.9109780410472,
                        "y": 859.200705058767
                    },
                    {
                        "x": 927.1672156654907,
                        "y": 853.6656300025666
                    },
                    {
                        "x": 956.819403466564,
                        "y": 833.8975048018511
                    },
                    {
                        "x": 976.5875286672796,
                        "y": 819.2690921533216
                    },
                    {
                        "x": 973.0292661311507,
                        "y": 832.7114172898082
                    },
                    {
                        "x": 968.2849160829791,
                        "y": 842.2001173861516
                    },
                    {
                        "x": 962.7498410267788,
                        "y": 846.549104930309
                    },
                    {
                        "x": 952.865778426421,
                        "y": 857.2238925386954
                    },
                    {
                        "x": 950.0982408983208,
                        "y": 862.3636050908815
                    },
                    {
                        "x": 926.7718531614764,
                        "y": 863.5496926029243
                    },
                    {
                        "x": 914.1202530330186,
                        "y": 863.5496926029243
                    },
                    {
                        "x": 908.189815472804,
                        "y": 863.15433009891
                    },
                    {
                        "x": 903.4454654246322,
                        "y": 857.2238925386954
                    },
                    {
                        "x": 901.8640154085749,
                        "y": 854.4563550105952
                    },
                    {
                        "x": 899.491840384489,
                        "y": 854.4563550105952
                    },
                    {
                        "x": 897.5150278644176,
                        "y": 857.2238925386954
                    },
                    {
                        "x": 899.0964778804747,
                        "y": 861.5728800828529
                    },
                    {
                        "x": 902.2593779125892,
                        "y": 867.1079551390532
                    },
                    {
                        "x": 910.5619904968897,
                        "y": 871.8523051872248
                    },
                    {
                        "x": 916.4924280571045,
                        "y": 873.4337552032821
                    },
                    {
                        "x": 937.0512782658485,
                        "y": 875.0152052193394
                    },
                    {
                        "x": 957.2147659705784,
                        "y": 869.8754926671534
                    },
                    {
                        "x": 939.4234532899344,
                        "y": 886.0853553317401
                    },
                    {
                        "x": 934.2837407377484,
                        "y": 890.4343428758974
                    },
                    {
                        "x": 927.5625781695051,
                        "y": 891.6204303879404
                    },
                    {
                        "x": 920.4460530972475,
                        "y": 890.0389803718831
                    },
                    {
                        "x": 911.7480780089327,
                        "y": 906.6442055404842
                    },
                    {
                        "x": 906.2130029527324,
                        "y": 922.4587057010566
                    },
                    {
                        "x": 900.677927896532,
                        "y": 931.9474057974
                    },
                    {
                        "x": 897.1196653604032,
                        "y": 935.5056683335289
                    },
                    {
                        "x": 891.9799528082171,
                        "y": 938.273205861629
                    },
                    {
                        "x": 888.0263277680741,
                        "y": 938.273205861629
                    },
                    {
                        "x": 882.4912527118737,
                        "y": 936.6917558455717
                    },
                    {
                        "x": 880.9098026958164,
                        "y": 938.6685683656433
                    },
                    {
                        "x": 882.0958902078594,
                        "y": 943.4129184138151
                    },
                    {
                        "x": 884.072702727931,
                        "y": 944.2036434218437
                    },
                    {
                        "x": 891.5845903042028,
                        "y": 944.9943684298722
                    },
                    {
                        "x": 903.0501029206179,
                        "y": 941.8314683977578
                    },
                    {
                        "x": 902.6547404166035,
                        "y": 948.9479934700154
                    },
                    {
                        "x": 902.2593779125892,
                        "y": 954.0877060222015
                    },
                    {
                        "x": 903.4454654246322,
                        "y": 956.8552435503016
                    },
                    {
                        "x": 911.3527155049184,
                        "y": 948.9479934700154
                    },
                    {
                        "x": 920.0506905932332,
                        "y": 942.6221934057864
                    },
                    {
                        "x": 926.7718531614764,
                        "y": 927.9937807572569
                    },
                    {
                        "x": 940.6095408019773,
                        "y": 909.4117430685843
                    },
                    {
                        "x": 953.2769554305956,
                        "y": 884.3141313137559
                    },
                    {
                        "x": 970.9259376097945,
                        "y": 855.8480310247255
                    },
                    {
                        "x": 989.1442417947738,
                        "y": 830.2285407645982
                    },
                    {
                        "x": 1004.5159359508502,
                        "y": 824.5353207067922
                    },
                    {
                        "x": 1002.2386479277278,
                        "y": 857.5559970420674
                    },
                    {
                        "x": 998.2533938872635,
                        "y": 895.1312494235874
                    },
                    {
                        "x": 1002.2386479277278,
                        "y": 899.1165034640517
                    },
                    {
                        "x": 1005.6545799624114,
                        "y": 903.6710795102965
                    },
                    {
                        "x": 1011.3478000202175,
                        "y": 904.8097235218577
                    },
                    {
                        "x": 1007.9318679855339,
                        "y": 932.1371797993269
                    },
                    {
                        "x": 1001.1000039161665,
                        "y": 948.6475179669644
                    },
                    {
                        "x": 990.6624338101886,
                        "y": 956.1435910430758
                    },
                    {
                        "x": 981.6481687186623,
                        "y": 956.618026047893
                    },
                    {
                        "x": 973.1083386319533,
                        "y": 958.5157660671616
                    },
                    {
                        "x": 968.3639885837815,
                        "y": 959.9390710816132
                    },
                    {
                        "x": 969.3128585934159,
                        "y": 964.2089861249677
                    },
                    {
                        "x": 978.8015586897593,
                        "y": 963.2601161153334
                    },
                    {
                        "x": 989.7135638005543,
                        "y": 963.7345511201505
                    },
                    {
                        "x": 1002.0488739258008,
                        "y": 963.2601161153334
                    },
                    {
                        "x": 1013.4353140414129,
                        "y": 951.8736759997213
                    },
                    {
                        "x": 1021.5007091233048,
                        "y": 940.012800879292
                    },
                    {
                        "x": 1026.2450591714764,
                        "y": 915.8166156336162
                    },
                    {
                        "x": 1030.514974214831,
                        "y": 927.6774907540455
                    },
                    {
                        "x": 1029.0916692003796,
                        "y": 948.0781959611838
                    },
                    {
                        "x": 1027.193929181111,
                        "y": 953.2969810141727
                    },
                    {
                        "x": 1019.128534099219,
                        "y": 954.2458510238071
                    },
                    {
                        "x": 1015.3330540606815,
                        "y": 956.1435910430758
                    },
                    {
                        "x": 1014.8586190558644,
                        "y": 958.9902010719788
                    },
                    {
                        "x": 1018.1796640895847,
                        "y": 960.8879410912475
                    },
                    {
                        "x": 1026.7194941762937,
                        "y": 960.4135060864303
                    },
                    {
                        "x": 1035.2593242630028,
                        "y": 956.1435910430758
                    },
                    {
                        "x": 1042.8502843400777,
                        "y": 942.859410908195
                    },
                    {
                        "x": 1042.3758493352605,
                        "y": 915.8166156336162
                    },
                    {
                        "x": 1035.73375926782,
                        "y": 889.2482553638545
                    },
                    {
                        "x": 1036.6826292774545,
                        "y": 869.7964201663505
                    },
                    {
                        "x": 1047.5946343882492,
                        "y": 864.1032001085443
                    },
                    {
                        "x": 1053.2878544460555,
                        "y": 876.4385102337908
                    },
                    {
                        "x": 1057.55776948941,
                        "y": 878.8106852578767
                    },
                    {
                        "x": 1064.1998595568502,
                        "y": 876.912945238608
                    },
                    {
                        "x": 1060.8788145231301,
                        "y": 870.2708551711676
                    }
                ],
                "resin": 2,
                "browning": false
            }
        ],
        "object_id": "B_a09_A_3_3_22-09-01-09-55-1020"
    },
    "Metadata": {
        "Images": {
            "object_id": "B_a09_A_3_3_22-09-01-09-55-1020",
            "path": "1.Traning_원천데이터_꽃_미수정암꽃",
            "width": 2000,
            "height": 1500
        },
        "environment": {
            "area_id": "B",
            "hemp_id": "B_a09_A_3",
            "area_temp": 28.3,
            "area_hum": 88.8,
            "area_co2": 467,
            "area_Illum": 419,
            "water_temp": 25.3,
            "water_ec": 2.7,
            "water_ph": 6.8
        },
        "Growth Info": {
            "period": 71,
            "length": 84.3,
            "node_number": 20,
            "node_length": 4.2,
            "root_round": 18.9
        }
    }
}