{
    "annotations": {
        "label": {
            "category": 1
        },
        "polygon": [
            {
                "type": "POLYGON",
                "vertices": [
                    {
                        "x": 1016.387438144688,
                        "y": 706.3948772094396
                    },
                    {
                        "x": 1028.3636794749218,
                        "y": 701.4634837205198
                    },
                    {
                        "x": 1038.9309512368927,
                        "y": 690.1917271744175
                    },
                    {
                        "x": 1048.7937382147322,
                        "y": 681.0334249807092
                    },
                    {
                        "x": 1060.769979544966,
                        "y": 673.9885771393953
                    },
                    {
                        "x": 1072.0417360910685,
                        "y": 669.0571836504755
                    },
                    {
                        "x": 1079.0865839323824,
                        "y": 666.9437292980813
                    },
                    {
                        "x": 1078.382099148251,
                        "y": 660.6033662408987
                    },
                    {
                        "x": 1074.1551904434625,
                        "y": 655.671972751979
                    },
                    {
                        "x": 1060.0654947608346,
                        "y": 640.1733075010882
                    },
                    {
                        "x": 1053.725131703652,
                        "y": 628.9015509549857
                    },
                    {
                        "x": 1047.3847686464694,
                        "y": 623.2656726819346
                    },
                    {
                        "x": 1039.6354360210241,
                        "y": 623.970157466066
                    },
                    {
                        "x": 1030.4771338273158,
                        "y": 621.1522183295405
                    },
                    {
                        "x": 1028.3636794749218,
                        "y": 611.9939161358323
                    },
                    {
                        "x": 1033.2950729638414,
                        "y": 607.0625226469124
                    },
                    {
                        "x": 1039.6354360210241,
                        "y": 604.2445835103869
                    },
                    {
                        "x": 1033.2950729638414,
                        "y": 598.6087052373357
                    },
                    {
                        "x": 1026.954709906659,
                        "y": 591.5638573960217
                    },
                    {
                        "x": 1015.6829533605566,
                        "y": 581.7010704181821
                    },
                    {
                        "x": 1003.7067120303228,
                        "y": 569.020344303817
                    },
                    {
                        "x": 991.730470700089,
                        "y": 565.4979203831599
                    },
                    {
                        "x": 983.2766532905122,
                        "y": 566.9068899514227
                    },
                    {
                        "x": 980.4587141539866,
                        "y": 571.1337986562111
                    },
                    {
                        "x": 976.9362902333296,
                        "y": 575.3607073609995
                    },
                    {
                        "x": 975.5273206650668,
                        "y": 567.6113747355541
                    },
                    {
                        "x": 981.1631989381181,
                        "y": 561.975496462503
                    },
                    {
                        "x": 986.7990772111692,
                        "y": 559.8620421101087
                    },
                    {
                        "x": 997.3663489731401,
                        "y": 559.8620421101087
                    },
                    {
                        "x": 1005.8201663827169,
                        "y": 561.2710116783716
                    },
                    {
                        "x": 1014.9784685764251,
                        "y": 568.3158595196855
                    },
                    {
                        "x": 1033.2950729638414,
                        "y": 585.9279791229704
                    },
                    {
                        "x": 1040.3399208051555,
                        "y": 590.1548878277589
                    },
                    {
                        "x": 1051.6116773512579,
                        "y": 599.3131900214671
                    },
                    {
                        "x": 1067.81482738628,
                        "y": 603.5400987262555
                    },
                    {
                        "x": 1068.5193121704115,
                        "y": 595.0862813166787
                    },
                    {
                        "x": 1060.0654947608346,
                        "y": 587.3369486912333
                    },
                    {
                        "x": 1055.134101271915,
                        "y": 577.4741617133938
                    },
                    {
                        "x": 1043.1578599416812,
                        "y": 569.020344303817
                    },
                    {
                        "x": 1031.8861033955786,
                        "y": 561.975496462503
                    },
                    {
                        "x": 1019.9098620653449,
                        "y": 556.3396181894517
                    },
                    {
                        "x": 1010.7515598716368,
                        "y": 553.5216790529262
                    },
                    {
                        "x": 998.0708337572715,
                        "y": 548.5902855640064
                    },
                    {
                        "x": 988.208046779432,
                        "y": 540.840952938561
                    },
                    {
                        "x": 976.9362902333296,
                        "y": 533.796105097247
                    },
                    {
                        "x": 981.8676837222495,
                        "y": 534.5005898813783
                    },
                    {
                        "x": 993.8439250524832,
                        "y": 538.7274985861668
                    },
                    {
                        "x": 1002.29774246206,
                        "y": 543.6588920750866
                    },
                    {
                        "x": 1010.7515598716368,
                        "y": 543.6588920750866
                    },
                    {
                        "x": 1021.3188316336077,
                        "y": 547.885800779875
                    },
                    {
                        "x": 1029.7726490431844,
                        "y": 549.2947703481377
                    },
                    {
                        "x": 1036.8174968844985,
                        "y": 533.796105097247
                    },
                    {
                        "x": 1037.52198166863,
                        "y": 528.8647116083272
                    },
                    {
                        "x": 1042.4533751575498,
                        "y": 532.3871355289842
                    },
                    {
                        "x": 1043.8623447258126,
                        "y": 524.6378029035388
                    },
                    {
                        "x": 1041.7488903734184,
                        "y": 537.318529017904
                    },
                    {
                        "x": 1038.9309512368927,
                        "y": 548.5902855640064
                    },
                    {
                        "x": 1036.113012100367,
                        "y": 554.930648621189
                    },
                    {
                        "x": 1040.3399208051555,
                        "y": 558.4530725418459
                    },
                    {
                        "x": 1048.0892534306008,
                        "y": 565.4979203831599
                    },
                    {
                        "x": 1057.9520404084406,
                        "y": 569.7248290879484
                    },
                    {
                        "x": 1067.81482738628,
                        "y": 580.2921008499193
                    },
                    {
                        "x": 1073.450705659331,
                        "y": 594.3817965325472
                    },
                    {
                        "x": 1079.7910687165138,
                        "y": 602.1311291579926
                    },
                    {
                        "x": 1081.904523068908,
                        "y": 598.6087052373357
                    },
                    {
                        "x": 1079.0865839323824,
                        "y": 584.5190095547077
                    },
                    {
                        "x": 1074.859675227594,
                        "y": 571.1337986562111
                    },
                    {
                        "x": 1077.6776143641196,
                        "y": 569.020344303817
                    },
                    {
                        "x": 1084.7224622054337,
                        "y": 576.0651921451309
                    },
                    {
                        "x": 1088.2448861260905,
                        "y": 588.0414334753647
                    },
                    {
                        "x": 1087.5404013419593,
                        "y": 596.4952508849415
                    },
                    {
                        "x": 1089.6538556943533,
                        "y": 604.9490682945183
                    },
                    {
                        "x": 1098.1076731039302,
                        "y": 609.1759769993066
                    },
                    {
                        "x": 1104.4480361611127,
                        "y": 608.4714922151752
                    },
                    {
                        "x": 1108.6749448659011,
                        "y": 600.7221595897298
                    },
                    {
                        "x": 1111.4928840024268,
                        "y": 585.9279791229704
                    },
                    {
                        "x": 1115.7197927072152,
                        "y": 572.5427682244739
                    },
                    {
                        "x": 1119.9467014120034,
                        "y": 570.4293138720798
                    },
                    {
                        "x": 1119.9467014120034,
                        "y": 580.2921008499193
                    },
                    {
                        "x": 1118.5377318437406,
                        "y": 589.4504030436275
                    },
                    {
                        "x": 1123.4691253326605,
                        "y": 588.0414334753647
                    },
                    {
                        "x": 1147.421607993128,
                        "y": 586.6324639071019
                    },
                    {
                        "x": 1152.3530014820478,
                        "y": 578.8831312816565
                    },
                    {
                        "x": 1159.397849323362,
                        "y": 568.3158595196855
                    },
                    {
                        "x": 1160.8068188916245,
                        "y": 559.8620421101087
                    },
                    {
                        "x": 1154.466455834442,
                        "y": 550.7037399164005
                    },
                    {
                        "x": 1154.466455834442,
                        "y": 539.4319833702982
                    },
                    {
                        "x": 1153.7619710503106,
                        "y": 528.8647116083272
                    },
                    {
                        "x": 1155.1709406185735,
                        "y": 519.7064094146191
                    },
                    {
                        "x": 1156.5799101868363,
                        "y": 507.02568330025383
                    },
                    {
                        "x": 1156.5799101868363,
                        "y": 495.0494419700201
                    },
                    {
                        "x": 1157.988879755099,
                        "y": 483.7776854239177
                    },
                    {
                        "x": 1158.6933645392305,
                        "y": 467.5745353888955
                    },
                    {
                        "x": 1157.988879755099,
                        "y": 457.00726362692455
                    },
                    {
                        "x": 1161.511303675756,
                        "y": 446.4399918649536
                    },
                    {
                        "x": 1167.1471819488072,
                        "y": 417.55611571556625
                    },
                    {
                        "x": 1169.9651210853328,
                        "y": 406.9888439535953
                    },
                    {
                        "x": 1172.078575437727,
                        "y": 412.62472222664644
                    },
                    {
                        "x": 1171.3740906535957,
                        "y": 429.53235704580004
                    },
                    {
                        "x": 1170.6696058694642,
                        "y": 440.8041135919024
                    },
                    {
                        "x": 1167.8516667329386,
                        "y": 450.666900569742
                    },
                    {
                        "x": 1166.4426971646758,
                        "y": 463.3476266841072
                    },
                    {
                        "x": 1165.7382123805444,
                        "y": 478.8462919349979
                    },
                    {
                        "x": 1166.4426971646758,
                        "y": 496.45841153828286
                    },
                    {
                        "x": 1167.1471819488072,
                        "y": 509.13913765264806
                    },
                    {
                        "x": 1165.033727596413,
                        "y": 520.4108941987504
                    },
                    {
                        "x": 1162.2157884598873,
                        "y": 533.796105097247
                    },
                    {
                        "x": 1160.1023341074933,
                        "y": 540.1364681544296
                    },
                    {
                        "x": 1165.033727596413,
                        "y": 551.408224700532
                    },
                    {
                        "x": 1168.55615151707,
                        "y": 561.975496462503
                    },
                    {
                        "x": 1167.8516667329386,
                        "y": 573.2472530086053
                    },
                    {
                        "x": 1162.2157884598873,
                        "y": 583.1100399864449
                    },
                    {
                        "x": 1153.7619710503106,
                        "y": 591.5638573960217
                    },
                    {
                        "x": 1144.6036688566026,
                        "y": 595.0862813166787
                    },
                    {
                        "x": 1125.5825796850547,
                        "y": 600.0176748055984
                    },
                    {
                        "x": 1120.6511861961349,
                        "y": 603.5400987262555
                    },
                    {
                        "x": 1115.0153079230838,
                        "y": 610.5849465675694
                    },
                    {
                        "x": 1121.3556709802663,
                        "y": 619.7432487612776
                    },
                    {
                        "x": 1124.173610116792,
                        "y": 629.6060357391171
                    },
                    {
                        "x": 1132.6274275263686,
                        "y": 640.1733075010882
                    },
                    {
                        "x": 1141.785729720077,
                        "y": 659.1943966726359
                    },
                    {
                        "x": 1155.8754254027049,
                        "y": 683.8513641172349
                    },
                    {
                        "x": 1170.6696058694642,
                        "y": 683.8513641172349
                    },
                    {
                        "x": 1184.7593015520922,
                        "y": 667.6482140822127
                    },
                    {
                        "x": 1196.0310580981945,
                        "y": 659.8988814567673
                    },
                    {
                        "x": 1208.0072994284283,
                        "y": 661.3078510250301
                    },
                    {
                        "x": 1213.6431777014795,
                        "y": 683.8513641172349
                    },
                    {
                        "x": 1227.028388599976,
                        "y": 681.7379097648407
                    },
                    {
                        "x": 1235.4822060095528,
                        "y": 681.0334249807092
                    },
                    {
                        "x": 1245.3449929873925,
                        "y": 678.9199706283151
                    },
                    {
                        "x": 1252.3898408287064,
                        "y": 674.6930619235267
                    },
                    {
                        "x": 1261.5481430224147,
                        "y": 668.3526988663441
                    },
                    {
                        "x": 1272.1154147843856,
                        "y": 665.5347597298185
                    },
                    {
                        "x": 1281.2737169780937,
                        "y": 664.8302749456872
                    },
                    {
                        "x": 1288.3185648194078,
                        "y": 656.3764575361104
                    },
                    {
                        "x": 1305.2261996385614,
                        "y": 651.4450640471905
                    },
                    {
                        "x": 1316.4979561846637,
                        "y": 652.1495488313219
                    },
                    {
                        "x": 1323.5428040259776,
                        "y": 655.671972751979
                    },
                    {
                        "x": 1346.0863171181825,
                        "y": 657.0809423202418
                    },
                    {
                        "x": 1356.6535888801534,
                        "y": 662.7168205932929
                    },
                    {
                        "x": 1366.516375857993,
                        "y": 666.9437292980813
                    },
                    {
                        "x": 1357.3580736642848,
                        "y": 667.6482140822127
                    },
                    {
                        "x": 1350.3132258229707,
                        "y": 668.3526988663441
                    },
                    {
                        "x": 1351.0177106071021,
                        "y": 679.6244554124464
                    },
                    {
                        "x": 1346.790801902314,
                        "y": 690.1917271744175
                    },
                    {
                        "x": 1339.7459540609998,
                        "y": 694.4186358792058
                    },
                    {
                        "x": 1351.0177106071021,
                        "y": 702.8724532887826
                    },
                    {
                        "x": 1360.1760128008104,
                        "y": 712.0307554824908
                    },
                    {
                        "x": 1371.4477693469128,
                        "y": 724.0069968127245
                    },
                    {
                        "x": 1386.9464345978035,
                        "y": 719.7800881079362
                    },
                    {
                        "x": 1398.2181911439059,
                        "y": 724.0069968127245
                    },
                    {
                        "x": 1402.4450998486943,
                        "y": 733.1652990064327
                    },
                    {
                        "x": 1401.740615064563,
                        "y": 738.0966924953525
                    },
                    {
                        "x": 1393.9912824391174,
                        "y": 740.2101468477467
                    },
                    {
                        "x": 1379.9015867564895,
                        "y": 737.3922077112212
                    },
                    {
                        "x": 1367.9253454262557,
                        "y": 731.7563294381699
                    },
                    {
                        "x": 1344.6773475499197,
                        "y": 716.2576641872791
                    },
                    {
                        "x": 1331.9966214355545,
                        "y": 706.3948772094396
                    },
                    {
                        "x": 1331.9966214355545,
                        "y": 716.2576641872791
                    },
                    {
                        "x": 1340.4504388451312,
                        "y": 721.8935424603304
                    },
                    {
                        "x": 1355.949104096022,
                        "y": 731.7563294381699
                    },
                    {
                        "x": 1381.3105563247523,
                        "y": 745.1415403366665
                    },
                    {
                        "x": 1388.3554041660664,
                        "y": 751.4819033938492
                    },
                    {
                        "x": 1430.6244912139503,
                        "y": 770.5029925653969
                    },
                    {
                        "x": 1449.645580385498,
                        "y": 782.4792338956306
                    },
                    {
                        "x": 1465.84873042052,
                        "y": 795.1599600099959
                    },
                    {
                        "x": 1481.3473956714108,
                        "y": 795.8644447941272
                    },
                    {
                        "x": 1494.0281217857762,
                        "y": 786.7061426004191
                    },
                    {
                        "x": 1501.07296962709,
                        "y": 781.7747491114992
                    },
                    {
                        "x": 1510.2312718207982,
                        "y": 776.8433556225795
                    },
                    {
                        "x": 1513.0492109573238,
                        "y": 780.3657795432365
                    },
                    {
                        "x": 1499.6640000588272,
                        "y": 790.9330513052074
                    },
                    {
                        "x": 1488.392243512725,
                        "y": 798.6823839306528
                    },
                    {
                        "x": 1479.938426103148,
                        "y": 805.7272317719668
                    },
                    {
                        "x": 1479.2339413190168,
                        "y": 809.9541404767552
                    },
                    {
                        "x": 1479.938426103148,
                        "y": 819.1124426704633
                    },
                    {
                        "x": 1482.7563652396736,
                        "y": 830.3841992165658
                    },
                    {
                        "x": 1487.6877587285935,
                        "y": 840.2469861944053
                    },
                    {
                        "x": 1498.9595152746958,
                        "y": 847.9963188198507
                    },
                    {
                        "x": 1494.7326065699074,
                        "y": 857.1546210135589
                    },
                    {
                        "x": 1477.824971750754,
                        "y": 862.79049928661
                    },
                    {
                        "x": 1492.6191522175134,
                        "y": 868.4263775596613
                    },
                    {
                        "x": 1496.8460609223016,
                        "y": 862.79049928661
                    },
                    {
                        "x": 1503.8909087636157,
                        "y": 859.9725601500845
                    },
                    {
                        "x": 1512.3447261731924,
                        "y": 853.632197092902
                    },
                    {
                        "x": 1517.9806044462437,
                        "y": 845.8828644674566
                    },
                    {
                        "x": 1525.729937071689,
                        "y": 839.5425014102739
                    },
                    {
                        "x": 1532.0703001288716,
                        "y": 834.6111079213541
                    },
                    {
                        "x": 1532.774784913003,
                        "y": 838.1335318420112
                    },
                    {
                        "x": 1522.2075131510321,
                        "y": 851.5187427405077
                    },
                    {
                        "x": 1513.7536957414552,
                        "y": 862.0860145024786
                    },
                    {
                        "x": 1506.7088479001413,
                        "y": 867.7218927755299
                    },
                    {
                        "x": 1497.550545706433,
                        "y": 870.5398319120554
                    },
                    {
                        "x": 1503.8909087636157,
                        "y": 874.0622558327125
                    },
                    {
                        "x": 1512.3447261731924,
                        "y": 879.6981341057636
                    },
                    {
                        "x": 1520.094058798638,
                        "y": 883.925042810552
                    },
                    {
                        "x": 1528.9588256656245,
                        "y": 892.1440319587517
                    },
                    {
                        "x": 1533.6553908931671,
                        "y": 895.0793852259659
                    },
                    {
                        "x": 1540.1131680810383,
                        "y": 896.8405971862943
                    },
                    {
                        "x": 1546.5709452689093,
                        "y": 899.7759504535085
                    },
                    {
                        "x": 1550.6804398430093,
                        "y": 903.8854450276083
                    },
                    {
                        "x": 1554.2028637636663,
                        "y": 907.9949396017081
                    },
                    {
                        "x": 1557.7252876843233,
                        "y": 915.0397874430221
                    },
                    {
                        "x": 1560.6606409515373,
                        "y": 920.3234233240076
                    },
                    {
                        "x": 1562.421852911866,
                        "y": 925.6070592049931
                    },
                    {
                        "x": 1570.0537714066227,
                        "y": 929.7165537790929
                    },
                    {
                        "x": 1576.511548594494,
                        "y": 930.3036244325358
                    },
                    {
                        "x": 1580.033972515151,
                        "y": 934.4131190066356
                    },
                    {
                        "x": 1580.033972515151,
                        "y": 937.9355429272925
                    },
                    {
                        "x": 1569.4667007531798,
                        "y": 936.7614016204069
                    },
                    {
                        "x": 1558.8994289912089,
                        "y": 933.23897769975
                    },
                    {
                        "x": 1554.2028637636663,
                        "y": 929.7165537790929
                    },
                    {
                        "x": 1547.745086575795,
                        "y": 917.9751407102362
                    },
                    {
                        "x": 1544.222662655138,
                        "y": 911.5173635223651
                    },
                    {
                        "x": 1533.0683202397242,
                        "y": 905.059586334494
                    },
                    {
                        "x": 1524.8493310915246,
                        "y": 901.537162413837
                    },
                    {
                        "x": 1516.630341943325,
                        "y": 893.9052439190801
                    },
                    {
                        "x": 1505.4759995279112,
                        "y": 885.0991841174377
                    },
                    {
                        "x": 1494.9087277659403,
                        "y": 879.2284775830094
                    },
                    {
                        "x": 1490.2121625383975,
                        "y": 881.5767601967807
                    },
                    {
                        "x": 1480.2319614298694,
                        "y": 888.6216080380947
                    },
                    {
                        "x": 1473.1871135885553,
                        "y": 897.4276678397372
                    },
                    {
                        "x": 1462.6198418265844,
                        "y": 906.8207982948225
                    },
                    {
                        "x": 1452.6396407180564,
                        "y": 917.3880700567935
                    },
                    {
                        "x": 1435.0275211147714,
                        "y": 923.2587765912218
                    },
                    {
                        "x": 1420.3507547787005,
                        "y": 927.9553418187644
                    },
                    {
                        "x": 1413.3059069373867,
                        "y": 933.23897769975
                    },
                    {
                        "x": 1400.3903525616442,
                        "y": 945.5674614220494
                    },
                    {
                        "x": 1389.2360101462305,
                        "y": 950.8510973030349
                    },
                    {
                        "x": 1375.7333851170454,
                        "y": 967.876146252877
                    },
                    {
                        "x": 1366.34025466196,
                        "y": 977.8563473614051
                    },
                    {
                        "x": 1355.772982899989,
                        "y": 993.7072550043616
                    },
                    {
                        "x": 1342.270357870804,
                        "y": 1011.3193746076466
                    },
                    {
                        "x": 1333.4642980691615,
                        "y": 1021.2995757161747
                    },
                    {
                        "x": 1325.2453089209619,
                        "y": 1034.215130091917
                    },
                    {
                        "x": 1317.0263197727622,
                        "y": 1045.9565431607737
                    },
                    {
                        "x": 1312.9168251986623,
                        "y": 1060.0462388434016
                    },
                    {
                        "x": 1307.046118664234,
                        "y": 1068.8522986450441
                    },
                    {
                        "x": 1300.5883414763628,
                        "y": 1073.5488638725867
                    },
                    {
                        "x": 1308.8073306245624,
                        "y": 1082.941994327672
                    },
                    {
                        "x": 1318.7875317330906,
                        "y": 1092.3351247827575
                    },
                    {
                        "x": 1326.4194502278474,
                        "y": 1098.7929019706285
                    },
                    {
                        "x": 1328.7677328416187,
                        "y": 1105.8377498119426
                    },
                    {
                        "x": 1328.180662188176,
                        "y": 1114.0567389601422
                    },
                    {
                        "x": 1326.4194502278474,
                        "y": 1125.7981520289989
                    },
                    {
                        "x": 1326.4194502278474,
                        "y": 1135.1912824840842
                    },
                    {
                        "x": 1328.7677328416187,
                        "y": 1146.345624899498
                    },
                    {
                        "x": 1326.4194502278474,
                        "y": 1148.6939075132693
                    },
                    {
                        "x": 1319.3746023865335,
                        "y": 1141.6490596719552
                    },
                    {
                        "x": 1319.3746023865335,
                        "y": 1132.25592921687
                    },
                    {
                        "x": 1320.548743693419,
                        "y": 1125.211081375556
                    },
                    {
                        "x": 1317.613390426205,
                        "y": 1116.9920922273564
                    },
                    {
                        "x": 1315.2651078124336,
                        "y": 1102.9023965447284
                    },
                    {
                        "x": 1304.6978360504627,
                        "y": 1091.1609834758717
                    },
                    {
                        "x": 1291.7822816747203,
                        "y": 1087.051488901772
                    },
                    {
                        "x": 1291.1952110212776,
                        "y": 1092.3351247827575
                    },
                    {
                        "x": 1291.7822816747203,
                        "y": 1101.7282552378426
                    },
                    {
                        "x": 1281.8020805661922,
                        "y": 1102.9023965447284
                    },
                    {
                        "x": 1263.0158196560217,
                        "y": 1088.2256302086575
                    },
                    {
                        "x": 1249.5131946268364,
                        "y": 1075.3100758329153
                    },
                    {
                        "x": 1246.5778413596222,
                        "y": 1073.5488638725867
                    },
                    {
                        "x": 1248.3390533199508,
                        "y": 1091.1609834758717
                    },
                    {
                        "x": 1248.9261239733937,
                        "y": 1105.8377498119426
                    },
                    {
                        "x": 1245.4037000527367,
                        "y": 1115.230880267028
                    },
                    {
                        "x": 1240.7071348251939,
                        "y": 1114.643809613585
                    },
                    {
                        "x": 1236.5976402510942,
                        "y": 1107.011891118828
                    },
                    {
                        "x": 1233.0752163304371,
                        "y": 1088.2256302086575
                    },
                    {
                        "x": 1231.9010750235516,
                        "y": 1072.3747225657012
                    },
                    {
                        "x": 1229.55279240978,
                        "y": 1067.0910866847157
                    },
                    {
                        "x": 1221.9208739150233,
                        "y": 1070.02643995193
                    },
                    {
                        "x": 1213.7018847668237,
                        "y": 1077.0712877932438
                    },
                    {
                        "x": 1201.960471697967,
                        "y": 1070.02643995193
                    },
                    {
                        "x": 1194.9156238566532,
                        "y": 1063.5686627640587
                    },
                    {
                        "x": 1175.5422922930395,
                        "y": 1062.9815921106158
                    },
                    {
                        "x": 1157.9301726897547,
                        "y": 1064.1557334175016
                    },
                    {
                        "x": 1106.2679551867855,
                        "y": 1076.4842171398009
                    },
                    {
                        "x": 1078.6756344749724,
                        "y": 1080.006641060458
                    },
                    {
                        "x": 1063.4117974854587,
                        "y": 1081.1807823673437
                    },
                    {
                        "x": 1046.9738191890594,
                        "y": 1080.5937117139008
                    },
                    {
                        "x": 1029.3616995857744,
                        "y": 1087.6385595552147
                    },
                    {
                        "x": 1014.6849332497036,
                        "y": 1094.6834073965288
                    },
                    {
                        "x": 1005.8788734480612,
                        "y": 1099.3799726240713
                    },
                    {
                        "x": 1002.3564495274042,
                        "y": 1108.1860324257138
                    },
                    {
                        "x": 995.3116016860902,
                        "y": 1117.5791628807992
                    },
                    {
                        "x": 994.1374603792045,
                        "y": 1111.708456346371
                    },
                    {
                        "x": 1002.3564495274042,
                        "y": 1097.0316900103
                    },
                    {
                        "x": 1005.2918027946183,
                        "y": 1091.1609834758717
                    },
                    {
                        "x": 1011.7495799824895,
                        "y": 1086.4644182483291
                    },
                    {
                        "x": 1021.1427104375748,
                        "y": 1081.1807823673437
                    },
                    {
                        "x": 1029.9487702392173,
                        "y": 1077.6583584466866
                    },
                    {
                        "x": 1043.4513952684024,
                        "y": 1073.5488638725867
                    },
                    {
                        "x": 1050.4962431097165,
                        "y": 1072.3747225657012
                    },
                    {
                        "x": 1055.779878990702,
                        "y": 1072.9617932191438
                    },
                    {
                        "x": 1066.3471507526729,
                        "y": 1072.9617932191438
                    },
                    {
                        "x": 1073.391998593987,
                        "y": 1074.1359345260296
                    },
                    {
                        "x": 1081.0239170887437,
                        "y": 1072.3747225657012
                    },
                    {
                        "x": 1088.6558355835004,
                        "y": 1068.8522986450441
                    },
                    {
                        "x": 1095.7006834248145,
                        "y": 1061.2203801502874
                    },
                    {
                        "x": 1104.506743226457,
                        "y": 1051.2401790417591
                    },
                    {
                        "x": 1109.7903791074425,
                        "y": 1044.1953312004453
                    },
                    {
                        "x": 1116.2481562953135,
                        "y": 1037.737554012574
                    },
                    {
                        "x": 1122.1188628297418,
                        "y": 1031.8668474781457
                    },
                    {
                        "x": 1121.5317921762992,
                        "y": 1020.125434409289
                    },
                    {
                        "x": 1117.4222976021993,
                        "y": 1007.7969506869896
                    },
                    {
                        "x": 1117.4222976021993,
                        "y": 999.57796153879
                    },
                    {
                        "x": 1115.6610856418708,
                        "y": 987.2494778164905
                    },
                    {
                        "x": 1109.2033084539996,
                        "y": 983.1399832423906
                    },
                    {
                        "x": 1103.3326019195713,
                        "y": 983.7270538958335
                    },
                    {
                        "x": 1095.7006834248145,
                        "y": 997.8167495784614
                    },
                    {
                        "x": 1081.6109877421866,
                        "y": 1007.2098800335467
                    },
                    {
                        "x": 1063.9988681389016,
                        "y": 1007.7969506869896
                    },
                    {
                        "x": 1046.9738191890594,
                        "y": 1003.1003854594469
                    },
                    {
                        "x": 1040.5160420011882,
                        "y": 1011.3193746076466
                    },
                    {
                        "x": 1038.7548300408598,
                        "y": 1023.0607876765032
                    },
                    {
                        "x": 1028.1875582788887,
                        "y": 1035.3892713988027
                    },
                    {
                        "x": 1008.8142267152754,
                        "y": 1051.827249695202
                    },
                    {
                        "x": 998.2469549533043,
                        "y": 1058.2850268830732
                    },
                    {
                        "x": 987.6796831913334,
                        "y": 1059.4591681899587
                    },
                    {
                        "x": 982.3960473103479,
                        "y": 1065.91694537783
                    },
                    {
                        "x": 971.8287755483769,
                        "y": 1067.0910866847157
                    },
                    {
                        "x": 960.6744331329631,
                        "y": 1058.8720975365159
                    },
                    {
                        "x": 951.8683733313206,
                        "y": 1053.5884616555304
                    },
                    {
                        "x": 949.5200907175494,
                        "y": 1044.1953312004453
                    },
                    {
                        "x": 944.8235254900067,
                        "y": 1032.4539181315886
                    },
                    {
                        "x": 937.1916069952498,
                        "y": 1024.8219996368316
                    },
                    {
                        "x": 933.08211242115,
                        "y": 1014.2547278748607
                    },
                    {
                        "x": 929.559688500493,
                        "y": 1014.8417985283036
                    },
                    {
                        "x": 921.3406993522933,
                        "y": 1024.234928983389
                    },
                    {
                        "x": 911.947568897208,
                        "y": 1028.3444235574887
                    },
                    {
                        "x": 907.8380743231082,
                        "y": 1027.7573529040458
                    },
                    {
                        "x": 906.0768623627797,
                        "y": 1023.0607876765032
                    },
                    {
                        "x": 911.947568897208,
                        "y": 1017.1900811420749
                    },
                    {
                        "x": 917.2312047781935,
                        "y": 1011.9064452610894
                    },
                    {
                        "x": 923.1019113126218,
                        "y": 1000.7521028456756
                    },
                    {
                        "x": 926.6243352332789,
                        "y": 992.533113697476
                    },
                    {
                        "x": 916.0570634713079,
                        "y": 997.2296789250186
                    },
                    {
                        "x": 897.2708025611372,
                        "y": 1007.2098800335467
                    },
                    {
                        "x": 884.355248185395,
                        "y": 1013.080586567975
                    },
                    {
                        "x": 883.7681775319521,
                        "y": 1007.2098800335467
                    },
                    {
                        "x": 894.9225199473659,
                        "y": 996.0555376181329
                    },
                    {
                        "x": 906.7578643207735,
                        "y": 987.4608232517297
                    },
                    {
                        "x": 917.9122067361873,
                        "y": 981.0030460638585
                    },
                    {
                        "x": 921.4346306568442,
                        "y": 972.1969862622161
                    },
                    {
                        "x": 922.60877196373,
                        "y": 958.1072905795882
                    },
                    {
                        "x": 923.1958426171727,
                        "y": 947.5400188176171
                    },
                    {
                        "x": 907.9320056276591,
                        "y": 933.4503231349892
                    },
                    {
                        "x": 899.7130164794595,
                        "y": 925.8184046402323
                    },
                    {
                        "x": 882.6879675296174,
                        "y": 929.9278992143321
                    },
                    {
                        "x": 872.1206957676463,
                        "y": 930.514969867775
                    },
                    {
                        "x": 862.1404946591182,
                        "y": 930.514969867775
                    },
                    {
                        "x": 845.1154457092761,
                        "y": 934.037393788432
                    },
                    {
                        "x": 833.3740326404195,
                        "y": 934.037393788432
                    },
                    {
                        "x": 806.3687825820492,
                        "y": 936.9727470556461
                    },
                    {
                        "x": 798.7368640872924,
                        "y": 935.7986057487605
                    },
                    {
                        "x": 788.7566629787642,
                        "y": 936.3856764022033
                    },
                    {
                        "x": 774.6669672961362,
                        "y": 937.559817709089
                    },
                    {
                        "x": 768.2091901082651,
                        "y": 938.1468883625319
                    },
                    {
                        "x": 768.7962607617079,
                        "y": 935.7986057487605
                    },
                    {
                        "x": 777.6023205633504,
                        "y": 932.8632524815463
                    },
                    {
                        "x": 784.6471684046644,
                        "y": 932.2761818281035
                    },
                    {
                        "x": 794.0402988597497,
                        "y": 931.6891111746606
                    },
                    {
                        "x": 804.0204999682778,
                        "y": 931.1020405212179
                    },
                    {
                        "x": 813.4136304233632,
                        "y": 930.514969867775
                    },
                    {
                        "x": 822.2196902250057,
                        "y": 929.3408285608893
                    },
                    {
                        "x": 832.1998913335337,
                        "y": 927.5796166005608
                    },
                    {
                        "x": 843.9413044023904,
                        "y": 926.992545947118
                    },
                    {
                        "x": 853.9215055109186,
                        "y": 926.4054752936752
                    },
                    {
                        "x": 867.4241305401038,
                        "y": 924.6442633333467
                    },
                    {
                        "x": 880.3396849158461,
                        "y": 922.8830513730181
                    },
                    {
                        "x": 891.4940273312599,
                        "y": 919.947698105804
                    },
                    {
                        "x": 894.429380598474,
                        "y": 917.0123448385899
                    },
                    {
                        "x": 883.862108836503,
                        "y": 905.2709317697332
                    },
                    {
                        "x": 870.3594838073179,
                        "y": 892.9424480474338
                    },
                    {
                        "x": 858.6180707384613,
                        "y": 882.9622469389057
                    },
                    {
                        "x": 853.9215055109186,
                        "y": 874.7432577907059
                    },
                    {
                        "x": 846.8766576696046,
                        "y": 865.9371979890635
                    },
                    {
                        "x": 855.6827174712471,
                        "y": 864.7630566821778
                    },
                    {
                        "x": 864.4887772728896,
                        "y": 863.5889153752921
                    },
                    {
                        "x": 872.1206957676463,
                        "y": 867.6984099493919
                    },
                    {
                        "x": 883.862108836503,
                        "y": 874.1561871372631
                    },
                    {
                        "x": 891.4940273312599,
                        "y": 868.8725512562777
                    },
                    {
                        "x": 897.951804519131,
                        "y": 868.2854806028348
                    },
                    {
                        "x": 910.8673588948733,
                        "y": 870.6337632166061
                    },
                    {
                        "x": 930.2406904584867,
                        "y": 867.1113392959492
                    },
                    {
                        "x": 941.9821035273434,
                        "y": 864.7630566821778
                    },
                    {
                        "x": 947.8528100617717,
                        "y": 860.0664914546352
                    },
                    {
                        "x": 953.1364459427572,
                        "y": 845.9767957720072
                    },
                    {
                        "x": 963.1166470512853,
                        "y": 841.8673011979074
                    },
                    {
                        "x": 967.2261416253851,
                        "y": 845.3897251185643
                    },
                    {
                        "x": 970.1614948925993,
                        "y": 852.4345729598783
                    },
                    {
                        "x": 975.4451307735848,
                        "y": 848.9121490392214
                    },
                    {
                        "x": 974.858060120142,
                        "y": 836.5836653169218
                    },
                    {
                        "x": 974.2709894666991,
                        "y": 826.6034642083937
                    },
                    {
                        "x": 967.813212278828,
                        "y": 822.4939696342939
                    },
                    {
                        "x": 960.768364437514,
                        "y": 818.3844750601941
                    },
                    {
                        "x": 949.0269513686574,
                        "y": 815.4491217929799
                    },
                    {
                        "x": 949.6140220221002,
                        "y": 832.474170742822
                    },
                    {
                        "x": 940.8079622204577,
                        "y": 836.5836653169218
                    },
                    {
                        "x": 929.653619805044,
                        "y": 835.9965946634791
                    },
                    {
                        "x": 926.1311958843869,
                        "y": 820.7327576739655
                    },
                    {
                        "x": 929.0665491516011,
                        "y": 813.1008391792086
                    },
                    {
                        "x": 935.5243263394723,
                        "y": 808.4042739516659
                    },
                    {
                        "x": 945.5045274480003,
                        "y": 807.2301326447803
                    },
                    {
                        "x": 952.5493752893144,
                        "y": 810.1654859119944
                    },
                    {
                        "x": 961.3554350909568,
                        "y": 812.5137685257657
                    },
                    {
                        "x": 970.1614948925993,
                        "y": 815.4491217929799
                    },
                    {
                        "x": 981.3158373080131,
                        "y": 810.7525565654373
                    },
                    {
                        "x": 983.0770492683416,
                        "y": 804.881850031009
                    },
                    {
                        "x": 978.9675546942418,
                        "y": 796.6628608828094
                    },
                    {
                        "x": 975.4451307735848,
                        "y": 788.4438717346096
                    },
                    {
                        "x": 967.813212278828,
                        "y": 787.8568010811669
                    },
                    {
                        "x": 956.0717992099713,
                        "y": 786.6826597742812
                    },
                    {
                        "x": 960.1812937840712,
                        "y": 780.8119532398529
                    },
                    {
                        "x": 970.1614948925993,
                        "y": 771.4188227847675
                    },
                    {
                        "x": 961.3554350909568,
                        "y": 764.3739749434535
                    },
                    {
                        "x": 955.4847285565285,
                        "y": 756.7420564486968
                    },
                    {
                        "x": 960.768364437514,
                        "y": 749.1101379539399
                    },
                    {
                        "x": 970.7485655460422,
                        "y": 746.7618553401686
                    },
                    {
                        "x": 980.7287666545703,
                        "y": 749.1101379539399
                    },
                    {
                        "x": 986.5994731889986,
                        "y": 740.8911488057403
                    },
                    {
                        "x": 989.5348264562127,
                        "y": 728.5626650834408
                    },
                    {
                        "x": 993.6443210303125,
                        "y": 718.5824639749127
                    },
                    {
                        "x": 993.6443210303125,
                        "y": 715.6471107076985
                    },
                    {
                        "x": 987.1865438424414,
                        "y": 710.9505454801558
                    },
                    {
                        "x": 979.187706189283,
                        "y": 707.966269658488
                    },
                    {
                        "x": 974.295450743926,
                        "y": 708.7816455660475
                    },
                    {
                        "x": 967.7724434834502,
                        "y": 711.6354612425057
                    },
                    {
                        "x": 968.9955073447894,
                        "y": 703.4817021669108
                    },
                    {
                        "x": 974.7031386977059,
                        "y": 699.8125105828931
                    },
                    {
                        "x": 981.2261459581817,
                        "y": 700.2201985366729
                    },
                    {
                        "x": 988.1568411724373,
                        "y": 702.6663262593513
                    },
                    {
                        "x": 993.4567845715741,
                        "y": 704.7047660282501
                    },
                    {
                        "x": 996.3106002480323,
                        "y": 705.1124539820298
                    },
                    {
                        "x": 986.1184014035387,
                        "y": 690.0279996921793
                    },
                    {
                        "x": 978.3723302817235,
                        "y": 686.3588081081616
                    },
                    {
                        "x": 973.0723868825868,
                        "y": 681.0588647090249
                    },
                    {
                        "x": 975.926202559045,
                        "y": 679.0204249401262
                    },
                    {
                        "x": 981.2261459581817,
                        "y": 680.6511767552452
                    },
                    {
                        "x": 987.7491532186576,
                        "y": 685.9511201543818
                    },
                    {
                        "x": 994.6798484329133,
                        "y": 689.6203117383996
                    },
                    {
                        "x": 999.5721038782702,
                        "y": 695.7356310450957
                    },
                    {
                        "x": 1002.4259195547285,
                        "y": 702.2586383055716
                    },
                    {
                        "x": 1002.4259195547285,
                        "y": 707.1508937509285
                    },
                    {
                        "x": 1007.3181750000854,
                        "y": 709.597021473607
                    },
                    {
                        "x": 1011.8027424916626,
                        "y": 707.966269658488
                    }
                ],
                "resin": 3,
                "browning": true
            }
        ],
        "object_id": "B_a07_A_2_2_22-09-20-10-05-1031"
    },
    "Metadata": {
        "Images": {
            "object_id": "B_a07_A_2_2_22-09-20-10-05-1031",
            "path": "1.Traning_원천데이터_마디_미수정암꽃",
            "width": 2000,
            "height": 1500
        },
        "environment": {
            "area_id": "B",
            "hemp_id": "B_a07_A_2",
            "area_temp": 26.8,
            "area_hum": 80,
            "area_co2": 326,
            "area_Illum": 564,
            "water_temp": 22.7,
            "water_ec": 3.2,
            "water_ph": 5
        },
        "Growth Info": {
            "period": 90,
            "length": 95,
            "node_number": 20,
            "node_length": 4.7,
            "root_round": 19.6
        }
    }
}