{
    "annotations": {
        "label": {
            "category": 1
        },
        "polygon": [
            {
                "type": "POLYGON",
                "vertices": [
                    {
                        "x": 1305.3100594792386,
                        "y": 506.8723921467828
                    },
                    {
                        "x": 1311.7564998170099,
                        "y": 500.42161352304043
                    },
                    {
                        "x": 1311.7564998170099,
                        "y": 496.8378385069502
                    },
                    {
                        "x": 1313.90533147862,
                        "y": 491.1038039496126
                    },
                    {
                        "x": 1320.3517171693318,
                        "y": 486.0865134586796
                    },
                    {
                        "x": 1323.9330668406426,
                        "y": 479.6357074929038
                    },
                    {
                        "x": 1329.6632481735633,
                        "y": 470.317897919476
                    },
                    {
                        "x": 1332.5283388400237,
                        "y": 463.8670919537003
                    },
                    {
                        "x": 1325.3656394974023,
                        "y": 462.43360382089094
                    },
                    {
                        "x": 1318.202940154781,
                        "y": 463.8670919537003
                    },
                    {
                        "x": 1314.6215904834703,
                        "y": 471.0346419858806
                    },
                    {
                        "x": 1308.8914091505494,
                        "y": 475.33518841040905
                    },
                    {
                        "x": 1304.5938004743884,
                        "y": 476.0519324768136
                    },
                    {
                        "x": 1298.8636191414676,
                        "y": 474.61841700197084
                    },
                    {
                        "x": 1296.7148421269167,
                        "y": 467.4508669697905
                    },
                    {
                        "x": 1298.8636191414676,
                        "y": 458.84982880480084
                    },
                    {
                        "x": 1303.1612824646877,
                        "y": 452.399022839025
                    },
                    {
                        "x": 1308.175150145699,
                        "y": 444.5147424114567
                    },
                    {
                        "x": 1312.47275882186,
                        "y": 436.63040729982146
                    },
                    {
                        "x": 1315.3378494883204,
                        "y": 429.462857267641
                    },
                    {
                        "x": 1317.4866811499305,
                        "y": 424.4455804477248
                    },
                    {
                        "x": 1318.202940154781,
                        "y": 417.99477448194904
                    },
                    {
                        "x": 1318.202940154781,
                        "y": 412.2607672666449
                    },
                    {
                        "x": 1317.4866811499305,
                        "y": 407.96020717109985
                    },
                    {
                        "x": 1318.9191991596313,
                        "y": 404.37643215500964
                    },
                    {
                        "x": 1321.7842898260917,
                        "y": 399.35915533509336
                    },
                    {
                        "x": 1326.798157507103,
                        "y": 402.2261726137622
                    },
                    {
                        "x": 1328.9469891687131,
                        "y": 406.5267053672738
                    },
                    {
                        "x": 1331.095766183264,
                        "y": 414.4109994658588
                    },
                    {
                        "x": 1329.6632481735633,
                        "y": 423.72882271030335
                    },
                    {
                        "x": 1328.9469891687131,
                        "y": 428.7460995302196
                    },
                    {
                        "x": 1328.2307301638627,
                        "y": 435.1969054959954
                    },
                    {
                        "x": 1325.3656394974023,
                        "y": 441.6476977907544
                    },
                    {
                        "x": 1326.798157507103,
                        "y": 445.94823054426604
                    },
                    {
                        "x": 1336.1096885113345,
                        "y": 445.23147280684464
                    },
                    {
                        "x": 1342.5561288491056,
                        "y": 442.3644555281758
                    },
                    {
                        "x": 1346.8537375252668,
                        "y": 444.5147424114567
                    },
                    {
                        "x": 1351.867605206278,
                        "y": 446.66497461067064
                    },
                    {
                        "x": 1349.0025145398176,
                        "y": 458.13305739636263
                    },
                    {
                        "x": 1346.8537375252668,
                        "y": 466.01737883698115
                    },
                    {
                        "x": 1342.5561288491056,
                        "y": 471.75141339431883
                    },
                    {
                        "x": 1339.6910381826451,
                        "y": 476.7687038852518
                    },
                    {
                        "x": 1333.244597844874,
                        "y": 490.38703254117445
                    },
                    {
                        "x": 1330.3795071784136,
                        "y": 497.5545825733549
                    },
                    {
                        "x": 1323.9330668406426,
                        "y": 509.73942309646833
                    },
                    {
                        "x": 1319.6354581644814,
                        "y": 518.3404886034915
                    },
                    {
                        "x": 1313.90533147862,
                        "y": 527.6582981769193
                    },
                    {
                        "x": 1310.323981807309,
                        "y": 534.1091041426951
                    },
                    {
                        "x": 1307.4588911408487,
                        "y": 542.7101423076847
                    },
                    {
                        "x": 1306.026318484089,
                        "y": 552.027979223146
                    },
                    {
                        "x": 1303.1612824646877,
                        "y": 560.6290173881358
                    },
                    {
                        "x": 1300.2961917982273,
                        "y": 569.9468543035971
                    },
                    {
                        "x": 1298.1473601366172,
                        "y": 580.6981793518677
                    },
                    {
                        "x": 1295.2822694701567,
                        "y": 587.8657293840481
                    },
                    {
                        "x": 1291.7009197988461,
                        "y": 600.7673139735662
                    },
                    {
                        "x": 1291.7009197988461,
                        "y": 606.5013485309037
                    },
                    {
                        "x": 1293.8497514604562,
                        "y": 614.2643890615313
                    },
                    {
                        "x": 1288.8358837794449,
                        "y": 624.2989563723805
                    },
                    {
                        "x": 1284.5382204562247,
                        "y": 629.3162331922967
                    },
                    {
                        "x": 1281.6731844368235,
                        "y": 635.7670254870558
                    },
                    {
                        "x": 1278.0918347655127,
                        "y": 645.0848624025172
                    },
                    {
                        "x": 1277.375521113603,
                        "y": 650.1021255514165
                    },
                    {
                        "x": 1280.956870784914,
                        "y": 655.1194160423495
                    },
                    {
                        "x": 1286.6870521178348,
                        "y": 659.419962466878
                    },
                    {
                        "x": 1288.8358837794449,
                        "y": 653.6859005675068
                    },
                    {
                        "x": 1289.5521427842953,
                        "y": 647.9518660101692
                    },
                    {
                        "x": 1290.9846607939958,
                        "y": 642.9345755192362
                    },
                    {
                        "x": 1297.4311011317668,
                        "y": 637.9173123703367
                    },
                    {
                        "x": 1304.5938004743884,
                        "y": 642.9345755192362
                    },
                    {
                        "x": 1311.0402408121595,
                        "y": 642.2178314528315
                    },
                    {
                        "x": 1321.7842898260917,
                        "y": 637.9173123703367
                    },
                    {
                        "x": 1329.6632481735633,
                        "y": 634.3335373542466
                    },
                    {
                        "x": 1339.6910381826451,
                        "y": 625.0157141098019
                    },
                    {
                        "x": 1349.718828191727,
                        "y": 622.8654408975378
                    },
                    {
                        "x": 1357.5977865391988,
                        "y": 622.1486831601164
                    },
                    {
                        "x": 1364.7604858818202,
                        "y": 619.2816658814476
                    },
                    {
                        "x": 1373.3557032341423,
                        "y": 619.9984509609025
                    },
                    {
                        "x": 1382.6672342383738,
                        "y": 617.1314063402001
                    },
                    {
                        "x": 1390.5461925858456,
                        "y": 610.6806140454411
                    },
                    {
                        "x": 1397.708891928467,
                        "y": 605.6633508965417
                    },
                    {
                        "x": 1402.006500604628,
                        "y": 601.3627908009965
                    },
                    {
                        "x": 1405.5878502759388,
                        "y": 593.4784830313947
                    },
                    {
                        "x": 1408.4529409423992,
                        "y": 586.3109466702311
                    },
                    {
                        "x": 1411.3180316088597,
                        "y": 579.1433966380507
                    },
                    {
                        "x": 1410.6017726040093,
                        "y": 574.842863884539
                    },
                    {
                        "x": 1409.1691999472496,
                        "y": 569.8256007356397
                    },
                    {
                        "x": 1404.8715912710884,
                        "y": 565.5250406400945
                    },
                    {
                        "x": 1397.708891928467,
                        "y": 563.3747810988472
                    },
                    {
                        "x": 1391.262451590696,
                        "y": 560.5077638201783
                    },
                    {
                        "x": 1389.113674576145,
                        "y": 555.4904733292453
                    },
                    {
                        "x": 1383.3834932432242,
                        "y": 551.1899405757338
                    },
                    {
                        "x": 1375.5045348957524,
                        "y": 546.8894078222221
                    },
                    {
                        "x": 1367.6255765482806,
                        "y": 546.1726637558174
                    },
                    {
                        "x": 1361.1791362105096,
                        "y": 544.0223905435533
                    },
                    {
                        "x": 1354.0164368678882,
                        "y": 544.0223905435533
                    },
                    {
                        "x": 1348.2862555349673,
                        "y": 547.6061655596435
                    },
                    {
                        "x": 1342.5561288491056,
                        "y": 549.0396810344863
                    },
                    {
                        "x": 1338.974779177795,
                        "y": 546.8894078222221
                    },
                    {
                        "x": 1340.4072971874955,
                        "y": 539.7218577900417
                    },
                    {
                        "x": 1342.5561288491056,
                        "y": 533.987823232704
                    },
                    {
                        "x": 1345.421219515566,
                        "y": 526.1035291341191
                    },
                    {
                        "x": 1360.4628225586,
                        "y": 525.3867577256808
                    },
                    {
                        "x": 1367.6255765482806,
                        "y": 531.1208059540353
                    },
                    {
                        "x": 1381.2347162286733,
                        "y": 533.2710654952826
                    },
                    {
                        "x": 1393.4113378993652,
                        "y": 539.005113723637
                    },
                    {
                        "x": 1403.4390186143287,
                        "y": 544.7391619519914
                    },
                    {
                        "x": 1408.4529409423992,
                        "y": 549.756425100891
                    },
                    {
                        "x": 1414.8993812801702,
                        "y": 554.0569578544025
                    },
                    {
                        "x": 1422.0620806227917,
                        "y": 561.224507886583
                    },
                    {
                        "x": 1424.927171289252,
                        "y": 566.9585424439206
                    },
                    {
                        "x": 1427.0759483038032,
                        "y": 573.4093620807132
                    },
                    {
                        "x": 1427.0759483038032,
                        "y": 582.0104139167196
                    },
                    {
                        "x": 1426.3596346518937,
                        "y": 587.7444758160906
                    },
                    {
                        "x": 1422.0620806227917,
                        "y": 592.7617389649902
                    },
                    {
                        "x": 1419.9132489611816,
                        "y": 598.4958008643613
                    },
                    {
                        "x": 1411.3180316088597,
                        "y": 608.530340833177
                    },
                    {
                        "x": 1407.7366819375488,
                        "y": 612.1141158492671
                    },
                    {
                        "x": 1400.5739825949274,
                        "y": 619.2816658814476
                    },
                    {
                        "x": 1394.1275422571564,
                        "y": 623.5822259769926
                    },
                    {
                        "x": 1392.6950242474556,
                        "y": 625.0157141098019
                    },
                    {
                        "x": 1396.9926329236166,
                        "y": 631.466506404561
                    },
                    {
                        "x": 1399.857723590077,
                        "y": 635.7670254870558
                    },
                    {
                        "x": 1403.4390732613879,
                        "y": 638.6340564367414
                    },
                    {
                        "x": 1402.006500604628,
                        "y": 645.8016064689218
                    },
                    {
                        "x": 1399.857723590077,
                        "y": 652.2524124346976
                    },
                    {
                        "x": 1389.113674576145,
                        "y": 653.6859005675068
                    },
                    {
                        "x": 1382.6672342383738,
                        "y": 652.2524124346976
                    },
                    {
                        "x": 1379.8021435719133,
                        "y": 658.7031910584398
                    },
                    {
                        "x": 1379.8021435719133,
                        "y": 663.7204815493727
                    },
                    {
                        "x": 1379.8021435719133,
                        "y": 668.7377720403057
                    },
                    {
                        "x": 1379.8021435719133,
                        "y": 675.9053220724861
                    },
                    {
                        "x": 1379.0858845670632,
                        "y": 683.0728721046665
                    },
                    {
                        "x": 1379.0858845670632,
                        "y": 689.5236507284088
                    },
                    {
                        "x": 1377.6533119103033,
                        "y": 694.5409412193418
                    },
                    {
                        "x": 1381.234661581614,
                        "y": 700.2749757766794
                    },
                    {
                        "x": 1386.9648429145348,
                        "y": 706.0090376760505
                    },
                    {
                        "x": 1392.6950242474556,
                        "y": 711.7430722333883
                    },
                    {
                        "x": 1401.2902415997778,
                        "y": 719.6273663319732
                    },
                    {
                        "x": 1406.3041092807891,
                        "y": 726.078172297749
                    },
                    {
                        "x": 1417.7644719466307,
                        "y": 739.6965009536717
                    },
                    {
                        "x": 1424.2108576373428,
                        "y": 745.4305628530428
                    },
                    {
                        "x": 1439.2525699744951,
                        "y": 751.820707857298
                    },
                    {
                        "x": 1446.4152693171166,
                        "y": 750.3871923824552
                    },
                    {
                        "x": 1454.294227664588,
                        "y": 751.1039637908933
                    },
                    {
                        "x": 1461.4569270072097,
                        "y": 756.1212542818263
                    },
                    {
                        "x": 1469.3358853546813,
                        "y": 758.2715138230737
                    },
                    {
                        "x": 1476.498584697303,
                        "y": 764.0055483804114
                    },
                    {
                        "x": 1481.5124523783143,
                        "y": 766.8725793300969
                    },
                    {
                        "x": 1488.6751517209357,
                        "y": 767.5893233965015
                    },
                    {
                        "x": 1500.1355143867772,
                        "y": 776.1903889035248
                    },
                    {
                        "x": 1510.1632497488,
                        "y": 779.0573925111768
                    },
                    {
                        "x": 1521.6235577675823,
                        "y": 786.2249698853908
                    },
                    {
                        "x": 1521.6236124146415,
                        "y": 784.0746830021097
                    },
                    {
                        "x": 1530.935088771814,
                        "y": 789.0919734930427
                    },
                    {
                        "x": 1543.111710442506,
                        "y": 796.2595235252231
                    },
                    {
                        "x": 1553.8557594564381,
                        "y": 797.6930390000659
                    },
                    {
                        "x": 1565.3160674752205,
                        "y": 799.1265544749087
                    },
                    {
                        "x": 1576.7763754940029,
                        "y": 793.3924925755376
                    },
                    {
                        "x": 1583.2228158317741,
                        "y": 789.0919734930427
                    },
                    {
                        "x": 1588.9529425176356,
                        "y": 784.0746830021097
                    },
                    {
                        "x": 1593.9668648457061,
                        "y": 782.641167527267
                    },
                    {
                        "x": 1596.1156418602573,
                        "y": 785.5081984769527
                    },
                    {
                        "x": 1591.818033184096,
                        "y": 790.5254889678855
                    },
                    {
                        "x": 1584.6553338414747,
                        "y": 795.5427794588185
                    },
                    {
                        "x": 1577.4926344988532,
                        "y": 801.9935580825609
                    },
                    {
                        "x": 1571.0461941610822,
                        "y": 805.5773330986509
                    },
                    {
                        "x": 1563.1672358136104,
                        "y": 809.1611081147412
                    },
                    {
                        "x": 1556.004536470989,
                        "y": 807.0108485734937
                    },
                    {
                        "x": 1548.1255781235172,
                        "y": 806.2941045070892
                    },
                    {
                        "x": 1539.530360771195,
                        "y": 803.4270735574036
                    },
                    {
                        "x": 1532.3676614285737,
                        "y": 799.1265544749087
                    },
                    {
                        "x": 1522.3398714194918,
                        "y": 794.8260080503804
                    },
                    {
                        "x": 1514.46091307202,
                        "y": 790.5254889678855
                    },
                    {
                        "x": 1504.4331230629382,
                        "y": 786.9417139517955
                    },
                    {
                        "x": 1496.5541647154666,
                        "y": 782.641167527267
                    },
                    {
                        "x": 1487.242633711235,
                        "y": 779.0573925111768
                    },
                    {
                        "x": 1480.0799343686135,
                        "y": 776.9071329699294
                    },
                    {
                        "x": 1473.6334940308425,
                        "y": 775.4736174950866
                    },
                    {
                        "x": 1467.1870536930712,
                        "y": 770.4563543461871
                    },
                    {
                        "x": 1458.5918363407493,
                        "y": 764.0055483804114
                    },
                    {
                        "x": 1449.2803053365176,
                        "y": 761.8552888391639
                    },
                    {
                        "x": 1442.8339196458057,
                        "y": 761.8552888391639
                    },
                    {
                        "x": 1434.9549066512748,
                        "y": 759.7050292979164
                    },
                    {
                        "x": 1426.3596892989528,
                        "y": 757.5547424146356
                    },
                    {
                        "x": 1420.629507966032,
                        "y": 753.9709673985453
                    },
                    {
                        "x": 1413.4668086234105,
                        "y": 750.3871923824552
                    },
                    {
                        "x": 1407.7366819375488,
                        "y": 747.5201887748032
                    },
                    {
                        "x": 1402.006500604628,
                        "y": 740.3526387426227
                    },
                    {
                        "x": 1396.9926329236166,
                        "y": 733.901832776847
                    },
                    {
                        "x": 1392.6950242474556,
                        "y": 728.1677982195093
                    },
                    {
                        "x": 1384.0997522480745,
                        "y": 720.283517791941
                    },
                    {
                        "x": 1374.0719622389927,
                        "y": 713.8326981551486
                    },
                    {
                        "x": 1366.9092628963713,
                        "y": 708.0986499267942
                    },
                    {
                        "x": 1358.3140455440491,
                        "y": 706.6651481229682
                    },
                    {
                        "x": 1352.5838642111282,
                        "y": 703.0813731068779
                    },
                    {
                        "x": 1349.718828191727,
                        "y": 698.0640826159449
                    },
                    {
                        "x": 1346.8537375252668,
                        "y": 694.4803075998547
                    },
                    {
                        "x": 1340.4072971874955,
                        "y": 692.3300480586073
                    },
                    {
                        "x": 1332.5283388400237,
                        "y": 690.8965325837645
                    },
                    {
                        "x": 1326.798157507103,
                        "y": 688.746273042517
                    },
                    {
                        "x": 1318.9191991596313,
                        "y": 694.4803075998547
                    },
                    {
                        "x": 1309.6076681553998,
                        "y": 698.7808676953998
                    },
                    {
                        "x": 1303.877541469538,
                        "y": 705.9484177275801
                    },
                    {
                        "x": 1298.1473601366172,
                        "y": 710.9656808764797
                    },
                    {
                        "x": 1291.7009197988461,
                        "y": 715.9829576963959
                    },
                    {
                        "x": 1285.9707931129844,
                        "y": 721.7170059247504
                    },
                    {
                        "x": 1280.2406117800635,
                        "y": 726.7342827446665
                    },
                    {
                        "x": 1276.659262108753,
                        "y": 732.4076973535339
                    },
                    {
                        "x": 1270.9291354228912,
                        "y": 740.291991452119
                    },
                    {
                        "x": 1268.0640447564308,
                        "y": 745.3092819430519
                    },
                    {
                        "x": 1263.0501224283603,
                        "y": 748.1762992217207
                    },
                    {
                        "x": 1254.4549050760384,
                        "y": 753.910347450075
                    },
                    {
                        "x": 1248.008464738267,
                        "y": 758.2108938746034
                    },
                    {
                        "x": 1237.9806747291852,
                        "y": 761.7946552196768
                    },
                    {
                        "x": 1228.669198372013,
                        "y": 764.6616588273289
                    },
                    {
                        "x": 1217.9251493580807,
                        "y": 768.2454201724023
                    },
                    {
                        "x": 1200.7346600063775,
                        "y": 767.5286897770145
                    },
                    {
                        "x": 1181.3953936401233,
                        "y": 769.678949318262
                    },
                    {
                        "x": 1170.651344626191,
                        "y": 771.1124647931047
                    },
                    {
                        "x": 1161.3398136219596,
                        "y": 771.1124647931047
                    },
                    {
                        "x": 1153.4608552744878,
                        "y": 768.9621915808406
                    },
                    {
                        "x": 1149.1632465983269,
                        "y": 767.5286897770145
                    },
                    {
                        "x": 1143.4331199124651,
                        "y": 762.5113992860815
                    },
                    {
                        "x": 1136.986624927635,
                        "y": 772.5459665969307
                    },
                    {
                        "x": 1136.986624927635,
                        "y": 778.9967725627064
                    },
                    {
                        "x": 1137.7029112560147,
                        "y": 787.5978243987129
                    },
                    {
                        "x": 1132.6890435750036,
                        "y": 794.0486166934719
                    },
                    {
                        "x": 1125.526316908852,
                        "y": 799.782678592843
                    },
                    {
                        "x": 1133.405275256324,
                        "y": 809.1005018372877
                    },
                    {
                        "x": 1129.1076665801631,
                        "y": 815.5512804610299
                    },
                    {
                        "x": 1123.3774852472422,
                        "y": 817.7015400022773
                    },
                    {
                        "x": 1119.0798765710813,
                        "y": 813.4010209197825
                    },
                    {
                        "x": 1114.7822678949203,
                        "y": 816.9847959358727
                    },
                    {
                        "x": 1111.2009182236095,
                        "y": 822.0020590847721
                    },
                    {
                        "x": 1111.2009182236095,
                        "y": 827.7361209841432
                    },
                    {
                        "x": 1109.0520865619994,
                        "y": 832.7533841330427
                    },
                    {
                        "x": 1106.1870505425982,
                        "y": 838.4874460324139
                    },
                    {
                        "x": 1104.038218880988,
                        "y": 842.7879651149087
                    },
                    {
                        "x": 1100.4568692096773,
                        "y": 846.3717401309989
                    },
                    {
                        "x": 1093.2941698670559,
                        "y": 845.6549960645942
                    },
                    {
                        "x": 1088.9965338673653,
                        "y": 844.2214805897514
                    },
                    {
                        "x": 1087.5640158576648,
                        "y": 847.0884841974035
                    },
                    {
                        "x": 1093.2941698670559,
                        "y": 853.5392901631793
                    },
                    {
                        "x": 1095.443001528666,
                        "y": 859.2733247205169
                    },
                    {
                        "x": 1096.1592605335163,
                        "y": 866.4408747526974
                    },
                    {
                        "x": 1094.7266878767566,
                        "y": 875.7586843261251
                    },
                    {
                        "x": 1093.2941698670559,
                        "y": 883.6430057667437
                    },
                    {
                        "x": 1093.2941698670559,
                        "y": 892.244071273767
                    },
                    {
                        "x": 1091.1453382054458,
                        "y": 899.4116213059474
                    },
                    {
                        "x": 1087.5640158576648,
                        "y": 908.7294308793751
                    },
                    {
                        "x": 1083.9826388628244,
                        "y": 918.6427309512502
                    },
                    {
                        "x": 1081.8338618482735,
                        "y": 928.6772982620994
                    },
                    {
                        "x": 1078.2525121769627,
                        "y": 945.1626578677075
                    },
                    {
                        "x": 1073.9549035008017,
                        "y": 953.046992979343
                    },
                    {
                        "x": 1065.3596315014204,
                        "y": 964.5150484230014
                    },
                    {
                        "x": 1059.629504815559,
                        "y": 971.6825984551818
                    },
                    {
                        "x": 1056.048155144248,
                        "y": 979.5669062247837
                    },
                    {
                        "x": 1051.0342328161776,
                        "y": 984.5841830446999
                    },
                    {
                        "x": 1043.8715334735562,
                        "y": 988.16795806079
                    },
                    {
                        "x": 1030.978707445073,
                        "y": 994.6187640265658
                    },
                    {
                        "x": 1023.0996944505422,
                        "y": 997.485767634218
                    },
                    {
                        "x": 1014.5044770982201,
                        "y": 999.6360545174989
                    },
                    {
                        "x": 1006.6255187507484,
                        "y": 1000.3527985839036
                    },
                    {
                        "x": 1000.8953374178276,
                        "y": 1004.6533176663982
                    },
                    {
                        "x": 996.5977287416665,
                        "y": 1004.6533176663982
                    },
                    {
                        "x": 990.1512884038954,
                        "y": 1013.9711545818598
                    },
                    {
                        "x": 988.7187703941947,
                        "y": 1018.988417730759
                    },
                    {
                        "x": 988.7187703941947,
                        "y": 1024.7224796301302
                    },
                    {
                        "x": 991.5838610606552,
                        "y": 1031.1732582538725
                    },
                    {
                        "x": 994.4488970800564,
                        "y": 1035.4738046784007
                    },
                    {
                        "x": 994.4488970800564,
                        "y": 1045.5083583182334
                    },
                    {
                        "x": 993.7326380752061,
                        "y": 1049.0921333343235
                    },
                    {
                        "x": 993.0163790703558,
                        "y": 1057.6931988413467
                    },
                    {
                        "x": 993.7326380752061,
                        "y": 1064.1440048071224
                    },
                    {
                        "x": 998.0302467513671,
                        "y": 1067.0110084147743
                    },
                    {
                        "x": 999.462819408127,
                        "y": 1071.3115548393027
                    },
                    {
                        "x": 998.0302467513671,
                        "y": 1077.0455893966405
                    },
                    {
                        "x": 995.8814697368163,
                        "y": 1080.6293644127306
                    },
                    {
                        "x": 991.5838610606552,
                        "y": 1080.6293644127306
                    },
                    {
                        "x": 987.286197737435,
                        "y": 1078.4791048714833
                    },
                    {
                        "x": 984.4211617180338,
                        "y": 1073.46181438055
                    },
                    {
                        "x": 980.1234983948135,
                        "y": 1065.5774929399317
                    },
                    {
                        "x": 977.9747213802626,
                        "y": 1059.1267143161895
                    },
                    {
                        "x": 977.2584623754124,
                        "y": 1051.2423928755709
                    },
                    {
                        "x": 976.5421487235028,
                        "y": 1043.3580987769858
                    },
                    {
                        "x": 975.1096307138022,
                        "y": 1036.90729281121
                    },
                    {
                        "x": 974.3933717089519,
                        "y": 1029.022998712625
                    },
                    {
                        "x": 974.3933717089519,
                        "y": 1020.4219332056018
                    },
                    {
                        "x": 975.1096307138022,
                        "y": 1011.1041236321739
                    },
                    {
                        "x": 976.5421487235028,
                        "y": 1005.3700890748365
                    },
                    {
                        "x": 979.4072393899633,
                        "y": 997.485767634218
                    },
                    {
                        "x": 985.8536797277344,
                        "y": 990.3182312730543
                    },
                    {
                        "x": 992.3001200655056,
                        "y": 988.16795806079
                    },
                    {
                        "x": 999.462819408127,
                        "y": 983.8674253072785
                    },
                    {
                        "x": 1006.6255187507484,
                        "y": 981.0004080286096
                    },
                    {
                        "x": 1013.7882180933698,
                        "y": 978.8501484873623
                    },
                    {
                        "x": 1013.7882180933698,
                        "y": 979.5669062247837
                    },
                    {
                        "x": 1018.8020857743811,
                        "y": 986.7344562569641
                    },
                    {
                        "x": 1025.9647851170025,
                        "y": 981.7171931080645
                    },
                    {
                        "x": 1033.127484459624,
                        "y": 976.6998752750981
                    },
                    {
                        "x": 1038.8576657925448,
                        "y": 970.9658680597938
                    },
                    {
                        "x": 1046.0203651351662,
                        "y": 964.5150484230014
                    },
                    {
                        "x": 1053.899323482638,
                        "y": 954.4804811121521
                    },
                    {
                        "x": 1058.9131911636493,
                        "y": 944.4459138013028
                    },
                    {
                        "x": 1063.9271134917199,
                        "y": 936.5616060317012
                    },
                    {
                        "x": 1068.2247221678808,
                        "y": 927.2437827872567
                    },
                    {
                        "x": 1073.2385898488922,
                        "y": 917.9259732138288
                    },
                    {
                        "x": 1076.819939520203,
                        "y": 908.6081499693842
                    },
                    {
                        "x": 1081.1176028434231,
                        "y": 897.8568249211136
                    },
                    {
                        "x": 1086.1314705244345,
                        "y": 879.2212057742579
                    },
                    {
                        "x": 1086.8477295292848,
                        "y": 869.9033825298134
                    },
                    {
                        "x": 1086.8477295292848,
                        "y": 862.0190815957199
                    },
                    {
                        "x": 1083.9826388628244,
                        "y": 859.1520574815427
                    },
                    {
                        "x": 1081.8338618482735,
                        "y": 857.1230651792696
                    },
                    {
                        "x": 1075.3874215105022,
                        "y": 855.6895497044268
                    },
                    {
                        "x": 1070.3735538294911,
                        "y": 852.8225460967747
                    },
                    {
                        "x": 1064.6433724965702,
                        "y": 854.256034229584
                    },
                    {
                        "x": 1058.9131911636493,
                        "y": 854.256034229584
                    },
                    {
                        "x": 1053.899323482638,
                        "y": 854.256034229584
                    },
                    {
                        "x": 1049.601714806477,
                        "y": 852.1057746883365
                    },
                    {
                        "x": 1046.0203651351662,
                        "y": 847.0884841974035
                    },
                    {
                        "x": 1046.0203651351662,
                        "y": 842.7879651149087
                    },
                    {
                        "x": 1048.8854558016267,
                        "y": 837.0539305575711
                    },
                    {
                        "x": 1049.601714806477,
                        "y": 830.6031245917953
                    },
                    {
                        "x": 1048.8854558016267,
                        "y": 824.8690900344577
                    },
                    {
                        "x": 1043.1552744687058,
                        "y": 823.4355745596149
                    },
                    {
                        "x": 1038.8576657925448,
                        "y": 825.5858341008624
                    },
                    {
                        "x": 1035.9925751260844,
                        "y": 834.1868996078855
                    },
                    {
                        "x": 1032.4112254547738,
                        "y": 839.2041900988185
                    },
                    {
                        "x": 1030.978707445073,
                        "y": 844.9382246561561
                    },
                    {
                        "x": 1028.829875783463,
                        "y": 849.9555151470892
                    },
                    {
                        "x": 1025.9647851170025,
                        "y": 854.256034229584
                    },
                    {
                        "x": 1020.9509174359913,
                        "y": 857.1230651792696
                    },
                    {
                        "x": 1015.9369951079208,
                        "y": 858.5565806541123
                    },
                    {
                        "x": 1012.35564543661,
                        "y": 856.4063211128648
                    },
                    {
                        "x": 1010.9231274269094,
                        "y": 853.5392901631793
                    },
                    {
                        "x": 1009.4906094172088,
                        "y": 847.0884841974035
                    },
                    {
                        "x": 1007.3417777555987,
                        "y": 842.7879651149087
                    },
                    {
                        "x": 1007.3417777555987,
                        "y": 837.7706746239757
                    },
                    {
                        "x": 1008.7742957652993,
                        "y": 832.0366400666381
                    },
                    {
                        "x": 1016.6533087598302,
                        "y": 827.7361209841432
                    },
                    {
                        "x": 1022.3834354456918,
                        "y": 822.7188304932102
                    },
                    {
                        "x": 1028.1136167786126,
                        "y": 811.9675054449398
                    },
                    {
                        "x": 1033.127484459624,
                        "y": 803.3664399379165
                    },
                    {
                        "x": 1035.9925751260844,
                        "y": 797.6323917095622
                    },
                    {
                        "x": 1038.1414067876945,
                        "y": 791.1815994148031
                    },
                    {
                        "x": 1037.4250931357851,
                        "y": 786.8810666612915
                    },
                    {
                        "x": 1034.5600571163839,
                        "y": 783.2972916452013
                    },
                    {
                        "x": 1033.127484459624,
                        "y": 776.8464993504423
                    },
                    {
                        "x": 1036.7088341309347,
                        "y": 769.678949318262
                    },
                    {
                        "x": 1039.5739247973952,
                        "y": 766.8119593816266
                    },
                    {
                        "x": 1041.7227564590053,
                        "y": 760.3611397448341
                    },
                    {
                        "x": 1042.4390154638556,
                        "y": 755.3438492539011
                    },
                    {
                        "x": 1044.5877924784065,
                        "y": 748.1762992217207
                    },
                    {
                        "x": 1047.452883144867,
                        "y": 746.7427974178947
                    },
                    {
                        "x": 1056.7644141490985,
                        "y": 744.5925242056304
                    },
                    {
                        "x": 1052.4668054729375,
                        "y": 737.4249741734501
                    },
                    {
                        "x": 1049.601714806477,
                        "y": 731.6909396161125
                    },
                    {
                        "x": 1046.7366241400166,
                        "y": 726.6736491251794
                    },
                    {
                        "x": 1036.7088341309347,
                        "y": 707.4425258088598
                    },
                    {
                        "x": 1030.978707445073,
                        "y": 698.1247162354321
                    },
                    {
                        "x": 1025.9647851170025,
                        "y": 686.6566471207568
                    },
                    {
                        "x": 1020.2346584311409,
                        "y": 675.1885506640481
                    },
                    {
                        "x": 1014.5044770982201,
                        "y": 665.1539970242155
                    },
                    {
                        "x": 1010.9231274269094,
                        "y": 656.5529315171924
                    },
                    {
                        "x": 1003.7604280842879,
                        "y": 650.8188969598548
                    },
                    {
                        "x": 997.3139877465169,
                        "y": 645.8016064689218
                    },
                    {
                        "x": 993.0163790703558,
                        "y": 642.2178314528315
                    },
                    {
                        "x": 986.5699387325847,
                        "y": 639.350800503146
                    },
                    {
                        "x": 984.4211617180338,
                        "y": 634.3335373542466
                    },
                    {
                        "x": 983.7048480661242,
                        "y": 627.1660009930829
                    },
                    {
                        "x": 984.4211617180338,
                        "y": 617.8481640776215
                    },
                    {
                        "x": 987.286197737435,
                        "y": 607.8135830957556
                    },
                    {
                        "x": 989.4350293990451,
                        "y": 599.2125312597491
                    },
                    {
                        "x": 990.1512884038954,
                        "y": 590.611465752726
                    },
                    {
                        "x": 990.8675474087457,
                        "y": 583.4439157205455
                    },
                    {
                        "x": 990.8675474087457,
                        "y": 576.9931507678201
                    },
                    {
                        "x": 987.286197737435,
                        "y": 572.692590672275
                    },
                    {
                        "x": 982.988589061274,
                        "y": 568.3920579187633
                    },
                    {
                        "x": 976.5421487235028,
                        "y": 565.5250406400945
                    },
                    {
                        "x": 975.8258897186525,
                        "y": 559.0742483453355
                    },
                    {
                        "x": 974.3933717089519,
                        "y": 553.3402137879979
                    },
                    {
                        "x": 973.6771127041017,
                        "y": 547.6061655596435
                    },
                    {
                        "x": 965.0818407047203,
                        "y": 545.455906018396
                    },
                    {
                        "x": 958.6354003669493,
                        "y": 543.3056328061319
                    },
                    {
                        "x": 953.621532685938,
                        "y": 543.3056328061319
                    },
                    {
                        "x": 947.8913513530171,
                        "y": 546.8894078222221
                    },
                    {
                        "x": 944.3100016817064,
                        "y": 551.9066983131551
                    },
                    {
                        "x": 937.8636159909944,
                        "y": 552.6234560505765
                    },
                    {
                        "x": 930.700916648373,
                        "y": 551.1899405757338
                    },
                    {
                        "x": 924.2544763106018,
                        "y": 548.3229232970649
                    },
                    {
                        "x": 914.22668630152,
                        "y": 540.5598827664372
                    },
                    {
                        "x": 907.0639869588986,
                        "y": 530.5253291266048
                    },
                    {
                        "x": 901.3338056259778,
                        "y": 523.3577790944245
                    },
                    {
                        "x": 894.8874199352658,
                        "y": 514.0399421789631
                    },
                    {
                        "x": 890.5897566120456,
                        "y": 506.8723921467828
                    },
                    {
                        "x": 886.2921479358846,
                        "y": 498.271353981793
                    },
                    {
                        "x": 883.4270572694242,
                        "y": 487.5200289335224
                    },
                    {
                        "x": 887.7247205926444,
                        "y": 478.20219201806106
                    },
                    {
                        "x": 895.6036789401161,
                        "y": 475.33518841040905
                    },
                    {
                        "x": 908.4965049685992,
                        "y": 481.0692229677466
                    },
                    {
                        "x": 914.9429453063703,
                        "y": 486.80325752508423
                    },
                    {
                        "x": 922.821903653842,
                        "y": 492.5372920824219
                    },
                    {
                        "x": 931.4171756532232,
                        "y": 501.85512899788324
                    },
                    {
                        "x": 942.8774836720057,
                        "y": 509.02267903006367
                    },
                    {
                        "x": 953.621532685938,
                        "y": 515.4734576538059
                    },
                    {
                        "x": 962.9330636901694,
                        "y": 521.2074922111435
                    },
                    {
                        "x": 972.2445400473418,
                        "y": 526.9415541105146
                    },
                    {
                        "x": 977.9747213802626,
                        "y": 531.2420731930094
                    },
                    {
                        "x": 988.7187703941947,
                        "y": 534.8258482090997
                    },
                    {
                        "x": 994.4488970800564,
                        "y": 533.3923327342569
                    },
                    {
                        "x": 999.462819408127,
                        "y": 527.6582981769193
                    },
                    {
                        "x": 1001.6115964226778,
                        "y": 521.9242636195817
                    },
                    {
                        "x": 1003.0441690794377,
                        "y": 516.9069731286487
                    },
                    {
                        "x": 1007.3417777555987,
                        "y": 512.6064540461539
                    },
                    {
                        "x": 1013.7882180933698,
                        "y": 513.3231981125585
                    },
                    {
                        "x": 1020.2346584311409,
                        "y": 516.190229062244
                    },
                    {
                        "x": 1024.532267107302,
                        "y": 518.3404886034915
                    },
                    {
                        "x": 1025.9647851170025,
                        "y": 524.074523160829
                    },
                    {
                        "x": 1021.6671764408416,
                        "y": 527.6582981769193
                    },
                    {
                        "x": 1017.3695677646806,
                        "y": 530.5253291266048
                    },
                    {
                        "x": 1013.0719590885195,
                        "y": 534.8258482090997
                    },
                    {
                        "x": 1013.7882180933698,
                        "y": 541.2766541748755
                    },
                    {
                        "x": 1019.5183447792315,
                        "y": 544.8604291909655
                    },
                    {
                        "x": 1028.1136167786126,
                        "y": 548.4442042070558
                    },
                    {
                        "x": 1037.4250931357851,
                        "y": 554.1782387643934
                    },
                    {
                        "x": 1046.0203651351662,
                        "y": 559.9122733217312
                    },
                    {
                        "x": 1056.7644141490985,
                        "y": 564.9295638126641
                    },
                    {
                        "x": 1071.0898128343413,
                        "y": 572.753224291762
                    },
                    {
                        "x": 1081.1176028434231,
                        "y": 578.4872588490997
                    },
                    {
                        "x": 1089.7128201957453,
                        "y": 583.5045493400327
                    },
                    {
                        "x": 1097.591778543217,
                        "y": 588.5218398309656
                    },
                    {
                        "x": 1104.038218880988,
                        "y": 594.2558743883033
                    },
                    {
                        "x": 1115.4985268997705,
                        "y": 605.0071994365738
                    },
                    {
                        "x": 1121.2287082326914,
                        "y": 606.4407149114168
                    },
                    {
                        "x": 1128.3914075753128,
                        "y": 596.4061339295507
                    },
                    {
                        "x": 1131.9727572466236,
                        "y": 588.5218398309656
                    },
                    {
                        "x": 1143.433065265406,
                        "y": 577.770514782695
                    },
                    {
                        "x": 1151.3120236128777,
                        "y": 570.6029647505146
                    },
                    {
                        "x": 1159.1909819603495,
                        "y": 562.0018992434915
                    },
                    {
                        "x": 1165.6374222981206,
                        "y": 555.5511206197491
                    },
                    {
                        "x": 1172.0838626358918,
                        "y": 552.6840896700636
                    },
                    {
                        "x": 1177.0977303169032,
                        "y": 551.2505741952208
                    },
                    {
                        "x": 1182.8279116498238,
                        "y": 549.1003146539733
                    },
                    {
                        "x": 1188.5580929827447,
                        "y": 554.8343492113111
                    },
                    {
                        "x": 1192.8557016589057,
                        "y": 559.1348956358394
                    },
                    {
                        "x": 1195.0044786734566,
                        "y": 565.5856742595815
                    },
                    {
                        "x": 1197.1533103350669,
                        "y": 572.753224291762
                    },
                    {
                        "x": 1200.018401001527,
                        "y": 577.770514782695
                    },
                    {
                        "x": 1202.8834916679875,
                        "y": 586.3715802897182
                    },
                    {
                        "x": 1212.9112270300102,
                        "y": 581.3542897987852
                    },
                    {
                        "x": 1220.7902400245412,
                        "y": 576.3369993078522
                    },
                    {
                        "x": 1227.9529393671626,
                        "y": 574.9034838330094
                    },
                    {
                        "x": 1234.3993250578746,
                        "y": 573.4699957002002
                    },
                    {
                        "x": 1241.562024400496,
                        "y": 576.3369993078522
                    },
                    {
                        "x": 1248.008464738267,
                        "y": 579.2040302575377
                    },
                    {
                        "x": 1253.738646071188,
                        "y": 581.3542897987852
                    },
                    {
                        "x": 1254.4549050760384,
                        "y": 592.8223589134606
                    },
                    {
                        "x": 1265.1989540899704,
                        "y": 594.2558743883033
                    },
                    {
                        "x": 1269.4965627661315,
                        "y": 588.5218398309656
                    },
                    {
                        "x": 1270.9291354228912,
                        "y": 581.3542897987852
                    },
                    {
                        "x": 1272.3616534325918,
                        "y": 574.9034838330094
                    },
                    {
                        "x": 1273.0779124374421,
                        "y": 567.0191897344245
                    },
                    {
                        "x": 1279.5243527752134,
                        "y": 560.5683837686486
                    },
                    {
                        "x": 1281.6731844368235,
                        "y": 556.9846087525584
                    },
                    {
                        "x": 1283.8219614513744,
                        "y": 549.817058720378
                    },
                    {
                        "x": 1287.403311122685,
                        "y": 539.7824914095288
                    },
                    {
                        "x": 1290.2684017891454,
                        "y": 531.1814395735224
                    },
                    {
                        "x": 1293.1334924556058,
                        "y": 525.4473913451681
                    },
                    {
                        "x": 1295.2822694701567,
                        "y": 518.996599050409
                    },
                    {
                        "x": 1300.2961917982273,
                        "y": 514.6960662968974
                    }
                ],
                "resin": 3,
                "browning": true
            }
        ],
        "object_id": "B_c10_A_3_5_22-09-21-10-29-1031"
    },
    "Metadata": {
        "Images": {
            "object_id": "B_c10_A_3_5_22-09-21-10-29-1031",
            "path": "1.Traning_원천데이터_마디_미수정암꽃",
            "width": 2000,
            "height": 1500
        },
        "environment": {
            "area_id": "B",
            "hemp_id": "B_c10_A_3",
            "area_temp": 25.6,
            "area_hum": 99,
            "area_co2": 247,
            "area_Illum": 150,
            "water_temp": 21.2,
            "water_ec": 4.4,
            "water_ph": 4.7
        },
        "Growth Info": {
            "period": 91,
            "length": 82.6,
            "node_number": 24,
            "node_length": 3.4,
            "root_round": 25
        }
    }
}